OriginalSample	region	missingness	PC1_ref	PC2_ref	mean_dx	mean_dy	displacement	n
1000_Tornio_7_134	Finland	M0.40	0.0556	-0.0088	0.000846000000000004	-0.000493999999999999	0.000979669331968703	100
1001_Tornio_7_135	Finland	M0.40	0.0575	-0.017	0.000103999999999998	-0.000427999999999999	0.000440454310910903	100
1002_Tornio_7_141	Finland	M0.40	0.0687	-0.0117	6.10000000000031e-05	-0.000636	0.000638918617665818	100
1003_Tornio_7_156	Finland	M0.40	0.0645	-0.0151	0.000229999999999998	-0.000512999999999999	0.000562200142298095	100
1004_Tornio_7_181	Finland	M0.40	0.0611	-0.0125	0.000717999999999998	-0.000432999999999999	0.000838458705005796	100
1005_Tornio_7_202	Finland	M0.40	0.0536	-0.0114	0.000168999999999998	-0.000671	0.00069195520086202	100
1006_Tornio_7_205	Finland	M0.40	0.0604	-0.0103	0.000274999999999998	-0.00022	0.000352171833058805	100
1007_Tornio_7_207	Finland	M0.40	0.0567	-0.0127	0.000815	0.000439999999999999	0.000926188425753636	100
1008_Tornio_7_218	Finland	M0.40	0.0632	-0.0138	-0.000287000000000006	-9.40000000000003e-05	0.000302001655624607	100
1009_Tornio_7_238	Finland	M0.40	0.0555	-0.0165	0.000727999999999999	-0.000527999999999999	0.000899315295099554	100
1010_Tornio_7_246	Finland	M0.40	0.0588	-0.0102	0.000559000000000002	-0.000325999999999999	0.000647114363926502	100
1011_Tornio_7_267	Finland	M0.40	0.0583	-0.012	0.000360000000000003	0.000239	0.000432112253934093	100
1012_Tornio_7_276	Finland	M0.40	0.0592	-0.0158	0.000265999999999997	-0.000211999999999999	0.000340147027033896	100
1013_Tornio_7_279	Finland	M0.40	0.0581	-0.0119	0.000298000000000001	-0.000351999999999999	0.000461202775360253	100
10_172	Spain-Atl	M0.40	1e-04	0.0425	-5.8e-05	0.000986999999999997	0.000988702685340742	100
10_173	Spain-Atl	M0.40	-0.0051	0.034	0.000429	0.000471999999999998	0.000637828346814406	100
10_174	Spain-Atl	M0.40	4e-04	0.0411	-0.000173	0.001317	0.00132831396890946	100
10_175	Spain-Atl	M0.40	-0.0024	0.039	-0.000117	0.00078	0.000788726188230111	100
10_176	Spain-Atl	M0.40	0.0044	0.0394	0.000413	0.000809000000000003	0.000908322629906359	100
10_177	Spain-Atl	M0.40	3e-04	0.0486	-0.000192	0.000860000000000002	0.000881171946897996	100
10_178	Spain-Atl	M0.40	9e-04	0.0476	-0.000516	0.000408999999999996	0.000658435266370201	100
10_179	Spain-Atl	M0.40	0.0047	0.0348	0.000413	0.001135	0.00120780544790956	100
10_180	Spain-Atl	M0.40	-0.0014	0.0438	0.000226	0.001517	0.00153374215564416	100
10_181	Spain-Atl	M0.40	0.0053	0.0354	-0.000116	0.001112	0.00111803398874989	100
10_182	Spain-Atl	M0.40	-3e-04	0.0381	-0.000126	0.001169	0.00117577081100017	100
10_183	Spain-Atl	M0.40	1e-04	0.0444	1.1e-05	0.000514999999999998	0.00051511746233262	100
10_184	Spain-Atl	M0.40	0.0012	0.0495	0.000198	0.001284	0.00129917666235197	100
10_185	Spain-Atl	M0.40	0.0018	0.0434	-0.000335	0.001409	0.00144827690722458	100
10_186	Spain-Atl	M0.40	0.0037	0.0452	-0.000332	0.000766000000000003	0.000834853280522994	100
10_187	Spain-Atl	M0.40	0.0061	0.0466	-0.00014	0.000945999999999998	0.000956303299168206	100
10_188	Spain-Atl	M0.40	-0.0043	0.0469	6.7e-05	0.001138	0.00113997061365634	100
11_189	UK-Scotland	M0.40	9e-04	-7e-04	-6.99999999999992e-06	0.000369	0.000369066389691611	100
11_190	UK-Scotland	M0.40	0	0.0086	7.8e-05	0.000433	0.000439969317112	100
11_191	UK-Scotland	M0.40	-0.0011	0.0077	-4.39999999999999e-05	0.000193	0.000197952014387325	100
11_192	UK-Scotland	M0.40	0.0053	0.0051	0.000474	-0.000248	0.000534957942272101	100
11_193	UK-Scotland	M0.40	0.0105	0.0048	0.000884999999999999	0.000264	0.000923537221772896	100
11_194	UK-Scotland	M0.40	0.0074	0.0035	0.000239	4.4e-05	0.000243016460347853	100
11_195	UK-Scotland	M0.40	-0.0011	-0.003	1.10000000000001e-05	-0.000825	0.000825073330074364	100
11_196	UK-Scotland	M0.40	-0.0052	0.0049	-5.70000000000002e-05	2.10000000000002e-05	6.074537019395e-05	100
11_197	UK-Scotland	M0.40	0.0022	0.0023	1.19999999999999e-05	0.000278	0.000278258872275441	100
11_198	UK-Scotland	M0.40	0.0043	0.0079	-0.000523	0.000473999999999999	0.000705836383307066	100
11_199	UK-Scotland	M0.40	-0.0041	-3e-04	-0.000144	0.000574	0.000591787123888312	100
11_200	UK-Scotland	M0.40	-0.0028	3e-04	-0.000143	-5.79999999999999e-05	0.000154314613695528	100
11_201	UK-Scotland	M0.40	-0.0039	0.007	5.69999999999998e-05	0.000217	0.000224361315738698	100
11_202	UK-Scotland	M0.40	0.008	0.0035	0.000374	-0.000423	0.000564628196249532	100
11_203	UK-Scotland	M0.40	-0.002	0.0086	0.000159	0.000387	0.000418389770429441	100
11_204	UK-Scotland	M0.40	-0.0037	0.0048	-2.99999999999998e-05	5.40000000000004e-05	6.17737808459223e-05	100
12_235	UK-Scotland	M0.40	8e-04	0.0018	-0.000176	-5.29999999999999e-05	0.000183806963959476	100
12_236	UK-Scotland	M0.40	0.0096	0.0041	0.000479000000000001	6.29999999999996e-05	0.000483125242561389	100
12_237	UK-Scotland	M0.40	-0.0052	0.0088	-8.60000000000002e-05	0.000747	0.000751934172650771	100
12_238	UK-Scotland	M0.40	0.0046	0.0067	5.80000000000001e-05	-6.60000000000002e-05	8.78635305459554e-05	100
12_239	UK-Scotland	M0.40	0.0065	0.004	0.000194	-0.000127	0.000231872809962704	100
12_240	UK-Scotland	M0.40	-8e-04	0.0036	-3e-04	0.000534	0.000612499795918333	100
12_241	UK-Scotland	M0.40	-0.003	0.0069	8.90000000000001e-05	0.00014	0.000165894544816881	100
12_242	UK-Scotland	M0.40	-0.002	-0.0016	-6.79999999999999e-05	0.000163	0.000176615401366925	100
12_243	UK-Scotland	M0.40	-0.0055	0.0078	-2.30000000000003e-05	0.000392	0.000392674165180242	100
12_244	UK-Scotland	M0.40	0.0041	0.0102	-0.000396	7.29999999999993e-05	0.000402672323359826	100
12_245	UK-Scotland	M0.40	0.0038	0.005	0.000591	0.000818	0.001009160542233	100
12_246	UK-Scotland	M0.40	0.0013	0.004	2.70000000000001e-05	0.000804	0.000804453230461535	100
12_247	UK-Scotland	M0.40	-0.0076	0.007	6.4e-05	0.000148	0.000161245154965971	100
12_248	UK-Scotland	M0.40	0.0056	0.009	0.000214	0.000238000000000001	0.000320062493897677	100
12_249	UK-Scotland	M0.40	0.0047	0.0057	0.000213	0.000414	0.000465580283087675	100
12_250	UK-Scotland	M0.40	-0.0011	-9e-04	-0.000435	0.000148	0.000459487758270011	100
13_251	Spain-Atl	M0.40	-0.0042	0.0309	-0.000179	0.001219	0.0012320722381419	100
14_252	Spain-Atl	M0.40	6e-04	0.0403	-4.99999999999999e-05	0.000626999999999998	0.000628990460976951	100
14_253	Spain-Atl	M0.40	0.0017	0.0322	0.000386	0.001408	0.00145995205400725	100
14_254	Spain-Atl	M0.40	7e-04	0.0458	0.000429	0.000731999999999999	0.00084844858418174	100
14_255	Spain-Atl	M0.40	-0.0027	0.0284	0.000141	0.000780999999999998	0.00079362585643362	100
14_256	Spain-Atl	M0.40	0.0014	0.0396	0.000143	0.000676999999999997	0.000691937858481523	100
15_257	Spain-Atl	M0.40	0.0046	0.0364	-3.7e-05	0.000532999999999998	0.000534282696706526	100
15_258	Spain-Atl	M0.40	2e-04	0.0393	-0.000522	0.001365	0.00146140651428683	100
15_259	Spain-Atl	M0.40	0.0045	0.0421	0.000174	0.000899000000000001	0.000915683897423124	100
15_260	Spain-Atl	M0.40	0.0023	0.0416	0.000497	0.001007	0.00112296838780083	100
15_261	Spain-Atl	M0.40	-0.0022	0.035	-0.000403	0.000832999999999997	0.000925363712277499	100
15_262	Spain-Atl	M0.40	0.0011	0.0429	-0.000352	0.001063	0.00111976470742741	100
15_263	Spain-Atl	M0.40	-8e-04	0.0442	-6.3e-05	0.000525999999999997	0.000529759379341222	100
15_264	Spain-Atl	M0.40	0.0014	0.0447	-0.000372	0.001107	0.0011678326078681	100
15_265	Spain-Atl	M0.40	-1e-04	0.0439	-9.9e-05	0.001065	0.00106959151081149	100
15_266	Spain-Atl	M0.40	-0.0072	0.0478	-0.000124	0.000886999999999998	0.000895625479762605	100
15_267	Spain-Atl	M0.40	0.0038	0.0423	0.000212	0.001086	0.00110649898328015	100
15_268	Spain-Atl	M0.40	0.0026	0.0422	-0.000259	0.000815999999999999	0.000856117398491584	100
16_269	Spain-Atl	M0.40	-0.0036	0.0416	-0.000189	0.000712000000000002	0.000736657993915768	100
16_270	Spain-Atl	M0.40	-0.0017	0.0438	0.000211	0.001016	0.00103767865931607	100
16_271	Spain-Atl	M0.40	0.0015	0.0402	-0.000206	0.000695	0.00072488688772801	100
16_272	Spain-Atl	M0.40	0.0011	0.0477	5.69999999999999e-05	0.001025	0.00102658365465266	100
16_273	Spain-Atl	M0.40	-0.0022	0.0465	0.000271	0.00088	0.00092078281912729	100
16_274	Spain-Atl	M0.40	0.0028	0.0505	-0.000104	0.000912999999999997	0.00091890423875396	100
16_275	Spain-Atl	M0.40	-0.0029	0.0443	0.000115	0.000565000000000001	0.000576584772605036	100
16_276	Spain-Atl	M0.40	0.0068	0.0426	0.000308	0.001441	0.00147354843829445	100
16_277	Spain-Atl	M0.40	-0.001	0.0373	0.000172	0.001093	0.00110645063152406	100
16_278	Spain-Atl	M0.40	0.0025	0.0351	5.89999999999999e-05	0.000601000000000001	0.000603889062659692	100
16_279	Spain-Atl	M0.40	-0.0026	0.0496	0.000687	0.001059	0.00126231929399816	100
16_280	Spain-Atl	M0.40	0.0016	0.0431	0.000274	0.001305	0.00133345453615787	100
16_281	Spain-Atl	M0.40	0.0083	0.0438	0.000344	0.000646000000000001	0.000731882504231384	100
16_282	Spain-Atl	M0.40	5e-04	0.0409	0.000649	0.001244	0.00140311688750439	100
1_1	Spain-Atl	M0.40	0.0027	0.034	-0.000482	0.000402999999999998	0.000628277804796571	100
1_10	Spain-Atl	M0.40	0.0046	0.04	0.000392	0.000975999999999999	0.0010517794445605	100
1_11	Spain-Atl	M0.40	-0.001	0.0378	-0.000666	0.000977999999999999	0.00118323285958428	100
1_12	Spain-Atl	M0.40	4e-04	0.0357	-7.00000000000005e-06	0.001223	0.00122302003254239	100
1_13	Spain-Atl	M0.40	9e-04	0.0435	0.000341	0.001103	0.00115450855345468	100
1_14	Spain-Atl	M0.40	7e-04	0.0442	0.000144	0.000616999999999997	0.000633581091889583	100
1_15	Spain-Atl	M0.40	-0.0012	0.035	-6.00000000000014e-06	0.000712999999999997	0.000713025244994871	100
1_16	Spain-Atl	M0.40	0.0061	0.0422	-6.80000000000004e-05	0.000995999999999998	0.000998318586424192	100
1_2	Spain-Atl	M0.40	0.0032	0.0388	-9.50000000000001e-05	0.000985999999999999	0.000990565999820304	100
1_3	Spain-Atl	M0.40	0.0058	0.0399	0.000446	0.001198	0.00127832703170981	100
1_4	Spain-Atl	M0.40	-0.0033	0.0472	-0.000386	0.000865000000000001	0.000947217504061238	100
1_5	Spain-Atl	M0.40	-0.001	0.0428	0.000436	0.000687000000000002	0.000813673767550609	100
1_6	Spain-Atl	M0.40	-0.0017	0.0374	-0.000561	0.000787999999999997	0.000967297782484792	100
1_7	Spain-Atl	M0.40	0.0064	0.0285	3.79999999999997e-05	0.000708999999999999	0.000710017605415527	100
1_8	Spain-Atl	M0.40	-0.0012	0.0485	0.000139	0.000935999999999999	0.000946264762104136	100
1_9	Spain-Atl	M0.40	-7e-04	0.0417	0.000282	0.001172	0.00120544929383197	100
200_Teno_120_1982	North-Norway	M0.40	-0.007	-0.0095	-0.000673	-0.000934	0.00115121023275508	100
201_Teno_144_1982	North-Norway	M0.40	-0.0084	-0.011	-0.000416000000000001	-7.50000000000007e-05	0.000422706754145235	100
202_Teno_171_1982	North-Norway	M0.40	-0.0123	-0.0118	7.00000000000001e-05	-0.00019	0.000202484567313166	100
203_Teno_696_1982	North-Norway	M0.40	-0.0118	-0.0171	-0.000528	-0.000447999999999999	0.000692450720268237	100
204_Teno_332_1983	North-Norway	M0.40	-0.0144	-0.0071	-0.000133	-0.000362	0.000385659175957217	100
205_Teno_360_1983	North-Norway	M0.40	-0.0141	-0.021	-0.000379	-0.001133	0.00119470916963083	100
206_Teno_567_1983	North-Norway	M0.40	-0.0116	-0.012	-0.000235000000000001	-0.000256	0.000347506834465166	100
207_Teno_671_1983	North-Norway	M0.40	-0.0107	-0.0154	-0.000929000000000001	-0.00043	0.00102368989445046	100
208_Teno_674_1983	North-Norway	M0.40	-0.0077	-0.0099	0.000106	-0.000576999999999999	0.000586655776414073	100
209_Teno_740_1983	North-Norway	M0.40	-0.0062	-0.0073	-0.000247	-0.000104	0.000268001865665148	100
210_Teno_765_1983	North-Norway	M0.40	-0.0052	-0.007	-5.30000000000003e-05	-0.000401	0.000404487329838649	100
211_Teno_766_1983	North-Norway	M0.40	-0.0047	-0.0241	2.80000000000002e-05	-0.000672	0.000672583080370002	100
212_Teno_769_1983	North-Norway	M0.40	-0.0138	-0.0145	-0.000193	-0.000818999999999999	0.000841433300981129	100
213_Teno_772_1983	North-Norway	M0.40	-0.0058	-0.0143	0.000177	-0.000657	0.000680424867270443	100
214_Teno_774_1983	North-Norway	M0.40	-0.0137	-0.0111	-0.000578	-0.000824	0.00100650881764642	100
215_Teno_776_1983	North-Norway	M0.40	-0.0124	-0.013	-0.000110000000000001	-0.000688000000000001	0.000696738114358617	100
216_Teno_781_1983	North-Norway	M0.40	-0.0194	-0.0078	-0.000882999999999999	0.000137	0.000893564771015509	100
217_Teno_782_1983	North-Norway	M0.40	-0.0073	-0.0209	-0.000886	-0.001166	0.00146442889892272	100
218_Teno_166_1985	North-Norway	M0.40	-0.0148	-0.0105	-0.000680999999999999	-0.000732999999999999	0.0010005248622598	100
219_Teno_345_1985	North-Norway	M0.40	-0.0121	-0.0088	-0.000244	-0.000290999999999999	0.000379759134189028	100
220_Teno_403_1985	North-Norway	M0.40	-0.0135	-0.0083	-0.000138	-0.000138	0.000195161471607487	100
221_Teno_785_1985	North-Norway	M0.40	-0.0099	-0.0132	-3.89999999999992e-05	-0.000371	0.000373044233302165	100
222_Teno_790_1985	North-Norway	M0.40	-0.0091	-0.0167	-0.000758	-0.000701	0.00103245581019238	100
223_Teno_894_1985	North-Norway	M0.40	-3e-04	-0.0105	-1.50000000000001e-05	-0.000404999999999999	0.000405277682583188	100
224_Teno_1076_1985	North-Norway	M0.40	-0.0099	-0.0126	0.000315000000000001	-0.000383	0.0004958971667594	100
225_Teno_214_1986	North-Norway	M0.40	-0.0107	-0.0165	-0.000453000000000001	-0.000434999999999999	0.000628039807655534	100
226_Teno_219_1986	North-Norway	M0.40	-0.0119	-0.012	-0.000128999999999999	-0.000684	0.000696058187222878	100
227_Teno_221_1986	North-Norway	M0.40	-0.0115	-0.014	-9.40000000000002e-05	-0.000356	0.000368201032046354	100
228_Teno_223_1986	North-Norway	M0.40	-0.0105	-0.0126	-0.000126999999999999	-0.000131	0.000182455474020375	100
229_Teno_225_1986	North-Norway	M0.40	-0.0104	-0.0102	-0.000625	5.00000000000007e-05	0.000626996810199223	100
230_Teno_429_1986	North-Norway	M0.40	-0.0078	-0.0146	0.000179	-0.000387	0.000426391838571049	100
231_Teno_432_1986	North-Norway	M0.40	-0.0089	-0.0188	0.000228	-0.000722999999999999	0.00075809827858926	100
232_Teno_433_1986	North-Norway	M0.40	-0.0132	-0.0113	-0.000146	8.69999999999992e-05	0.000169955876626847	100
233_Teno_434_1986	North-Norway	M0.40	-0.0109	-0.0074	-0.000283	0.000229	0.000364046700300937	100
234_Teno_435_1986	North-Norway	M0.40	-0.0121	-0.0128	-0.000331	-0.000103999999999999	0.000346953887425981	100
235_Teno_507_1986	North-Norway	M0.40	-0.0132	-0.0123	-0.000563	-0.000129	0.000577589819854887	100
236_Teno_512_1986	North-Norway	M0.40	-0.0077	-0.0201	9.10000000000002e-05	-0.000729	0.000734657743442482	100
237_Teno_513_1986	North-Norway	M0.40	-0.0094	-0.0122	0.000211	-0.000671999999999999	0.000704347215512349	100
238_Teno_559_1986	North-Norway	M0.40	-0.014	-0.0135	-0.00064	-0.000694	0.000944052964615863	100
239_Teno_685_1986	North-Norway	M0.40	-0.0157	-0.0035	-0.000452000000000001	-0.000521	0.000689742705651898	100
240_Teno_772_1986	North-Norway	M0.40	-0.0097	-0.0166	-0.000709	-0.000707	0.00100126420089804	100
241_Teno_929_1986	North-Norway	M0.40	-0.0141	-0.0154	-0.000523	-0.000656999999999999	0.000839748771955041	100
242_Teno_1005_1986	North-Norway	M0.40	-0.0028	-0.0127	-0.000224	-0.000940000000000001	0.000966320857686514	100
243_Teno_1047_1986	North-Norway	M0.40	-0.0132	-0.0162	-0.000831	-0.000787000000000001	0.00114452173417546	100
244_Teno_1048_1986	North-Norway	M0.40	-0.0051	-0.0162	-0.000451	-0.001198	0.00128008007562027	100
245_Teno_1050_1986	North-Norway	M0.40	-0.0113	-0.0061	-0.000288000000000001	0.00071	0.000766187966493863	100
246_Teno_1057_1986	North-Norway	M0.40	-0.0086	-0.0163	-0.000414	-0.001057	0.00113518500694821	100
247_Teno_1112_1986	North-Norway	M0.40	-0.0138	-0.0135	-9.40000000000001e-05	-0.000781	0.000786636510721439	100
248_Teno_1113_1986	North-Norway	M0.40	-0.0103	-0.009	-0.000452	-0.000632000000000001	0.000776999356499091	100
249_Teno_1142_1986	North-Norway	M0.40	-0.0121	-0.0139	-0.000402	-0.000898000000000001	0.000983873975669649	100
250_Teno_1190_1986	North-Norway	M0.40	-0.0112	-0.011	-2.20000000000002e-05	-0.000524000000000001	0.000524461628720349	100
251_Teno_1197_1986	North-Norway	M0.40	-0.0084	-0.0055	-0.000516000000000001	0.000276	0.000585176896331358	100
252_Teno_1275_1986	North-Norway	M0.40	-0.0101	-0.0126	-8.70000000000004e-05	-0.000596	0.000602316362055689	100
253_Teno_1295_1986	North-Norway	M0.40	-0.0092	-0.0147	-0.00026	-0.000559	0.000616507096471728	100
254_Teno_1384_1986	North-Norway	M0.40	-0.0144	-0.0101	-0.000602	1.59999999999997e-05	0.000602212587048793	100
255_Teno_1161_1987	North-Norway	M0.40	-0.0148	-0.0128	-0.000210999999999999	-0.000425999999999999	0.000475391417676002	100
256_Teno_1358_1987	North-Norway	M0.40	-0.0101	-0.0127	2.59999999999996e-05	-0.000547000000000001	0.000547617567285784	100
257_Teno_1365_1987	North-Norway	M0.40	-0.0189	-0.0144	-0.000404	-0.000195	0.000448598930003182	100
258_Teno_145_1987	North-Norway	M0.40	-0.0138	-0.0119	-0.000526	-0.000313999999999999	0.000612594482508617	100
259_Teno_156_1987	North-Norway	M0.40	-0.0138	-0.0174	-0.000146	-0.000885000000000001	0.000896962095074258	100
260_Teno_245_1987	North-Norway	M0.40	-0.01	-0.009	-0.000392	-0.000683000000000001	0.000787497936505234	100
261_Teno_256_1987	North-Norway	M0.40	-0.0067	-0.0133	-0.000208	-0.000511000000000001	0.0005517109750585	100
262_Teno_288_1987	North-Norway	M0.40	-0.0092	-0.0168	-0.000224	-0.000691000000000001	0.00072640002753304	100
263_Teno_389_1987	North-Norway	M0.40	-0.0095	-0.0108	3.69999999999997e-05	-0.000402999999999999	0.00040469494684268	100
264_Teno_390_1987	North-Norway	M0.40	-0.0125	-0.0113	-0.000706999999999999	-0.000469000000000001	0.000848416171463038	100
265_Teno_396_1987	North-Norway	M0.40	-0.0089	-0.014	-0.000321	-0.00087	0.000927330038335867	100
266_Teno_402_1987	North-Norway	M0.40	-0.0097	-0.0101	-0.000193	-0.000295	0.000352525176405885	100
267_Teno_411_1987	North-Norway	M0.40	-0.0104	-0.0101	-0.000527000000000001	-0.000297	0.000604928094900543	100
268_Teno_626_1987	North-Norway	M0.40	-0.0125	-0.0137	0.000293000000000001	-0.000121	0.000317001577283143	100
269_Teno_637_1987	North-Norway	M0.40	-0.0109	-0.0072	8.09999999999999e-05	-0.000612	0.000617337023027131	100
270_Teno_638_1987	North-Norway	M0.40	-0.0135	-0.0155	-0.000112	-0.000237	0.000262131646315358	100
271_Teno_639_1987	North-Norway	M0.40	-0.012	-0.0144	-0.000541	-0.000261	0.000600667961522837	100
272_Teno_640_1987	North-Norway	M0.40	-0.0085	-0.0142	0.000492000000000001	-0.00102	0.00113245927079079	100
273_Teno_641_1987	North-Norway	M0.40	-0.01	-0.0107	-0.000461	-0.000581000000000001	0.000741675131037842	100
274_Teno_644_1987	North-Norway	M0.40	-0.0138	-0.0061	-0.000229	-0.000513	0.000561791776372705	100
275_Teno_650_1987	North-Norway	M0.40	-0.0104	-0.0149	0.000187	-0.000716	0.000740016891699102	100
276_Teno_721_1987	North-Norway	M0.40	-0.0091	-0.0122	-0.000332	-1.79999999999992e-05	0.000332487593753511	100
277_Teno_734_1987	North-Norway	M0.40	-0.0121	-0.0145	-0.001063	-0.000647999999999999	0.00124493895432668	100
278_Teno_750_1987	North-Norway	M0.40	-0.0051	-0.0179	1.00000000000004e-05	-0.000320000000000001	0.000320156211871643	100
279_Teno_751_1987	North-Norway	M0.40	-0.0056	-0.0154	-9.7e-05	-0.000215	0.000235868607491544	100
280_Teno_755_1987	North-Norway	M0.40	-0.0033	-0.0142	-0.000427	-0.000812999999999999	0.000918312582947658	100
281_Teno_756_1987	North-Norway	M0.40	-0.0117	-0.0119	0.00012	-0.000440999999999999	0.00045703500959992	100
282_Teno_760_1987	North-Norway	M0.40	-0.0123	-0.011	-0.000554	-0.000573000000000001	0.000797022584372614	100
283_Teno_766_1987	North-Norway	M0.40	-0.0142	-0.0124	-0.000171999999999999	-0.000748	0.000767520683760379	100
284_Teno_835_1987	North-Norway	M0.40	-0.0153	-0.0056	-0.001145	-0.000113	0.00115056247114183	100
285_Teno_838_1987	North-Norway	M0.40	-0.0155	-0.0148	-0.000423	-0.000270999999999999	0.000502364409567397	100
286_Teno_842_1987	North-Norway	M0.40	-0.0153	-0.009	-0.000262000000000001	-0.000144000000000001	0.000298964880880682	100
287_Teno_843_1987	North-Norway	M0.40	-0.0095	-0.0113	-0.000153	-0.000498000000000001	0.000520973127905846	100
288_Teno_844_1987	North-Norway	M0.40	-0.012	-0.019	-0.000516	-0.000212	0.000557853027239254	100
289_Teno_846_1987	North-Norway	M0.40	-0.0113	-0.013	-0.000184000000000001	-0.000371000000000001	0.000414121962711471	100
290_Teno_905_1987	North-Norway	M0.40	-0.0063	-0.01	0.000166	-2.99999999999998e-05	0.000168689063071676	100
291_Teno_965_1987	North-Norway	M0.40	-0.0082	-0.0142	0.000303000000000001	-0.000637999999999999	0.000706295264036224	100
292_Teno_286_1988	North-Norway	M0.40	-0.0137	-0.0064	-9.99999999999673e-07	0.00037	0.000370001351348884	100
293_Teno_372_1989	North-Norway	M0.40	-0.0132	-0.014	-0.000218	-0.000718	0.000750365244397686	100
2_17	Spain-Atl	M0.40	6e-04	0.0316	4.80000000000001e-05	0.000607999999999997	0.000609891793681466	100
2_18	Spain-Atl	M0.40	0.0029	0.0354	2e-04	0.000677999999999999	0.000706883300128104	100
2_19	Spain-Atl	M0.40	0.0068	0.0431	0.000132	0.00102	0.00102850571218637	100
2_20	Spain-Atl	M0.40	0.0037	0.0407	1.59999999999998e-05	0.001622	0.00162207891300023	100
2_21	Spain-Atl	M0.40	0.0012	0.0484	-0.000312	0.00113	0.00117228153615077	100
2_22	Spain-Atl	M0.40	-0.0024	0.0412	0.000346	0.001322	0.00136652844829517	100
2_23	Spain-Atl	M0.40	0	0.0376	1.2e-05	0.001086	0.00108606629631897	100
2_24	Spain-Atl	M0.40	-8e-04	0.0424	9.4e-05	0.000829	0.000834312291651034	100
2_25	Spain-Atl	M0.40	0.0026	0.0419	0.000103	0.001096	0.00110082923289673	100
2_26	Spain-Atl	M0.40	-0.003	0.0412	9.10000000000001e-05	0.001305	0.00130816894933338	100
2_27	Spain-Atl	M0.40	8e-04	0.0367	0.000346	0.001384	0.00142659454646371	100
2_28	Spain-Atl	M0.40	0.0028	0.0505	-0.000337	0.001075	0.00112658510552909	100
2_29	Spain-Atl	M0.40	0.0039	0.0414	0.00036	0.000912000000000001	0.000980481514359145	100
2_30	Spain-Atl	M0.40	0.0054	0.0407	0.000354	0.000806	0.00088031358049277	100
2_31	Spain-Atl	M0.40	-3e-04	0.0494	4.2e-05	0.001311	0.00131167259634407	100
2_32	Spain-Atl	M0.40	0.0044	0.0434	0.000299	0.00112	0.00115922430961398	100
300_Teno_3692_2001	North-Norway	M0.40	-0.0107	-0.0106	-1.70000000000006e-05	-0.001069	0.00106913516451382	100
301_Teno_3693_2001	North-Norway	M0.40	-0.0113	-0.0112	-0.000624000000000001	-0.000358	0.000719402529881569	100
302_Teno_3695_2001	North-Norway	M0.40	-0.0105	-0.0193	-0.000350999999999999	-0.001062	0.00111850122932431	100
303_Teno_3731_2001	North-Norway	M0.40	-0.0067	-0.0081	-9.59999999999998e-05	-6.70000000000005e-05	0.000117068356100186	100
304_Teno_3733_2001	North-Norway	M0.40	-0.0137	-0.0129	-0.000402	-0.000306	0.000505212826440501	100
305_Teno_3734_2001	North-Norway	M0.40	-0.0083	-0.0141	-0.000301	-0.000417	0.000514285912698375	100
306_Teno_3736_2001	North-Norway	M0.40	-0.0073	-0.0041	-0.000191	-0.000487	0.000523115665986022	100
307_Teno_3738_2001	North-Norway	M0.40	-0.0144	-0.0145	-0.000716	-0.000626999999999999	0.00095172737693102	100
308_Teno_3741_2001	North-Norway	M0.40	-0.008	-0.0145	-0.000296	-0.000838999999999999	0.000889683651642537	100
309_Teno_3742_2001	North-Norway	M0.40	-0.0113	-0.0153	-0.000295000000000001	5.59999999999993e-05	0.000300268213435922	100
310_Teno_3744_2001	North-Norway	M0.40	-0.0028	-0.0109	2.7e-05	-0.000505	0.000505721267102739	100
311_Teno_3751_2001	North-Norway	M0.40	-0.0119	-0.0097	-0.000280999999999999	-0.000661	0.000718249260354648	100
312_Teno_3902_2001	North-Norway	M0.40	-0.0053	-0.0162	-0.000339	-0.000565000000000001	0.00065889756411752	100
313_Teno_3903_2001	North-Norway	M0.40	-0.0084	-0.01	-0.000365000000000001	-0.000427	0.00056174193363145	100
314_Teno_3910_2001	North-Norway	M0.40	-0.01	-0.0166	-0.000231	-0.000743	0.000778080972650019	100
315_Teno_3912_2001	North-Norway	M0.40	-0.0118	-0.007	-0.000193	-5.99999999999999e-05	0.000202111355445458	100
316_Teno_3914_2001	North-Norway	M0.40	-0.0115	-0.0199	0.000374	-0.000333999999999999	0.000501429955228045	100
317_Teno_3916_2001	North-Norway	M0.40	-0.0145	-0.0136	-0.000227999999999999	-0.000440000000000001	0.000495564324785391	100
318_Teno_4165_2001	North-Norway	M0.40	-0.0135	-0.0129	-0.000636	-0.000144	0.000652098152121289	100
319_Teno_4167_2001	North-Norway	M0.40	-0.0134	-0.0147	-0.000227999999999999	-0.000201	0.000303949008881424	100
320_Teno_4168_2001	North-Norway	M0.40	-0.0155	-0.01	-0.000356	-0.000503	0.000616234533274467	100
321_Teno_4169_2001	North-Norway	M0.40	-0.0114	-0.0072	-0.000617	-0.000181	0.000643000777604506	100
322_Teno_4890_2001	North-Norway	M0.40	-0.0157	-0.0148	-0.000214000000000001	-0.000277999999999999	0.000350827592985501	100
323_Teno_4898_2001	North-Norway	M0.40	-0.0085	-0.0099	-0.000292999999999999	-0.000365999999999999	0.000468833659201213	100
324_Teno_4899_2001	North-Norway	M0.40	-0.0099	-0.0123	-0.000305999999999999	-0.000644	0.000713002103783712	100
325_Teno_4919_2001	North-Norway	M0.40	-0.0113	-0.0204	8.29999999999992e-05	-0.000886999999999998	0.000890874850919026	100
326_Teno_4920_2001	North-Norway	M0.40	-0.0117	-0.0125	-0.00025	0.000237000000000001	0.000344483671601427	100
327_Teno_4925_2001	North-Norway	M0.40	-0.0068	-0.0168	3.39999999999997e-05	-0.000317000000000001	0.000318818129973815	100
328_Teno_4928_2001	North-Norway	M0.40	-0.011	-0.0158	-0.000355000000000001	-0.000561999999999998	0.000664732276935609	100
329_Teno_4929_2001	North-Norway	M0.40	-0.0084	-0.0151	-3.00000000000005e-05	-0.000522999999999999	0.000523859714045659	100
330_Teno_4992_2001	North-Norway	M0.40	-0.0104	-0.0139	0.000138	-0.000498000000000001	0.000516766872003228	100
331_Teno_4993_2001	North-Norway	M0.40	-0.0126	-0.0073	-5.99999999999999e-05	0.000254	0.000260990421280169	100
332_Teno_4995_2001	North-Norway	M0.40	-0.0169	-0.0205	-0.000137000000000002	-0.000566999999999999	0.000583316380706045	100
333_Teno_4996_2001	North-Norway	M0.40	-0.0092	-0.0115	-0.000348	-0.000551	0.000651693946573083	100
334_Teno_4997_2001	North-Norway	M0.40	-0.0117	-0.0111	-0.000334	-0.000393	0.000515756725598416	100
335_Teno_4999_2001	North-Norway	M0.40	-0.0132	-0.0124	-0.000209	-0.000358	0.000414541915854115	100
336_Teno_5000_2001	North-Norway	M0.40	-0.0105	-0.0091	-0.000142999999999999	0.000182	0.000231458419591943	100
337_Teno_5068_2001	North-Norway	M0.40	-0.007	-0.0112	-0.000408	-0.000409	0.000577706672975135	100
338_Teno_5069_2001	North-Norway	M0.40	-0.0053	-0.015	0.000119	-0.000103000000000001	0.000157384878562078	100
339_Teno_5072_2001	North-Norway	M0.40	-0.0159	-0.0149	-0.000157999999999999	-0.000125	0.000201467118905294	100
340_Teno_5073_2001	North-Norway	M0.40	-0.0092	-0.0135	-0.000264	-0.000392	0.000472609775607742	100
341_Teno_5076_2001	North-Norway	M0.40	-0.0124	-0.0153	-0.000664	-0.000496000000000001	0.000828801544400106	100
342_Teno_5111_2001	North-Norway	M0.40	-0.0111	-0.0205	-9.39999999999995e-05	-5.79999999999991e-05	0.000110453610171872	100
343_Teno_5113_2001	North-Norway	M0.40	-0.0077	-0.0132	-0.000186	-0.000973	0.000990618493669485	100
344_Teno_5115_2001	North-Norway	M0.40	-0.0162	-0.0161	-0.000805000000000001	-0.000743	0.00109547889071401	100
345_Teno_5118_2001	North-Norway	M0.40	-0.01	-0.0178	-0.000997	-0.000684	0.00120907609355243	100
346_Teno_5119_2001	North-Norway	M0.40	-0.0061	-0.0121	-2.59999999999996e-05	-0.000770000000000001	0.000770438835988945	100
347_Teno_5120_2001	North-Norway	M0.40	-0.008	-0.0067	-0.000148	0.000105	0.000181463494951464	100
348_Teno_5121_2001	North-Norway	M0.40	-0.0127	-0.0198	-0.000333000000000001	-0.000990999999999998	0.001045452055333	100
349_Teno_5124_2001	North-Norway	M0.40	-0.0129	-0.0113	-0.000337	-0.000149000000000001	0.000368469808803924	100
350_Teno_5143_2001	North-Norway	M0.40	-0.0107	-0.0121	0.000213999999999999	-0.00057	0.000608848092712788	100
351_Teno_5145_2001	North-Norway	M0.40	-0.0118	-0.0047	-0.000389	-0.000355	0.000526636497026175	100
352_Teno_5154_2001	North-Norway	M0.40	-0.0121	-0.0075	0.000364	-0.000195	0.000412941884530983	100
353_Teno_5155_2001	North-Norway	M0.40	-0.0103	-0.0136	-0.000328	-0.000956000000000001	0.00101070272582991	100
354_Teno_5159_2001	North-Norway	M0.40	-0.0101	-0.0129	-0.000176	-4.6e-05	0.000181912066669587	100
355_Teno_5160_2001	North-Norway	M0.40	-0.0086	-0.0126	-0.000669	-0.000446	0.00080403793442847	100
356_Teno_5164_2001	North-Norway	M0.40	-0.0102	-0.0136	-0.000234999999999999	9.9999999999917e-07	0.000235002127649942	100
357_Teno_5165_2001	North-Norway	M0.40	-0.0041	-0.0102	-0.000226	-0.000161999999999999	0.000278064740663033	100
358_Teno_5166_2001	North-Norway	M0.40	-0.0197	-0.0095	-0.000767000000000001	-0.000763	0.00108187707249946	100
359_Teno_5169_2001	North-Norway	M0.40	-0.0142	-0.0167	-0.000386999999999999	-0.000589000000000001	0.000704762371299717	100
360_Teno_5172_2001	North-Norway	M0.40	-0.011	-0.0165	-0.000404000000000001	-0.000456999999999999	0.000609971310800762	100
361_Teno_5178_2001	North-Norway	M0.40	-0.0083	-0.0135	-0.000338	-0.000186	0.000385797874540542	100
362_Teno_5241_2001	North-Norway	M0.40	-0.0107	-0.0116	-0.000704000000000001	0.000157999999999999	0.000721512300657446	100
363_Teno_5242_2001	North-Norway	M0.40	-0.0059	-0.0179	-0.000235	-0.000891000000000001	0.000921469478604691	100
364_Teno_5244_2001	North-Norway	M0.40	-0.0126	-0.0121	-0.000118	-0.000596000000000001	0.00060756892613102	100
365_Teno_5248_2001	North-Norway	M0.40	-0.0121	-0.0108	-0.000281	1.50000000000006e-05	0.000281400071073197	100
366_Teno_5249_2001	North-Norway	M0.40	-0.0139	-0.0158	-0.000464000000000001	-0.000543999999999998	0.000715004895088138	100
367_Teno_5250_2001	North-Norway	M0.40	-0.0099	-0.0148	-0.000530999999999999	-0.000807999999999999	0.000966863485710365	100
368_Teno_5251_2001	North-Norway	M0.40	-0.0094	-0.0165	-0.000588	0.000168000000000001	0.000611529230699563	100
369_Teno_5253_2001	North-Norway	M0.40	-0.0087	-0.0138	-0.000315000000000001	-0.000102	0.000331102703099809	100
370_Teno_5322_2001	North-Norway	M0.40	-0.0077	-0.0111	-0.000156	-0.000720999999999999	0.000737683536484311	100
371_Teno_5325_2001	North-Norway	M0.40	-0.0125	-0.0186	-3.39999999999992e-05	-0.000631000000000001	0.000631915342431248	100
372_Teno_5326_2001	North-Norway	M0.40	-0.0138	-0.0129	-0.000419	6.1e-05	0.000423417052089309	100
373_Teno_5329_2001	North-Norway	M0.40	-0.0075	-0.0137	1.39999999999997e-05	-0.001103	0.00110308884501657	100
374_Teno_5330_2001	North-Norway	M0.40	-0.0075	-0.0105	-0.000187	-0.000272999999999999	0.00033090482015226	100
375_Teno_5336_2001	North-Norway	M0.40	-0.0138	-0.0113	-0.000543	-0.000582000000000001	0.000795972989491478	100
376_Teno_5338_2001	North-Norway	M0.40	-0.0144	-0.0085	-0.00032	-0.000348999999999999	0.000473498680040399	100
377_Teno_5342_2001	North-Norway	M0.40	-0.0181	-0.0141	-0.000696999999999999	-0.000448	0.000828560800424446	100
378_Teno_5343_2001	North-Norway	M0.40	-0.0161	-0.0122	2.99999999999972e-06	-0.000470999999999999	0.000471009554043227	100
379_Teno_5352_2001	North-Norway	M0.40	-0.0121	-0.0182	-0.000124	6.3000000000001e-05	0.000139086304142429	100
380_Teno_5353_2001	North-Norway	M0.40	-0.0122	-0.0142	-4.99999999999992e-05	-9.29999999999992e-05	0.000105588825166301	100
381_Teno_5356_2001	North-Norway	M0.40	-0.0174	-0.0116	-8.80000000000013e-05	-0.000397000000000001	0.00040663620104462	100
382_Teno_5366_2001	North-Norway	M0.40	-0.0143	-0.011	-0.000512	-0.000383000000000001	0.000639400500468994	100
383_Teno_5367_2001	North-Norway	M0.40	-0.0141	-0.0129	-0.000409	-0.000508	0.000652184789764374	100
384_Teno_5692_2001	North-Norway	M0.40	-0.0123	-0.0129	-0.000529	-0.000283	0.000599941663830743	100
385_Teno_5695_2001	North-Norway	M0.40	-0.0122	-0.0079	-0.000315999999999999	-1.69999999999992e-05	0.000316456948098789	100
386_Teno_5698_2001	North-Norway	M0.40	-0.01	-0.0066	-0.000639	-0.000189	0.00066636476497486	100
387_Teno_5699_2001	North-Norway	M0.40	-0.0101	-0.0142	-0.000196	-0.000317999999999999	0.000373550532056909	100
388_Teno_5702_2001	North-Norway	M0.40	-0.013	-0.0101	-0.000242000000000001	0.000149	0.000284191836617451	100
389_Teno_5705_2001	North-Norway	M0.40	-0.0098	-0.0174	-0.000465	-0.000720000000000001	0.0008571026776297	100
390_Teno_5709_2001	North-Norway	M0.40	-0.0126	-0.004	-0.00021	-0.00015	0.000258069758011279	100
391_Teno_5797_2001	North-Norway	M0.40	-0.0145	-0.0116	-0.000530999999999999	-0.000385000000000001	0.00065588566076718	100
392_Teno_5800_2001	North-Norway	M0.40	-0.0128	-0.0092	-0.000811999999999999	-0.000482	0.000944281737618598	100
393_Teno_5803_2001	North-Norway	M0.40	-0.0081	-0.0142	-0.000199	-0.000278999999999999	0.000342698117882196	100
394_Teno_5805_2001	North-Norway	M0.40	-0.015	-0.0152	0.000105999999999999	-0.000326	0.000342800233372149	100
395_Teno_5809_2001	North-Norway	M0.40	-0.0125	-0.0133	-0.000375999999999999	-0.000476000000000001	0.000606590471405544	100
396_Teno_5820_2001	North-Norway	M0.40	-0.0137	-0.0127	-0.000283	-0.000718000000000001	0.000771759677619919	100
397_Teno_5832_2001	North-Norway	M0.40	-0.012	-0.0101	-0.000142	-0.00028	0.000313949040450835	100
398_Teno_5835_2001	North-Norway	M0.40	-0.0153	-0.0145	-0.000417000000000001	-0.000172999999999999	0.000451462069281574	100
399_Teno_5841_2001	North-Norway	M0.40	-0.0111	-0.0133	-7.89999999999995e-05	-0.000497000000000001	0.000503239505603446	100
3_205	Spain-Atl	M0.40	0.0025	0.035	-0.000269	0.000547999999999997	0.000610462939088031	100
3_206	Spain-Atl	M0.40	-0.0048	0.0273	-0.000221	0.000675999999999999	0.000711208127062675	100
3_207	Spain-Atl	M0.40	0.0057	0.0288	-5.00000000000013e-06	0.000898000000000001	0.000898013919713944	100
3_208	Spain-Atl	M0.40	0.0083	0.0292	-7.60000000000001e-05	0.000578	0.000582975128114399	100
3_209	Spain-Atl	M0.40	0.0011	0.036	-0.000247	0.000902000000000003	0.00093520746361436	100
3_210	Spain-Atl	M0.40	-0.0041	0.033	-4.19999999999997e-05	0.000597999999999998	0.000599473101982064	100
3_211	Spain-Atl	M0.40	-0.0018	0.0369	0.00025	0.000736999999999998	0.000778247389973136	100
3_212	Spain-Atl	M0.40	-4e-04	0.0368	-0.000192	0.000834000000000001	0.000855815400656007	100
3_213	Spain-Atl	M0.40	-2e-04	0.0314	0.000413	0.000946000000000003	0.00103222332854863	100
3_214	Spain-Atl	M0.40	0.0026	0.0355	8.00000000000011e-06	0.001197	0.0011970267332019	100
3_215	Spain-Atl	M0.40	0.0031	0.0293	-0.000326	0.00106	0.00110899774571457	100
3_216	Spain-Atl	M0.40	-3e-04	0.0321	0.000576	0.001031	0.00118098983907568	100
3_217	Spain-Atl	M0.40	0.0047	0.0282	0.000293	0.001095	0.00113352282729551	100
3_218	Spain-Atl	M0.40	3e-04	0.0316	-1.69999999999999e-05	0.000908999999999997	0.000909158951999041	100
3_219	Spain-Atl	M0.40	-0.0021	0.0316	-4.30000000000001e-05	0.000729999999999997	0.000731265341719403	100
3_220	Spain-Atl	M0.40	0.0041	0.034	0.000237	0.001335	0.00135587388794091	100
3_221	Spain-Atl	M0.40	0.0032	0.0341	0.00073	0.000929000000000002	0.00118149947101131	100
3_222	Spain-Atl	M0.40	0	0.033	-0.000525	0.001341	0.00144010624608047	100
3_223	Spain-Atl	M0.40	5e-04	0.0349	4.3e-05	0.000667	0.000668384619811078	100
3_224	Spain-Atl	M0.40	0.0087	0.0349	0.000175000000000001	0.000437	0.000470737718905124	100
3_225	Spain-Atl	M0.40	0.003	0.0249	-6.50000000000001e-05	0.001244	0.00124569699365456	100
3_226	Spain-Atl	M0.40	0.0039	0.0234	-0.00036	0.001078	0.00113652276703989	100
3_227	Spain-Atl	M0.40	0.0085	0.0367	0.000271999999999999	0.001107	0.00113992675203277	100
3_228	Spain-Atl	M0.40	3e-04	0.0437	0.000161	0.001525	0.00153347513837036	100
3_229	Spain-Atl	M0.40	1e-04	0.0262	-4.9e-05	0.00127	0.00127094492406241	100
3_230	Spain-Atl	M0.40	0.0029	0.0363	0.000198	0.000759000000000001	0.000784401045384312	100
3_231	Spain-Atl	M0.40	0.003	0.0381	2e-04	0.001145	0.0011623360099386	100
3_232	Spain-Atl	M0.40	0.0015	0.0374	-7.40000000000001e-05	0.001532	0.00153378616501779	100
3_233	Spain-Atl	M0.40	0.0043	0.0355	0.00062	0.000859000000000003	0.00105937764748932	100
3_234	Spain-Atl	M0.40	-0.0013	0.029	0.000125	0.000122999999999999	0.000175368184115591	100
3_33	Spain-Atl	M0.40	0.0042	0.0368	0.00056	0.001233	0.00135421157874241	100
3_34	Spain-Atl	M0.40	-0.0052	0.035	-3.30000000000002e-05	0.00103	0.00103052850518556	100
3_35	Spain-Atl	M0.40	0.0053	0.0351	1.6e-05	0.000929000000000001	0.000929137772345954	100
3_36	Spain-Atl	M0.40	-0.0032	0.0325	0.000167	0.001096	0.00110865008005231	100
3_37	Spain-Atl	M0.40	-0.0036	0.0408	-8.00000000000005e-06	0.000653999999999997	0.000654048927833382	100
3_38	Spain-Atl	M0.40	0.004	0.031	0.000554	0.00091	0.00106537129677873	100
3_39	Spain-Atl	M0.40	-0.0095	0.0298	7.49999999999998e-05	0.000822	0.000825414441356583	100
3_40	Spain-Atl	M0.40	0.0051	0.0311	-0.000224	0.001048	0.00107167159148687	100
3_41	Spain-Atl	M0.40	0.0051	0.036	-4.10000000000004e-05	0.000934000000000003	0.000934899459835124	100
3_42	Spain-Atl	M0.40	-0.0013	0.0258	-0.000153	0.001155	0.00116508969611786	100
3_43	Spain-Atl	M0.40	9e-04	0.0296	-0.000105	0.001174	0.00117868613294634	100
3_44	Spain-Atl	M0.40	0.0048	0.0415	-8.29999999999996e-05	0.000884999999999998	0.000888883569428525	100
3_45	Spain-Atl	M0.40	-0.0035	0.0305	-0.000403	0.000544	0.000677011816735868	100
3_46	Spain-Atl	M0.40	-0.0039	0.0232	9.69999999999998e-05	0.001077	0.00108135932973272	100
3_47	Spain-Atl	M0.40	0.0035	0.0331	8.19999999999999e-05	0.000887000000000002	0.000890782240505503	100
3_48	Spain-Atl	M0.40	0.0083	0.0289	0.000543	0.000540000000000001	0.000765799582136215	100
400_Teno_5842_2001	North-Norway	M0.40	-0.014	-0.0099	0.000167	-0.000539999999999999	0.000565233580035722	100
401_Teno_5843_2001	North-Norway	M0.40	-0.0044	-0.006	-0.000473	-0.000616	0.000776649856756569	100
402_Teno_5844_2001	North-Norway	M0.40	-0.0029	-0.0149	-2.70000000000002e-05	-0.000755	0.000755482627199329	100
403_Teno_5847_2001	North-Norway	M0.40	-0.0086	-0.0084	-0.00054	0.000104999999999999	0.000550113624626767	100
404_Teno_5858_2001	North-Norway	M0.40	-0.0114	-0.015	-0.000267	-7.30000000000006e-05	0.000276799566473649	100
405_Teno_5859_2001	North-Norway	M0.40	-0.0135	-0.0112	-0.000774	-0.000508	0.000925818556737766	100
406_Teno_5875_2001	North-Norway	M0.40	-0.012	-0.0125	-0.000227	-0.000526999999999999	0.000573810073107818	100
407_Teno_5895_2001	North-Norway	M0.40	-0.0169	-0.0093	-0.000284000000000002	-0.000225000000000001	0.000362327200193418	100
408_Teno_5897_2001	North-Norway	M0.40	-0.0155	-0.0068	-0.000465	-0.000284	0.000544867873892378	100
409_Teno_5898_2001	North-Norway	M0.40	-0.0121	-0.0072	-0.000216	-0.000256	0.000334950742647334	100
410_Teno_5902_2001	North-Norway	M0.40	-0.0142	-0.0175	-0.001013	-0.000644999999999998	0.00120091381872306	100
411_Teno_5903_2001	North-Norway	M0.40	-0.0142	-0.0169	-0.000751999999999999	-0.000890000000000002	0.00116516264959018	100
412_Teno_5907_2001	North-Norway	M0.40	-0.0161	-0.0169	-0.000335	-0.000268000000000002	0.000429009323908002	100
413_Teno_5921_2001	North-Norway	M0.40	-0.0129	-0.0134	-0.001211	-0.000894	0.00150524316972375	100
414_Teno_5924_2001	North-Norway	M0.40	-0.0104	-0.0124	4.09999999999996e-05	-0.001116	0.00111675288224387	100
415_Teno_5926_2001	North-Norway	M0.40	-0.0128	-0.0036	-0.000423999999999999	-7.57967432850511e-20	0.000423999999999999	100
416_Teno_5927_2001	North-Norway	M0.40	-0.0144	-0.0087	-0.000462	-0.000402000000000001	0.000612411626277621	100
417_Teno_5931_2001	North-Norway	M0.40	-0.0149	-0.0187	-0.000856	-6.69999999999987e-05	0.000858618075747302	100
418_Teno_5933_2001	North-Norway	M0.40	-0.0066	-0.016	-9.99999999999998e-07	-0.000896	0.00089600055803554	100
419_Teno_5934_2001	North-Norway	M0.40	-0.0157	-0.0099	-0.000549000000000001	-0.000447999999999999	0.000708593677646083	100
420_Teno_5937_2001	North-Norway	M0.40	-0.0065	-0.0129	0.000104	-0.000669	0.000677035449588867	100
421_Teno_5939_2001	North-Norway	M0.40	-0.009	-0.0172	-0.000551000000000001	-0.000185	0.000581228010336736	100
422_Teno_5943_2001	North-Norway	M0.40	-0.012	-0.0091	-0.000642	-0.000556	0.000849293824303462	100
423_Teno_5944_2001	North-Norway	M0.40	-0.0112	-0.0141	0.000494	-0.000574	0.000757305750671418	100
424_Teno_5945_2001	North-Norway	M0.40	-0.0126	-0.0082	4.6e-05	-0.000602999999999999	0.000604752015292218	100
425_Teno_5948_2001	North-Norway	M0.40	-0.0141	-0.0154	-0.000736	-0.000439999999999999	0.000857494023302787	100
426_Teno_5952_2001	North-Norway	M0.40	-0.0133	-0.0182	5.29999999999993e-05	-0.000439999999999999	0.000443180550114735	100
427_Teno_5953_2001	North-Norway	M0.40	-0.0094	-0.0081	3.40000000000004e-05	-0.000364	0.000365584463564852	100
428_Teno_5956_2001	North-Norway	M0.40	-0.0061	-0.01	-0.000142	-0.000502	0.000521697230201579	100
429_Teno_5957_2001	North-Norway	M0.40	-0.0089	-0.0129	-6.00000000000001e-05	-0.000241	0.000248356598462775	100
430_Teno_5958_2001	North-Norway	M0.40	-0.011	-0.0148	-0.000363000000000001	-0.000383999999999999	0.000528417448614256	100
431_Teno_5959_2001	North-Norway	M0.40	-0.0149	-0.0136	-0.000643	-0.000386000000000001	0.000749963332436994	100
432_Teno_5961_2001	North-Norway	M0.40	-0.0029	-0.0092	-3.50000000000001e-05	-0.000244	0.000246497464490003	100
433_Teno_5965_2001	North-Norway	M0.40	-0.0078	-0.0089	-0.00034	-0.00028	0.000440454310910905	100
434_Teno_5966_2001	North-Norway	M0.40	-0.0107	-0.0195	9.99999999999543e-07	-0.000226	0.000226002212378552	100
435_Teno_5967_2001	North-Norway	M0.40	-0.0126	-0.0026	-0.000151	5e-04	0.000522303551586623	100
436_Teno_5971_2001	North-Norway	M0.40	-0.0084	-0.0104	-0.000345	-0.000251	0.000426645051535818	100
437_Teno_5974_2001	North-Norway	M0.40	-0.0111	-0.0192	-0.001133	-0.000157000000000002	0.00114382603572396	100
438_Teno_5976_2001	North-Norway	M0.40	-0.021	-0.0167	-1.89999999999987e-05	-0.000409	0.000409441082452653	100
439_Teno_5978_2001	North-Norway	M0.40	-0.0109	-0.0121	-0.000125	-0.000605	0.000617778277377896	100
440_Teno_5982_2001	North-Norway	M0.40	-0.0121	-0.008	-0.000223	-0.000498	0.000545649154677252	100
441_Teno_5985_2001	North-Norway	M0.40	-0.012	-0.0118	-0.000258	-1.10000000000003e-05	0.00025823438965405	100
442_Teno_5988_2001	North-Norway	M0.40	-0.013	-0.0075	-0.000583000000000001	-0.000206	0.000618324348542091	100
443_Teno_5989_2001	North-Norway	M0.40	-0.0114	-0.014	-0.000219	-0.000625	0.00066225825778166	100
444_Teno_5990_2001	North-Norway	M0.40	-0.0158	-0.0201	-0.000453999999999998	-0.000557	0.000718585415938842	100
445_Teno_5991_2001	North-Norway	M0.40	-0.0136	-0.011	-8.60000000000008e-05	-0.000195000000000001	0.000213122030771106	100
446_Teno_5992_2001	North-Norway	M0.40	-0.0098	-0.0136	-0.000214	-0.000535000000000001	0.000576212634363393	100
447_Teno_5994_2001	North-Norway	M0.40	-0.0081	-0.013	-0.000339	-0.000329000000000001	0.000472400254021948	100
448_Teno_5997_2001	North-Norway	M0.40	-0.0062	-0.0088	0.000258	-0.000156	0.000301496268633626	100
449_Teno_6003_2001	North-Norway	M0.40	-0.0079	-0.0093	-4.39999999999992e-05	-0.000323000000000001	0.000325983128397775	100
450_Teno_6006_2001	North-Norway	M0.40	-0.0112	-0.0084	-0.000204	-0.000147000000000001	0.000251445819213604	100
451_Teno_6007_2001	North-Norway	M0.40	-0.0112	-0.0127	-0.000132	-0.000245	0.000278296604363043	100
452_Teno_6012_2001	North-Norway	M0.40	-0.0116	-0.0091	-0.000465000000000001	-0.000118999999999999	0.000479985416445126	100
453_Teno_6013_2001	North-Norway	M0.40	-0.0166	-0.0128	-0.000937	-0.000346999999999999	0.000999188670872523	100
454_Teno_6015_2001	North-Norway	M0.40	-0.0064	-0.0161	-0.000103	-0.000512	0.000522257599274535	100
455_Teno_6019_2001	North-Norway	M0.40	-0.0126	-0.0138	-0.000745	-0.000557	0.000930201053536277	100
456_Teno_6024_2001	North-Norway	M0.40	-0.015	-0.0176	-0.000459000000000001	-0.001046	0.00114227711173778	100
457_Teno_6025_2001	North-Norway	M0.40	-0.001	-0.0152	-3.4e-05	-0.001022	0.00102256540133138	100
458_Teno_6037_2001	North-Norway	M0.40	-0.0148	-0.0154	-0.000458999999999999	-0.000267999999999999	0.000531511994220261	100
459_Teno_6058_2001	North-Norway	M0.40	-0.0082	-0.0169	-0.000436999999999999	-0.000133000000000002	0.00045679098064651	100
460_Teno_6062_2001	North-Norway	M0.40	-0.0162	-0.0085	-0.000761000000000001	-0.000186999999999999	0.000783638947475176	100
461_Teno_6064_2001	North-Norway	M0.40	-0.0209	-0.0097	-0.000733000000000001	-0.000437	0.000853380337247116	100
462_Teno_6065_2001	North-Norway	M0.40	-0.0113	-0.0113	-0.000525000000000001	-0.000262000000000001	0.000586744407727932	100
463_Teno_6066_2001	North-Norway	M0.40	-0.0106	-0.0219	-7.79999999999999e-05	-0.000969000000000001	0.000972134249988139	100
464_Teno_6069_2001	North-Norway	M0.40	-0.0147	-0.0105	-0.000608000000000001	4.30000000000007e-05	0.000609518662552674	100
465_Teno_6074_2001	North-Norway	M0.40	-0.0064	-0.0112	-0.000227	-0.000398	0.000458184460670591	100
466_Teno_6076_2001	North-Norway	M0.40	-0.01	-0.0082	-0.000451	-0.000446999999999999	0.000634988188866533	100
467_Teno_6094_2001	North-Norway	M0.40	-0.0141	-0.0134	-0.000489	-0.000416	0.000642010124530759	100
468_Teno_6095_2001	North-Norway	M0.40	-0.0137	-0.0219	-0.000753	-0.000934000000000001	0.00119973538749176	100
469_Teno_6096_2001	North-Norway	M0.40	-0.0143	-0.0152	-0.000598	-0.00034	0.000687898248289672	100
470_Teno_6102_2001	North-Norway	M0.40	-0.0132	-0.0101	-0.000714	-0.000604	0.000935206928973476	100
471_Teno_6103_2001	North-Norway	M0.40	-0.0146	-0.0104	-0.000192	-0.000684	0.000710436485549553	100
472_Teno_6107_2001	North-Norway	M0.40	-0.0124	-0.0119	-4e-04	-0.000302999999999999	0.00050180573930556	100
473_Teno_6108_2001	North-Norway	M0.40	-0.006	-0.0101	0.000163	-0.000913	0.000927436251178484	100
474_Teno_6110_2001	North-Norway	M0.40	-0.011	-0.0121	-9.50000000000006e-05	-0.000817	0.000822504711232708	100
475_Teno_6129_2001	North-Norway	M0.40	-0.0129	-0.0098	-0.00073	-0.00048	0.000873670418407308	100
476_Teno_6170_2001	North-Norway	M0.40	-0.0057	-0.0166	-0.000262	-0.000489	0.000554765716316356	100
477_Teno_6213_2001	North-Norway	M0.40	-0.007	-0.0061	-0.000375	0.000525	0.000645174395028197	100
478_Teno_6230_2001	North-Norway	M0.40	-0.0082	-0.0228	7.20000000000007e-05	-0.000200999999999999	0.000213506440183897	100
479_Teno_6282_2001	North-Norway	M0.40	-0.0176	-0.0123	-0.000446999999999999	-0.000551	0.000709513918115775	100
480_Teno_6283_2001	North-Norway	M0.40	-0.0092	-0.0092	2.79999999999999e-05	-1.50000000000001e-05	3.17647603485371e-05	100
481_Teno_1996_2002	North-Norway	M0.40	-0.0036	-0.0143	-0.000444	-3.19999999999998e-05	0.000445151659549866	100
482_Teno_1999_2002	North-Norway	M0.40	-0.0072	-0.0106	0.000437	-0.000171	0.000469265383338682	100
483_Teno_2397_2002	North-Norway	M0.40	-0.0128	-0.0156	-0.000718999999999999	-0.000265000000000001	0.000766280627446629	100
484_Teno_2448_2002	North-Norway	M0.40	-0.0062	-0.0159	-0.000245	-0.000892999999999999	0.000925998920085763	100
485_Teno_2548_2002	North-Norway	M0.40	-0.0071	-0.0163	-0.000222	-0.000578000000000001	0.000619167182592877	100
486_Teno_2552_2002	North-Norway	M0.40	-0.0059	-0.0087	-0.000583	-2.70000000000006e-05	0.000583624879524511	100
487_Teno_2553_2002	North-Norway	M0.40	-0.0124	-0.0199	-0.000428	-0.000728999999999999	0.000845354955033682	100
488_Teno_2646_2002	North-Norway	M0.40	-0.0065	-0.0152	-0.000389	-0.000202	0.000438320658878863	100
489_Teno_2647_2002	North-Norway	M0.40	-0.0077	-0.0094	-0.000362	-0.00089	0.000960803830133914	100
490_Teno_2649_2002	North-Norway	M0.40	-0.0106	-0.0098	-0.000168	-0.000392	0.000426483293928379	100
491_Teno_2655_2002	North-Norway	M0.40	-0.0058	-0.0141	-0.000332	-0.000365	0.000493405512737749	100
492_Teno_2656_2002	North-Norway	M0.40	-0.0116	-0.0087	-0.000684000000000001	-0.000499000000000001	0.000846674081332363	100
493_Teno_2657_2002	North-Norway	M0.40	-0.015	-0.0121	9.99999999999994e-05	-0.000462	0.000472698635496233	100
494_Teno_2658_2002	North-Norway	M0.40	-0.0119	-0.0122	-0.000410999999999999	-0.000549999999999999	0.000686601048644698	100
495_Teno_2693_2002	North-Norway	M0.40	-0.0072	-0.0047	0.000154	3.50000000000002e-05	0.000157927198417499	100
496_Teno_2697_2002	North-Norway	M0.40	-0.0117	-0.0135	-0.000293	-0.000663	0.000724857227321353	100
497_Teno_2702_2002	North-Norway	M0.40	-0.0109	-0.01	-0.000642	-0.000356	0.000734098086089318	100
498_Teno_2703_2002	North-Norway	M0.40	-0.0105	-0.0122	-9.09999999999993e-05	-0.000144999999999999	0.000171189952976218	100
499_Teno_2704_2002	North-Norway	M0.40	-0.0125	-0.0124	-0.000221999999999999	6.69999999999997e-05	0.000231890060157825	100
4_49	Spain-Cant	M0.40	6e-04	0.0222	-1.19999999999999e-05	0.000989999999999999	0.000990072724601581	100
4_50	Spain-Cant	M0.40	-0.0012	0.025	-0.00028	0.000770999999999999	0.000820268858362914	100
4_51	Spain-Cant	M0.40	0.0013	0.0282	-7.8e-05	0.00109	0.00109278726200482	100
4_52	Spain-Cant	M0.40	-0.0061	0.027	0.000218	0.000692	0.000725526016073855	100
4_53	Spain-Cant	M0.40	0.0032	0.0259	-5.40000000000001e-05	0.001226	0.00122718865705319	100
4_54	Spain-Cant	M0.40	0.0014	0.0185	4.69999999999999e-05	0.000618000000000001	0.000619784640016192	100
4_55	Spain-Cant	M0.40	-0.0013	0.0219	-0.000397	0.001297	0.001356398908876	100
4_56	Spain-Cant	M0.40	0.001	0.0224	-0.00052	0.00053	0.000742495791233863	100
4_57	Spain-Cant	M0.40	0	0.0133	-0.000233	0.000871000000000001	0.000901626308400549	100
4_58	Spain-Cant	M0.40	0.003	0.0145	-0.000297	0.000496999999999999	0.000578980137828578	100
4_59	Spain-Cant	M0.40	0.001	0.0212	9.6e-05	0.000535	0.000543544846355846	100
4_60	Spain-Cant	M0.40	0.0028	0.0222	0.00044	0.000634999999999999	0.000772544497100328	100
4_61	Spain-Cant	M0.40	-0.01	0.0283	-0.00021	0.001111	0.0011306728085525	100
4_62	Spain-Cant	M0.40	0.0015	0.0216	-0.000711	0.000449999999999999	0.000841439837421547	100
4_63	Spain-Cant	M0.40	-0.007	0.0311	-0.000655	0.000665000000000001	0.000933407735129724	100
500_Teno_2705_2002	North-Norway	M0.40	-0.0077	-0.0128	-0.000357	-0.000528999999999999	0.000638192760848945	100
501_Teno_2708_2002	North-Norway	M0.40	-0.0082	-0.0115	-0.000409999999999999	-5.80000000000002e-05	0.000414082117459809	100
502_Teno_2711_2002	North-Norway	M0.40	-0.0138	-0.0177	-0.000751	-0.000883999999999999	0.00115993836043128	100
503_Teno_2714_2002	North-Norway	M0.40	-0.0126	-0.0154	-0.000849	-0.000714	0.00110932276637595	100
504_Teno_2716_2002	North-Norway	M0.40	-0.0105	-0.0215	-6.39999999999993e-05	-0.001055	0.00105693944954288	100
505_Teno_2718_2002	North-Norway	M0.40	-0.0062	-0.0113	-5.60000000000002e-05	-0.000303000000000001	0.000308131465449409	100
506_Teno_2719_2002	North-Norway	M0.40	-0.0148	-0.0144	-0.000573999999999999	-2e-04	0.000607845375074944	100
507_Teno_2723_2002	North-Norway	M0.40	-0.0154	-0.0104	-0.00021	-0.000437	0.000484839148584353	100
508_Teno_2742_2002	North-Norway	M0.40	-0.0139	-0.0123	-0.000186000000000001	-0.000109	0.000215585249959269	100
509_Teno_2744_2002	North-Norway	M0.40	-0.0128	-0.0137	-0.000462999999999999	-0.000625	0.00077781360234956	100
510_Teno_2748_2002	North-Norway	M0.40	-0.0157	-0.0181	-8.80000000000012e-05	-0.000787999999999998	0.00079289848026087	100
511_Teno_2928_2002	North-Norway	M0.40	-0.0149	-0.0155	-0.000737	-0.000138	0.000749808642254809	100
512_Teno_2931_2002	North-Norway	M0.40	-0.0174	-0.0101	0.000175999999999999	-8.90000000000004e-05	0.000197223223784623	100
513_Teno_2960_2002	North-Norway	M0.40	-0.0106	-0.0168	-0.000548	-0.000319000000000001	0.000634085956318227	100
514_Teno_2973_2002	North-Norway	M0.40	-0.013	-0.0104	-0.000329000000000001	2.49999999999995e-05	0.000329948480826932	100
515_Teno_2975_2002	North-Norway	M0.40	-0.0093	-0.0124	0.000387999999999999	-0.000413	0.000566668333330882	100
516_Teno_3170_2002	North-Norway	M0.40	-0.014	-0.014	-0.000666	-0.000583	0.000885124285058318	100
517_Teno_3173_2002	North-Norway	M0.40	-0.009	-0.0126	0.000132999999999999	-0.00056	0.000575577101698808	100
518_Teno_3343_2002	North-Norway	M0.40	-0.0157	-0.0152	-0.000615000000000001	7.7e-05	0.000619801581153196	100
519_Teno_3434_2002	North-Norway	M0.40	-0.013	-0.021	-0.000105000000000001	-0.001106	0.00111097299697157	100
520_Teno_3439_2002	North-Norway	M0.40	-0.0139	-0.014	-4.10000000000008e-05	-0.000294	0.000296845077439394	100
521_Teno_3440_2002	North-Norway	M0.40	-0.0147	-0.0127	-0.000229	-0.00035	0.000418259488834384	100
522_Teno_3441_2002	North-Norway	M0.40	-0.017	-0.0143	-0.000619999999999999	-0.000874	0.0010715764088482	100
523_Teno_3442_2002	North-Norway	M0.40	-0.0157	-0.0141	-3.00000000000137e-06	-0.000506	0.000506008893202481	100
524_Teno_3444_2002	North-Norway	M0.40	-0.0116	-0.016	-0.000257000000000001	-0.000626	0.000676701559034705	100
525_Teno_3445_2002	North-Norway	M0.40	-0.0131	-0.0151	9.20000000000006e-05	-0.001033	0.00103708871365954	100
526_Teno_3449_2002	North-Norway	M0.40	-0.007	-0.015	-0.000714	-0.000498000000000001	0.000870517087712815	100
527_Teno_3451_2002	North-Norway	M0.40	-0.0147	-0.0152	-0.001253	-0.000527	0.00135931526880264	100
528_Teno_3453_2002	North-Norway	M0.40	-0.0153	-0.0151	-0.000216000000000001	-0.000618999999999999	0.000655604301389184	100
529_Teno_3455_2002	North-Norway	M0.40	-0.0175	-0.0131	-0.000849999999999998	-0.000552	0.00101351073008627	100
530_Teno_3457_2002	North-Norway	M0.40	-0.0089	-0.0064	-0.00077	7.70000000000003e-05	0.000773840422826309	100
531_Teno_3459_2002	North-Norway	M0.40	-0.0114	-0.0147	-0.000591	-0.000409	0.00071872247773393	100
532_Teno_3468_2002	North-Norway	M0.40	-0.0124	-0.0142	-0.000605	3.00000000000008e-05	0.000605743344990269	100
533_Teno_3469_2002	North-Norway	M0.40	-0.0142	-0.0134	-0.000429999999999999	-0.000431	0.000608819349232594	100
534_Teno_3470_2002	North-Norway	M0.40	-0.0093	-0.0114	-0.000122000000000001	-0.000563	0.000576066836400083	100
535_Teno_3471_2002	North-Norway	M0.40	-0.0106	-0.0108	-0.00029	-0.000372999999999999	0.000472471163141201	100
536_Teno_3477_2002	North-Norway	M0.40	-0.01	-0.0106	-0.000196	3.50000000000001e-05	0.00019910047714659	100
537_Teno_3478_2002	North-Norway	M0.40	-0.0085	-0.0124	-0.000405999999999999	-0.000212	0.000458017466915837	100
538_Teno_3479_2002	North-Norway	M0.40	-0.0084	-0.0132	-0.000819	-0.000259	0.000858977298885134	100
539_Teno_3480_2002	North-Norway	M0.40	-0.0131	-0.0103	-5.09999999999995e-05	-6.19999999999998e-05	8.02807573457048e-05	100
540_Teno_3486_2002	North-Norway	M0.40	-0.0088	-0.0136	-0.000118	-0.000402000000000001	0.000418960618674358	100
541_Teno_3490_2002	North-Norway	M0.40	-0.0116	-0.0169	-0.000789000000000001	-0.000782000000000002	0.00111087578063436	100
542_Teno_3492_2002	North-Norway	M0.40	-0.0135	-0.0137	-0.000122	-0.000218	0.000249815932238118	100
543_Teno_3493_2002	North-Norway	M0.40	-0.0122	-0.013	-0.000285999999999999	-0.000471000000000001	0.000551032666908233	100
544_Teno_3502_2002	North-Norway	M0.40	-0.0017	0.0019	-0.00013	0.000281	0.00030961427615664	100
545_Teno_3506_2002	North-Norway	M0.40	-0.0109	-0.0158	0.000102	-0.000436999999999998	0.000448746030623112	100
546_Teno_3508_2002	North-Norway	M0.40	-0.0132	-0.009	-0.000433	-1.30000000000007e-05	0.000433195106158876	100
547_Teno_3510_2002	North-Norway	M0.40	-0.0075	-0.0132	-0.00024	-0.00073	0.000768439978137525	100
548_Teno_3511_2002	North-Norway	M0.40	-0.0157	-0.0124	-0.000262000000000001	-2.90000000000005e-05	0.000263600075872525	100
549_Teno_3512_2002	North-Norway	M0.40	-0.0089	-0.0117	0.000155	-0.000274	0.000314803113072282	100
550_Teno_3520_2002	North-Norway	M0.40	-0.0113	-0.0148	-0.000298000000000001	-0.000385999999999999	0.000487647413609464	100
551_Teno_3526_2002	North-Norway	M0.40	-0.0115	-0.0039	0.000375	-0.000266	0.000459761894897783	100
552_Teno_3528_2002	North-Norway	M0.40	-0.0129	-0.0116	-0.000578	-0.000774000000000001	0.000966002070391157	100
553_Teno_3533_2002	North-Norway	M0.40	-0.009	-0.0098	-0.000519000000000001	-0.000272	0.000585956483025831	100
554_Teno_3537_2002	North-Norway	M0.40	-0.0074	-0.0151	-0.000665	-0.000430999999999999	0.000792455676993988	100
555_Teno_3538_2002	North-Norway	M0.40	-0.0114	-0.0128	-0.000723999999999999	-0.000376999999999999	0.000816275076184492	100
556_Teno_3725_2002	North-Norway	M0.40	-0.0163	-0.0075	-0.000386000000000001	-3.80000000000002e-05	0.00038786595622715	100
557_Teno_3732_2002	North-Norway	M0.40	-0.0109	-0.0164	-0.000422	-0.000545999999999999	0.000690072459963444	100
558_Teno_3733_2002	North-Norway	M0.40	-0.0139	-0.01	-0.000502000000000001	-3e-04	0.000584811080606379	100
559_Teno_3734_2002	North-Norway	M0.40	-0.0146	-0.0127	-0.000282	-0.000968000000000001	0.00100824005078156	100
560_Teno_3739_2002	North-Norway	M0.40	-0.0114	-0.0108	-0.000150999999999999	0.000542	0.000562641093415688	100
561_Teno_3740_2002	North-Norway	M0.40	-0.0113	-0.0119	0.000300999999999999	-0.000933999999999999	0.000981303724643903	100
562_Teno_3741_2002	North-Norway	M0.40	-0.0141	-0.0121	-0.000304	2.29999999999995e-05	0.000304868824250693	100
563_Teno_3743_2002	North-Norway	M0.40	-0.013	-0.0146	-0.000357000000000001	-0.000813	0.000887929051219747	100
564_Teno_3747_2002	North-Norway	M0.40	-0.0081	-0.0138	1.89999999999995e-05	-0.00087	0.000870207446532148	100
565_Teno_3748_2002	North-Norway	M0.40	-0.006	-0.0064	-0.000279	-0.000471	0.000547432187581256	100
566_Teno_3813_2002	North-Norway	M0.40	-0.0105	-0.0045	-0.000698999999999999	-3.80000000000003e-05	0.000700032142119202	100
567_Teno_3816_2002	North-Norway	M0.40	-0.0128	-0.0113	-0.000887999999999999	-0.000534000000000001	0.00103619496235023	100
568_Teno_3821_2002	North-Norway	M0.40	-0.0148	-0.0165	-0.000618999999999999	-2.89999999999991e-05	0.000619678949134146	100
569_Teno_3822_2002	North-Norway	M0.40	-0.0198	-0.0141	-0.000499999999999998	-0.000829	0.000968112080288227	100
570_Teno_3930_2002	North-Norway	M0.40	-0.0095	-0.0113	-0.000472	-0.000208000000000001	0.000515798410234076	100
571_Teno_3931_2002	North-Norway	M0.40	-0.0062	-0.008	-0.000181	0.000148	0.000233805474700658	100
572_Teno_3938_2002	North-Norway	M0.40	-0.0127	-0.0087	-0.000858	-0.000364000000000001	0.000932019313104617	100
573_Teno_3941_2002	North-Norway	M0.40	-0.0161	-0.0115	-0.000881	0.000535	0.00103072110679854	100
574_Teno_3980_2002	North-Norway	M0.40	-0.0124	-0.0113	-0.000102	-1.40000000000007e-05	0.000102956301409871	100
575_Teno_3982_2002	North-Norway	M0.40	-0.0098	-0.0129	-0.000527	-0.000634	0.000824430106194576	100
576_Teno_3984_2002	North-Norway	M0.40	-0.0139	-0.0146	-0.000336000000000001	-0.000175	0.000378841655576575	100
577_Teno_3989_2002	North-Norway	M0.40	-0.0067	-0.0142	4.70000000000002e-05	-0.000462999999999999	0.000465379415101269	100
578_Teno_3990_2002	North-Norway	M0.40	-0.0047	-0.0145	-0.000101	-0.000566999999999999	0.000575925342383888	100
579_Teno_3993_2002	North-Norway	M0.40	-0.0134	-0.0146	-0.000833999999999999	0.000251	0.000870951778228852	100
580_Teno_3994_2002	North-Norway	M0.40	-0.0065	-0.006	-0.000685	4.60000000000001e-05	0.000686542788178567	100
581_Teno_3996_2002	North-Norway	M0.40	-0.0103	-0.0155	-0.000513	-0.000875	0.00101429482893289	100
582_Teno_4001_2002	North-Norway	M0.40	-0.0147	-0.0084	-0.000234	-0.000151	0.000278490574346782	100
583_Teno_4124_2002	North-Norway	M0.40	-0.014	-0.0168	-0.000328	-0.000855000000000001	0.000915755971861501	100
584_Teno_4134_2002	North-Norway	M0.40	-0.0155	-0.0146	-0.000689	-0.000165	0.000708481474704879	100
585_Teno_4135_2002	North-Norway	M0.40	-0.0172	-0.0159	-0.000242	-0.000706999999999999	0.000747270366065722	100
586_Teno_4144_2002	North-Norway	M0.40	-0.0079	-0.0105	0.000134000000000001	-0.000574999999999999	0.000590407486402399	100
587_Teno_4146_2002	North-Norway	M0.40	-0.0122	-0.0066	-0.000709999999999999	-0.000181	0.000732707990948644	100
588_Teno_4160_2002	North-Norway	M0.40	-0.0133	-0.0097	-0.000524000000000001	0.000488	0.000716044691342657	100
589_Teno_4191_2002	North-Norway	M0.40	-0.0113	-0.012	-0.000232000000000001	-0.000325	0.000399310656006073	100
590_Teno_4233_2002	North-Norway	M0.40	-0.0058	-0.0114	0.00011	-0.000137	0.000175695759766705	100
591_Teno_4235_2002	North-Norway	M0.40	-0.0131	-0.0138	-0.000707	-5.10000000000003e-05	0.000708837075779759	100
592_Teno_4236_2002	North-Norway	M0.40	-0.0082	-0.0103	-4.49999999999993e-05	0.000238	0.000242216844996379	100
593_Teno_4243_2002	North-Norway	M0.40	-0.0081	-0.0121	8.49999999999995e-05	-0.000159	0.000180294204011111	100
594_Teno_4244_2002	North-Norway	M0.40	-0.0114	-0.0173	-0.000329	-0.000607	0.000690427403859378	100
595_Teno_4288_2002	North-Norway	M0.40	-0.0083	-0.0125	-0.000258	-0.000465999999999999	0.000532653733676954	100
596_Teno_4290_2002	North-Norway	M0.40	-0.012	-0.0066	-0.000544	-0.000243	0.000595806176537303	100
597_Teno_4294_2002	North-Norway	M0.40	-0.007	-0.012	-0.000989	-0.000808	0.00127710023099207	100
598_Teno_4300_2002	North-Norway	M0.40	-0.0179	-0.0106	-0.000226000000000001	0.000462	0.000514315078526773	100
599_Teno_4313_2002	North-Norway	M0.40	-0.0121	-0.0069	-0.000369	-9.40000000000001e-05	0.000380784716079835	100
5_64	Spain-Cant	M0.40	-4e-04	0.0198	0.000441	0.000595999999999998	0.000741415538008206	100
5_65	Spain-Cant	M0.40	-0.0048	0.0406	1.99999999999996e-05	0.001188	0.00118816833824168	100
5_66	Spain-Cant	M0.40	4e-04	0.026	-0.000302	0.000922000000000001	0.000970199979385695	100
5_67	Spain-Cant	M0.40	-0.0014	0.0387	0.000387	0.001101	0.00116703470385418	100
5_68	Spain-Cant	M0.40	-6e-04	0.0297	-0.000238	0.000944999999999999	0.000974509620270625	100
5_69	Spain-Cant	M0.40	0.0033	0.029	0.000324	0.000925999999999999	0.000981046380147237	100
5_70	Spain-Cant	M0.40	-0.0012	0.0289	-0.000201	0.000896000000000001	0.000918268479258655	100
5_71	Spain-Cant	M0.40	-0.0024	0.0308	0.000475	0.001064	0.00116521285609111	100
5_72	Spain-Cant	M0.40	-5e-04	0.0263	0.000164	0.001232	0.00124286765184391	100
5_73	Spain-Cant	M0.40	2e-04	0.022	-0.000678	0.000893000000000001	0.00112121942544713	100
5_74	Spain-Cant	M0.40	0.0012	0.0266	-0.000251	0.001352	0.0013751018144123	100
5_75	Spain-Cant	M0.40	-0.003	0.0209	-0.000124	0.000954000000000002	0.000962024947701463	100
5_76	Spain-Cant	M0.40	-7e-04	0.0261	0.000717	0.001279	0.00146626395986534	100
5_77	Spain-Cant	M0.40	-3e-04	0.0067	-9.60000000000001e-05	-0.000114	0.000149036908180491	100
5_78	Spain-Cant	M0.40	-8e-04	0.0241	0.000597	0.00111	0.00126036066266764	100
5_79	Spain-Cant	M0.40	0.0072	0.0177	0.000361	-3.00000000000005e-05	0.000362244392641211	100
600_Teno_4318_2002	North-Norway	M0.40	-0.0117	-0.0097	-0.000948	-0.000284	0.000989626192054353	100
601_Teno_4337_2002	North-Norway	M0.40	-0.01	-0.0141	-0.000201	-0.000361	0.000413185188505106	100
602_Teno_4342_2002	North-Norway	M0.40	-0.0138	-0.0101	-0.000408	-0.000286	0.000498256961817896	100
603_Teno_4367_2002	North-Norway	M0.40	-0.0106	-0.0085	4.4e-05	-0.000449999999999999	0.000452145994121367	100
604_Teno_4410_2002	North-Norway	M0.40	-0.0112	-0.0119	-0.000245	-0.000823999999999999	0.000859651673644621	100
605_Teno_4417_2002	North-Norway	M0.40	-0.0091	-0.0127	-0.000611999999999999	-0.000445	0.000756682892630724	100
606_Teno_4425_2002	North-Norway	M0.40	-0.0108	-0.0124	-0.000184999999999999	-0.000305	0.000356721179634739	100
607_Teno_4432_2002	North-Norway	M0.40	-0.0098	-0.011	-0.000571	-0.000707000000000001	0.00090878490304362	100
608_Teno_4443_2002	North-Norway	M0.40	-0.0137	-0.0148	-0.000488	-0.000404999999999999	0.000634167958824789	100
609_Teno_4444_2002	North-Norway	M0.40	-0.0135	-0.0102	-0.000428	-0.000521999999999999	0.000675031851100375	100
610_Teno_4451_2002	North-Norway	M0.40	-0.0127	-0.0151	-0.000163	-0.000215999999999999	0.000270601182554696	100
611_Teno_4453_2002	North-Norway	M0.40	-0.0156	-0.0127	-0.000690000000000001	-0.000543000000000001	0.000878037015165079	100
612_Teno_4461_2002	North-Norway	M0.40	-0.0141	-0.01	-0.000699	-0.000626	0.000938337359375614	100
613_Teno_4468_2002	North-Norway	M0.40	-0.0141	-0.0077	2.79999999999997e-05	-2.99999999999982e-06	2.81602556806571e-05	100
614_Teno_4475_2002	North-Norway	M0.40	-0.0112	-0.0139	-0.000468	-0.000539000000000001	0.000713824208051255	100
615_Teno_4477_2002	North-Norway	M0.40	-0.0144	-0.0126	-0.000818	-0.000375	0.000899860544751241	100
616_Teno_4478_2002	North-Norway	M0.40	-0.0138	-0.008	-0.000325	-0.000246	0.000407603974465412	100
617_Teno_4479_2002	North-Norway	M0.40	-0.0035	-0.0208	0.000434	-0.000976000000000001	0.00106814418502373	100
618_Teno_4485_2002	North-Norway	M0.40	-0.0105	-0.0182	1.10000000000006e-05	-0.000491999999999999	0.000492122952116642	100
619_Teno_4532_2002	North-Norway	M0.40	-0.0069	-0.0119	-0.000449	-2.19999999999991e-05	0.000449538652398212	100
620_Teno_4536_2002	North-Norway	M0.40	-0.012	-0.0149	-0.00029	-0.000237	0.000374525032541217	100
621_Teno_4537_2002	North-Norway	M0.40	-0.0114	-0.0123	-0.000142	-0.000509	0.000528436372707254	100
622_Teno_4540_2002	North-Norway	M0.40	-0.0115	-0.0176	-0.000297	-0.000453999999999999	0.000542517280830758	100
623_Teno_4542_2002	North-Norway	M0.40	-0.0103	-0.0082	3.70000000000001e-05	-9.29999999999993e-05	0.000100089959536408	100
624_Teno_4548_2002	North-Norway	M0.40	-0.0153	-0.0157	-0.000399000000000001	-0.000315000000000001	0.00050835617435023	100
625_Teno_4556_2002	North-Norway	M0.40	-0.0022	-0.003	-8.29999999999999e-05	7.60000000000001e-05	0.000112538882169675	100
626_Teno_4562_2002	North-Norway	M0.40	-0.0114	-0.016	-0.000656	-5.89999999999996e-05	0.000658647857356266	100
627_Teno_4563_2002	North-Norway	M0.40	-0.0101	-0.013	0.000246	-0.000576000000000001	0.000626332180236654	100
628_Teno_4570_2002	North-Norway	M0.40	-0.0067	-0.0157	2.60000000000002e-05	-0.000751000000000001	0.000751449931798521	100
629_Teno_4579_2002	North-Norway	M0.40	-0.0162	-0.0132	-0.000265000000000001	-0.000236	0.000354853490894482	100
630_Teno_4580_2002	North-Norway	M0.40	-0.0099	-0.0101	-0.000516999999999999	-0.000402	0.000654899228889452	100
631_Teno_4583_2002	North-Norway	M0.40	-0.0134	-0.0119	-9.89999999999995e-05	-0.000425999999999999	0.000437352260769279	100
632_Teno_4592_2002	North-Norway	M0.40	-0.014	-0.0126	0.000169	5.10000000000001e-05	0.000176527618235788	100
633_Teno_4595_2002	North-Norway	M0.40	-0.0066	-0.0126	1.2e-05	-4.09999999999998e-05	4.27200187265875e-05	100
634_Teno_4596_2002	North-Norway	M0.40	-0.0126	-0.0097	-0.000548	-0.000712	0.000898469810288581	100
635_Teno_4599_2002	North-Norway	M0.40	-0.0165	-0.0124	-0.000263999999999999	-0.000848	0.000888144132446981	100
636_Teno_4650_2002	North-Norway	M0.40	-0.0175	-0.0146	-0.000486999999999998	-0.000745	0.00089005280742212	100
637_Teno_4695_2002	North-Norway	M0.40	-0.0086	-0.0144	-0.000276	-0.000409	0.000493413619593136	100
638_Teno_4775_2002	North-Norway	M0.40	-0.0109	-0.0137	-3.00000000000001e-05	-0.000679	0.000679662416203809	100
639_Teno_4788_2002	North-Norway	M0.40	-0.0137	-0.0099	-0.000218	-0.000608999999999999	0.00064684233009289	100
640_Teno_4793_2002	North-Norway	M0.40	-0.0057	-0.0087	-0.000486	0.000304999999999999	0.000573777831568979	100
641_Teno_4794_2002	North-Norway	M0.40	-0.0146	-0.0117	-0.000312	-0.00053	0.000615015446960481	100
642_Teno_2303_2003	North-Norway	M0.40	-0.0127	-0.0087	-0.000536	-0.001131	0.00125158179916456	100
643_Teno_2519_2003	North-Norway	M0.40	-0.0126	-0.0139	-0.000572	-0.000918000000000001	0.00108162285478812	100
644_Teno_2520_2003	North-Norway	M0.40	-0.0152	-0.0088	-0.000122	0.000133	0.000180479915780123	100
645_Teno_2605_2003	North-Norway	M0.40	-0.0137	-0.0096	5.10000000000004e-05	-0.000387000000000001	0.000390346000363781	100
646_Teno_2608_2003	North-Norway	M0.40	-0.0057	-0.0179	-8.99999999999981e-06	-0.000609000000000001	0.000609066498832435	100
647_Teno_2632_2003	North-Norway	M0.40	-0.0157	-0.0127	0.000129999999999999	-0.000736000000000001	0.00074739280167794	100
648_Teno_2635_2003	North-Norway	M0.40	-0.016	-0.0104	-0.000588	-0.001004	0.0011635119251645	100
649_Teno_2683_2003	North-Norway	M0.40	-0.0108	-0.0099	0.000252000000000001	-0.000322999999999999	0.000409674260846346	100
650_Teno_2684_2003	North-Norway	M0.40	-0.0091	-0.0097	0.000156	-0.000329	0.000364111246736488	100
651_Teno_2687_2003	North-Norway	M0.40	-0.014	-0.0134	-0.000645	-0.000479	0.000803408986755811	100
652_Teno_2689_2003	North-Norway	M0.40	-0.0148	-0.0118	-0.000354999999999999	-0.00081	0.000884378312714644	100
653_Teno_2690_2003	North-Norway	M0.40	-0.0081	-0.0125	-0.000375	-0.000929999999999999	0.0010027586948015	100
654_Teno_2691_2003	North-Norway	M0.40	-0.0014	-0.0064	0.000208	0.000218	0.000301310471109121	100
655_Teno_2692_2003	North-Norway	M0.40	-0.0124	-0.0152	-0.000455000000000001	-0.000742	0.000870395886938812	100
656_Teno_2776_2003	North-Norway	M0.40	-0.0144	-0.0075	0.000239	-0.000481	0.00053710520384744	100
657_Teno_2788_2003	North-Norway	M0.40	-0.0055	-0.0107	-0.000608	-0.000157000000000001	0.000627943468793171	100
658_Teno_2790_2003	North-Norway	M0.40	-0.0134	-0.0173	-0.000553	-0.000602000000000001	0.000817442964371216	100
659_Teno_2792_2003	North-Norway	M0.40	-0.0118	-0.0114	-0.000385	-0.000245	0.000456344168364185	100
660_Teno_2798_2003	North-Norway	M0.40	-0.0113	-0.0143	-0.000263000000000001	-0.000707	0.000754332817793313	100
661_Teno_2799_2003	North-Norway	M0.40	-0.0101	-0.0071	-0.000619000000000001	-0.000131	0.000632710044175055	100
662_Teno_2800_2003	North-Norway	M0.40	-0.0086	-0.0114	-5.8e-05	-0.000726	0.000728313119475408	100
663_Teno_2801_2003	North-Norway	M0.40	-0.0099	-0.0072	-3.59999999999993e-05	-0.000531	0.000532218939911011	100
664_Teno_2804_2003	North-Norway	M0.40	-0.0127	-0.0159	-7.50000000000004e-05	-0.000637999999999999	0.000642393181781998	100
665_Teno_2805_2003	North-Norway	M0.40	-0.0156	-0.0116	-0.00064	-0.000175000000000001	0.000663494536526113	100
666_Teno_2806_2003	North-Norway	M0.40	-0.0093	-0.0045	-0.000451000000000001	-0.000856	0.00096754173036619	100
667_Teno_2808_2003	North-Norway	M0.40	-0.0157	-0.0112	-0.000207000000000001	-0.000208	0.000293450166127063	100
668_Teno_2809_2003	North-Norway	M0.40	-0.0098	-0.0076	-5.80000000000003e-05	-0.000327	0.00033210389940499	100
669_Teno_2814_2003	North-Norway	M0.40	-0.0154	-0.0066	-9.69999999999996e-05	-0.000391	0.000402852330265074	100
670_Teno_2816_2003	North-Norway	M0.40	-0.0137	-0.0053	-0.000241	-0.000107	0.000263685418633643	100
671_Teno_2820_2003	North-Norway	M0.40	-0.0041	-0.0219	0.000117	-0.000958000000000001	0.000965118127484922	100
672_Teno_2822_2003	North-Norway	M0.40	-0.0079	-0.0094	-0.000600999999999999	0.00033	0.000685639117903872	100
673_Teno_2824_2003	North-Norway	M0.40	-0.0175	-0.0157	-0.000402999999999998	-0.000703000000000001	0.000810319689998954	100
674_Teno_2827_2003	North-Norway	M0.40	-0.0059	-0.0136	0.000447	-0.000174000000000001	0.000479671762771169	100
675_Teno_2853_2003	North-Norway	M0.40	-0.01	-0.0157	-0.000139	-0.000393000000000001	0.000416857289728752	100
676_Teno_2895_2003	North-Norway	M0.40	-0.0104	-0.0124	-0.000285	-0.000346	0.000448264430888734	100
677_Teno_2929_2003	North-Norway	M0.40	-0.0155	-0.0144	-0.000592	-0.00062	0.000857242089493978	100
678_Teno_2955_2003	North-Norway	M0.40	-0.0125	-0.0088	-0.000398999999999999	0.000176000000000001	0.000436092880015255	100
679_Teno_2989_2003	North-Norway	M0.40	-0.0111	-0.0141	-0.000337	-0.000771	0.00084143330098113	100
680_Teno_3022_2003	North-Norway	M0.40	-0.014	-0.0109	-0.000292	8.2e-05	0.000303295235702772	100
681_Teno_3024_2003	North-Norway	M0.40	-0.0082	-0.0143	-0.000165999999999999	-0.000147	0.000221731819998844	100
682_Teno_3025_2003	North-Norway	M0.40	-0.0042	-0.0054	-4.70000000000002e-05	-0.000365	0.000368013586705708	100
683_Teno_3026_2003	North-Norway	M0.40	-0.0077	-0.0143	0.000179	-0.00059	0.000616555755791802	100
684_Teno_3033_2003	North-Norway	M0.40	-0.0087	-0.0109	0.000169999999999999	-0.000793	0.000811017262454999	100
685_Teno_3035_2003	North-Norway	M0.40	-0.0107	-0.0067	-0.000102000000000001	-5.79999999999997e-05	0.000117337121150981	100
686_Teno_3058_2003	North-Norway	M0.40	-0.0127	-0.0067	-0.000521000000000001	0.000541	0.000751080554934024	100
687_Teno_3060_2003	North-Norway	M0.40	-0.0073	-0.0133	-0.000223	-0.000423000000000001	0.000478181973729668	100
688_Teno_3061_2003	North-Norway	M0.40	-0.0163	-0.0108	-0.000535000000000002	-0.000636999999999999	0.000831861767362824	100
689_Teno_3062_2003	North-Norway	M0.40	-0.0113	-0.0124	-0.000326000000000001	-0.00071	0.000781265639843454	100
690_Teno_3063_2003	North-Norway	M0.40	-0.0127	-0.0085	-0.000451000000000001	-0.000889999999999999	0.000997747964167304	100
691_Teno_3069_2003	North-Norway	M0.40	-0.0143	-0.0127	-0.000276	-0.000381	0.000470464663922807	100
692_Teno_3086_2003	North-Norway	M0.40	-0.0125	-0.0059	-0.000254999999999999	0.000254	0.000359918046227193	100
693_Teno_3089_2003	North-Norway	M0.40	-0.0079	-0.0096	-0.000596999999999999	-0.001046	0.00120437743253517	100
694_Teno_3091_2003	North-Norway	M0.40	-0.0065	-0.0166	-3.00000000000031e-06	-0.000828	0.000828005434764772	100
695_Teno_3137_2003	North-Norway	M0.40	-0.0109	-0.013	-0.000594	-0.000651000000000001	0.000881270106153613	100
696_Teno_3139_2003	North-Norway	M0.40	-0.0158	-0.0044	-0.000814999999999998	-0.000366	0.000893409760412319	100
697_Teno_3141_2003	North-Norway	M0.40	-0.0161	-0.0131	-0.000124	-0.000590999999999999	0.000603868363138854	100
698_Teno_3144_2003	North-Norway	M0.40	-0.0195	-0.0124	-0.00034	-0.000525	0.000625479815821422	100
699_Teno_3147_2003	North-Norway	M0.40	-0.0072	-0.0075	-8.30000000000002e-05	0.000271	0.000283425475213503	100
6_80	Spain-Cant	M0.40	0.0027	0.0281	0.000379	0.000966	0.00103768829616605	100
6_81	Spain-Cant	M0.40	-5e-04	0.0313	0.000132	0.001179	0.00118636630093745	100
6_82	Spain-Cant	M0.40	0.0058	0.0236	3.0000000000004e-06	0.001208	0.00120800372515982	100
6_83	Spain-Cant	M0.40	-0.0031	0.0192	-0.000549	0.000954000000000002	0.00110068932946586	100
6_84	Spain-Cant	M0.40	-0.0011	0.0288	-0.000734	0.000461000000000001	0.000866762366511145	100
6_85	Spain-Cant	M0.40	-0.0018	0.0284	-0.000271	0.001399	0.00142500596489979	100
6_86	Spain-Cant	M0.40	0.0031	0.0223	0.000407	0.000657	0.000772850567703744	100
6_87	Spain-Cant	M0.40	8e-04	0.0233	8e-05	0.000660999999999999	0.000665823550199299	100
6_88	Spain-Cant	M0.40	0.0012	0.0264	-4.39999999999999e-05	0.001147	0.0011478436304654	100
6_89	Spain-Cant	M0.40	0.0061	0.0276	0.000281	0.000568	0.000633707345704624	100
6_90	Spain-Cant	M0.40	-0.0048	0.0239	-0.000232	0.000709999999999999	0.000746943103589556	100
6_91	Spain-Cant	M0.40	0.0037	0.0235	0.000452	0.000762	0.000885972911549783	100
6_92	Spain-Cant	M0.40	-0.0016	0.0243	-0.000226	0.000844000000000001	0.000873734513453602	100
6_93	Spain-Cant	M0.40	9e-04	0.0283	-0.000133	0.001106	0.00111396813239877	100
6_94	Spain-Cant	M0.40	0.0037	0.033	-0.000276	0.000997999999999998	0.00103546124987852	100
6_95	Spain-Cant	M0.40	-0.0055	0.0275	4.99999999999967e-06	0.001287	0.00128700971247306	100
700_Teno_3151_2003	North-Norway	M0.40	-0.0096	-0.0141	-0.000250000000000001	-0.000597	0.000647231797735557	100
701_Teno_3153_2003	North-Norway	M0.40	-0.0115	-0.0084	-9.30000000000003e-05	-7.70000000000005e-05	0.00012073938876771	100
702_Teno_3154_2003	North-Norway	M0.40	-0.0113	-0.0123	-0.000227000000000001	-0.000747	0.000780729146375361	100
703_Teno_3155_2003	North-Norway	M0.40	-0.0165	-0.0088	-0.000752999999999999	-0.000585999999999999	0.000954151455482828	100
704_Teno_3159_2003	North-Norway	M0.40	-0.007	-0.0034	-4.39999999999999e-05	-0.000242	0.000245967477524977	100
705_Teno_3160_2003	North-Norway	M0.40	-0.0157	-0.0168	-0.000277000000000001	-0.000836000000000001	0.000880695747690428	100
706_Teno_3161_2003	North-Norway	M0.40	-0.0104	-0.0189	-0.000746	-0.000629	0.0009757853247513	100
707_Teno_3168_2003	North-Norway	M0.40	-0.0093	-0.0152	6.89999999999992e-05	-0.000464	0.00046910233425128	100
708_Teno_3173_2003	North-Norway	M0.40	-0.0129	-0.0091	-0.000599	-8.99999999999995e-05	0.000605723534295969	100
709_Teno_3179_2003	North-Norway	M0.40	-0.0142	-0.0121	0.000281000000000001	-0.000138	0.000313057502705175	100
710_Teno_3184_2003	North-Norway	M0.40	-0.0152	-0.002	-0.000859	0.000534	0.00101145291536482	100
711_Teno_3186_2003	North-Norway	M0.40	-0.0086	-0.0094	-0.000506	0.000135	0.000523699341225479	100
712_Teno_3189_2003	North-Norway	M0.40	-0.0105	-0.0041	-1.29999999999994e-05	-0.000232	0.000232363938682404	100
713_Teno_3192_2003	North-Norway	M0.40	-0.0034	-0.0085	4.99999999999981e-06	-0.000102999999999999	0.000103121287811974	100
714_Teno_3193_2003	North-Norway	M0.40	-0.0127	-0.0089	-0.000574000000000001	0.000158	0.000595348637354618	100
715_Teno_3196_2003	North-Norway	M0.40	-0.0083	-0.0115	-0.000225	-0.000795	0.000826226361235225	100
716_Teno_3197_2003	North-Norway	M0.40	-0.0092	-0.0109	-1.10000000000002e-05	-0.000642	0.00064209422984481	100
717_Teno_3204_2003	North-Norway	M0.40	-0.0097	-0.017	0.000121	-0.000269999999999999	0.000295873283687459	100
718_Teno_3210_2003	North-Norway	M0.40	-0.0101	-0.0151	-0.000202	-0.000299999999999999	0.000361668356370861	100
719_Teno_3215_2003	North-Norway	M0.40	-0.0067	-0.0119	2.20000000000002e-05	-0.000419999999999999	0.000420575795784778	100
720_Teno_3216_2003	North-Norway	M0.40	-0.0149	-0.0141	-0.000539	-0.00027	0.000602844092614334	100
721_Teno_3217_2003	North-Norway	M0.40	-0.0037	-0.007	0.000129	-0.000727	0.000738356282562829	100
722_Teno_3218_2003	North-Norway	M0.40	-0.006	-0.0142	-0.000423	-0.000973999999999999	0.0010618874704977	100
723_Teno_3223_2003	North-Norway	M0.40	-0.007	-0.0149	-0.000283	-0.000415	0.000502308670042634	100
724_Teno_3224_2003	North-Norway	M0.40	-0.0148	-0.0078	-0.000446999999999999	-0.000368	0.000578993091495917	100
725_Teno_3230_2003	North-Norway	M0.40	-0.0124	-0.0131	-0.000264	-0.000427999999999999	0.000502871753034508	100
726_Teno_3231_2003	North-Norway	M0.40	-0.0127	-0.0111	-0.000437000000000001	1.30000000000005e-05	0.000437193321083477	100
727_Teno_3233_2003	North-Norway	M0.40	-0.0127	-0.0133	-0.000385000000000001	0.000696999999999999	0.000796262519524811	100
728_Teno_3235_2003	North-Norway	M0.40	-0.0083	-0.0053	-0.000446	8.80000000000001e-05	0.000454598724151311	100
729_Teno_3244_2003	North-Norway	M0.40	-0.0094	-0.0154	-9.59999999999996e-05	-0.000686999999999999	0.000693674995945507	100
730_Teno_3245_2003	North-Norway	M0.40	-0.0167	-0.0145	-0.000822	-0.000868999999999999	0.00119617933438093	100
731_Teno_3249_2003	North-Norway	M0.40	-0.0144	-0.0148	3.99999999999996e-05	-0.000292999999999999	0.000295717770855929	100
732_Teno_3250_2003	North-Norway	M0.40	-0.0118	-0.0143	-0.000291	-0.000216	0.000362404470171106	100
733_Teno_3251_2003	North-Norway	M0.40	-0.0101	-0.0113	-2.00000000000033e-06	-0.000400000000000001	0.000400004999968751	100
734_Teno_3253_2003	North-Norway	M0.40	-0.0171	-0.0073	-0.000564999999999999	-0.000687	0.000889490865607961	100
735_Teno_3254_2003	North-Norway	M0.40	-0.0171	-0.011	-6.79999999999994e-05	-0.000463000000000001	0.000467966879169884	100
736_Teno_3257_2003	North-Norway	M0.40	-0.0185	-0.0146	-0.000646000000000001	-0.000251	0.000693049060312473	100
737_Teno_3259_2003	North-Norway	M0.40	-0.0076	-0.0064	0.000155	-0.000559	0.000580091372113049	100
738_Teno_3265_2003	North-Norway	M0.40	-0.0055	-0.013	-0.00041	-0.000580000000000001	0.000710281634283191	100
739_Teno_3269_2003	North-Norway	M0.40	-0.0144	-0.0119	-4e-04	-0.000116999999999999	0.000416760122852463	100
740_Teno_3272_2003	North-Norway	M0.40	-0.0121	-0.0126	0.000194	-0.000814	0.000836798661566807	100
741_Teno_3277_2003	North-Norway	M0.40	-0.011	-0.0166	-3.50000000000007e-05	-0.000273	0.000275234445518725	100
742_Teno_3278_2003	North-Norway	M0.40	-0.007	-0.0171	-0.000691	-0.001074	0.00127708926861046	100
743_Teno_3294_2003	North-Norway	M0.40	-0.0153	-0.0149	-0.000335	2.00000000000007e-06	0.000335005970096057	100
744_Teno_3300_2003	North-Norway	M0.40	-0.0099	-0.017	-9.39999999999992e-05	-0.000648999999999999	0.000655772064058845	100
745_Teno_3302_2003	North-Norway	M0.40	-0.0134	-0.0132	-0.000341	-0.000348	0.000487221715443801	100
746_Teno_3303_2003	North-Norway	M0.40	-0.0134	-0.0109	-0.000480999999999999	0.000571	0.000746593597615195	100
747_Teno_3305_2003	North-Norway	M0.40	-0.0106	-0.0077	-0.000249	0.000166	0.000299260755863511	100
748_Teno_3307_2003	North-Norway	M0.40	-0.0176	-0.0081	-0.000474999999999999	-0.000180000000000001	0.000507961612722851	100
749_Teno_3308_2003	North-Norway	M0.40	-0.0101	-0.0145	-0.000128	-0.000451999999999999	0.000469774413947801	100
750_Teno_3309_2003	North-Norway	M0.40	-0.0078	-0.0117	-0.000253	-0.000856	0.000892605736033552	100
751_Teno_3317_2003	North-Norway	M0.40	-0.0106	-0.0124	-0.000293	-0.00049	0.000570919433895887	100
752_Teno_3319_2003	North-Norway	M0.40	-0.0075	-0.0143	-0.000428	-0.000787	0.000895853224585367	100
753_Teno_3320_2003	North-Norway	M0.40	-0.0092	-0.0089	-0.000246	-0.000311	0.000396531209364408	100
754_Teno_3321_2003	North-Norway	M0.40	-0.0133	-0.0184	-0.000437000000000001	6.99999999999997e-05	0.000442570898275068	100
755_Teno_3347_2003	North-Norway	M0.40	-0.0175	-0.013	-0.000434999999999998	-0.000852000000000001	0.000956623750489188	100
756_Teno_3348_2003	North-Norway	M0.40	-0.0122	-0.0128	-0.000190999999999999	-0.000154999999999999	0.000245979673957015	100
757_Teno_3349_2003	North-Norway	M0.40	-0.0094	-0.0028	-0.000447	-0.000393	0.000595195766113973	100
758_Teno_3351_2003	North-Norway	M0.40	-0.0137	-0.0145	-0.000459	-0.000418999999999999	0.000621483708555582	100
759_Teno_3352_2003	North-Norway	M0.40	-0.0131	-0.0173	-0.000482	-0.000408000000000001	0.000631496634987076	100
760_Teno_3355_2003	North-Norway	M0.40	-0.0117	-0.0159	-0.000563	-0.000788999999999999	0.000969272923381231	100
761_Teno_3360_2003	North-Norway	M0.40	-0.0179	-0.0212	-0.000600000000000001	-0.000707	0.000927280432231804	100
762_Teno_3402_2003	North-Norway	M0.40	-0.0069	-0.0057	0.000145	-0.000474	0.000495682357967277	100
763_Teno_3409_2003	North-Norway	M0.40	-0.0182	-0.0074	-0.000486999999999999	-0.000132	0.000504572095938726	100
764_Teno_3410_2003	North-Norway	M0.40	-0.0138	-0.0184	-0.000413	-0.001024	0.00110414899356926	100
765_Teno_3498_2003	North-Norway	M0.40	-0.0131	-0.0156	-0.000199999999999999	-0.000570000000000001	0.000604069532421559	100
766_Teno_3503_2003	North-Norway	M0.40	-0.0077	-0.0137	-0.000317	-0.000131	0.00034300145772285	100
767_Teno_3504_2003	North-Norway	M0.40	-0.0116	-0.0101	-0.000325000000000001	-0.000442	0.00054862464399624	100
768_Teno_3505_2003	North-Norway	M0.40	-0.0077	-0.0126	-0.000289	-0.00042	0.000509824479600578	100
769_Teno_3506_2003	North-Norway	M0.40	-0.0118	-0.0138	5.39999999999997e-05	-5.90000000000003e-05	7.99812478022193e-05	100
770_Teno_3507_2003	North-Norway	M0.40	-0.0091	-0.0104	-0.000194	-0.000123	0.000229706334261813	100
771_Teno_3508_2003	North-Norway	M0.40	-0.0081	-0.0181	-0.000172	-0.000588999999999998	0.000613600032594522	100
772_Teno_3509_2003	North-Norway	M0.40	-0.0155	-0.0116	9e-06	-0.000266000000000001	0.000266152212089249	100
773_Teno_3511_2003	North-Norway	M0.40	-0.0128	-0.0128	-0.000408	-0.000754999999999999	0.000858189373040705	100
774_Teno_3513_2003	North-Norway	M0.40	-0.01	-0.0188	0.000248	-0.000561999999999999	0.000614286578072482	100
775_Teno_3517_2003	North-Norway	M0.40	-0.0149	-0.0121	-0.000212	-0.000356	0.000414342853202514	100
776_Teno_3548_2003	North-Norway	M0.40	-0.0126	-0.0086	-0.000151	-0.000139	0.000205236449004557	100
777_Teno_3549_2003	North-Norway	M0.40	-0.0072	-0.011	8.19999999999998e-05	-0.000308000000000001	0.000318728724780181	100
778_Teno_3550_2003	North-Norway	M0.40	-8e-04	-0.0123	-0.000287	-0.000606	0.000670525912996657	100
779_Teno_3551_2003	North-Norway	M0.40	-0.0095	-0.014	-0.000484	-0.000441	0.000654780115764063	100
780_Teno_3557_2003	North-Norway	M0.40	-0.0174	-0.0087	-0.000784000000000001	-0.001016	0.00128332069257844	100
781_Teno_3558_2003	North-Norway	M0.40	-0.005	-0.0093	1.60000000000001e-05	-0.000724000000000001	0.000724176773999278	100
782_Teno_3566_2003	North-Norway	M0.40	-0.0124	-0.0136	-0.000375	-8.0000000000006e-06	0.000375085323626506	100
783_Teno_3567_2003	North-Norway	M0.40	-0.0095	-0.0135	7.59999999999998e-05	-0.000696	0.000700137129425372	100
784_Teno_3574_2003	North-Norway	M0.40	-0.0114	-0.0069	-0.000164	-0.000659	0.000679100139891018	100
785_Teno_3598_2003	North-Norway	M0.40	-0.0082	-0.0142	0.000410000000000001	-0.000858999999999999	0.0009518303420253	100
786_Teno_3649_2003	North-Norway	M0.40	-0.0134	-0.008	-0.000397999999999999	-9.29999999999998e-05	0.000408721176353758	100
787_Teno_3650_2003	North-Norway	M0.40	-0.0109	-0.0113	-0.000864	9.29999999999993e-05	0.000868990793967347	100
788_Teno_3653_2003	North-Norway	M0.40	-0.0118	-0.0084	-0.000601	-0.000970000000000001	0.00114109640258832	100
789_Teno_3657_2003	North-Norway	M0.40	-0.0166	-0.0115	-0.001082	-0.000272	0.00111566482421917	100
790_Teno_3660_2003	North-Norway	M0.40	-0.0155	-0.0099	-0.000953	-5.99999999999992e-05	0.000954886904298096	100
791_Teno_3677_2003	North-Norway	M0.40	-0.0091	-0.0112	8.00000000000046e-06	-0.000104	0.000104307238483242	100
792_Teno_3679_2003	North-Norway	M0.40	-0.0164	-0.0108	-0.000149999999999999	-0.000622999999999999	0.000640803401988472	100
793_Teno_3681_2003	North-Norway	M0.40	-0.0137	-0.0114	1.70000000000003e-05	-0.000414	0.000414348886809172	100
794_Teno_3683_2003	North-Norway	M0.40	-0.011	-0.0144	-0.000163000000000001	-0.000626	0.000646873248789901	100
795_Teno_3684_2003	North-Norway	M0.40	-0.0101	-0.0075	-0.000187	0.000209	0.000280446073247603	100
796_Teno_3685_2003	North-Norway	M0.40	-0.0148	-0.0131	-0.000571999999999999	-0.000386999999999999	0.000690617839329393	100
797_Teno_3687_2003	North-Norway	M0.40	-0.0156	-0.0137	-0.000191000000000001	-0.001122	0.0011381410281683	100
798_Teno_3688_2003	North-Norway	M0.40	-0.0058	-0.0142	0.000162	-6.09999999999993e-05	0.000173104014973656	100
799_Teno_3690_2003	North-Norway	M0.40	-0.0091	-0.0061	-0.000129	-5.39999999999997e-05	0.00013984634424968	100
7_100	Spain-Atl	M0.40	-4e-04	0.0425	0.000129	0.001342	0.00134818581805328	100
7_101	Spain-Atl	M0.40	-0.0021	0.0312	0.000181	0.000964000000000002	0.000980845043827007	100
7_102	Spain-Atl	M0.40	-0.0017	0.0193	0.000332	0.000749999999999999	0.000820197537182354	100
7_103	Spain-Atl	M0.40	-4e-04	0.0474	-0.000215	0.000417000000000002	0.000469163084651811	100
7_104	Spain-Atl	M0.40	0.0063	0.0295	0.000344	0.001372	0.00141446809790819	100
7_105	Spain-Atl	M0.40	0.0054	0.0502	0.000205	0.000590999999999998	0.000625544562761117	100
7_106	Spain-Atl	M0.40	0.0037	0.0433	0.000546	0.001112	0.00123881394890436	100
7_107	Spain-Atl	M0.40	0.0034	0.0424	5.50000000000002e-05	0.00077	0.000771961786619001	100
7_108	Spain-Atl	M0.40	0.0044	0.0489	0.000313	0.001587	0.00161757163674441	100
7_109	Spain-Atl	M0.40	0.0015	0.043	-0.000145	0.001638	0.00164440536364973	100
7_110	Spain-Atl	M0.40	0.0015	0.0435	-3.7e-05	0.000742000000000003	0.000742921933987686	100
7_111	Spain-Atl	M0.40	6e-04	0.0425	2.50000000000001e-05	0.001076	0.00107629038832464	100
7_112	Spain-Atl	M0.40	0.0015	0.0464	-1.00000000000001e-05	0.000777000000000003	0.000777064347399882	100
7_96	Spain-Atl	M0.40	-0.0015	0.0389	5.00000000000003e-06	0.000974000000000003	0.000974012833591019	100
7_97	Spain-Atl	M0.40	-0.0055	0.0482	-0.000637	0.001116	0.001285	100
7_98	Spain-Atl	M0.40	0.0014	0.0538	0.000129	0.00105	0.00105789460722701	100
7_99	Spain-Atl	M0.40	0.0013	0.0465	1.00000000000005e-06	0.00114	0.00114000043859641	100
800_Teno_3692_2003	North-Norway	M0.40	-0.0128	-0.0144	-1.99999999999994e-05	-0.000286	0.000286698447850699	100
801_Teno_3695_2003	North-Norway	M0.40	-0.0127	-0.0157	-0.000196000000000001	-0.000717000000000001	0.000743306800722287	100
802_Teno_3858_2003	North-Norway	M0.40	-0.0071	-0.0132	-0.000132	1.9e-05	0.000133360413916574	100
803_Teno_3865_2003	North-Norway	M0.40	-0.0049	-0.0104	-0.000249	-0.000168000000000001	0.000300374765917512	100
804_Teno_3866_2003	North-Norway	M0.40	-0.0093	-0.0197	6.79999999999992e-05	-0.000643000000000001	0.000646585647845667	100
805_Teno_3870_2003	North-Norway	M0.40	-0.007	-0.0125	3.60000000000001e-05	-0.000304999999999999	0.000307117241456743	100
806_Teno_3892_2003	North-Norway	M0.40	-0.0115	-0.0028	-0.000327	0.000306	0.000447844839202151	100
807_Teno_3893_2003	North-Norway	M0.40	-0.0103	-0.0178	-0.000168	-0.000684	0.000704329468359801	100
808_Teno_3999_2003	North-Norway	M0.40	-0.0128	-0.0108	-0.000319999999999999	-0.000428999999999999	0.000535201831088048	100
809_Teno_4000_2003	North-Norway	M0.40	-0.0121	-0.0169	-0.000176	-0.000573000000000001	0.00059942055353483	100
810_Teno_4006_2003	North-Norway	M0.40	-5e-04	-0.0056	-0.000145	-0.000764	0.000777638090630854	100
811_Teno_4088_2003	North-Norway	M0.40	-0.0131	-0.0172	-0.000620999999999999	0.000187	0.000648544524300375	100
812_Teno_4099_2003	North-Norway	M0.40	-0.0122	-0.0123	-0.000186999999999999	-0.000588	0.000617019448639992	100
813_Teno_4103_2003	North-Norway	M0.40	-0.0022	-0.0133	-0.000495	-0.000283000000000001	0.000570187688397426	100
814_Teno_4105_2003	North-Norway	M0.40	-0.0057	-0.0115	-0.000283	-0.000227	0.000362791951399146	100
815_Teno_4112_2003	North-Norway	M0.40	-0.0102	-0.0144	-0.000399999999999999	-0.000525000000000001	0.000660018939122204	100
816_Teno_4115_2003	North-Norway	M0.40	-0.0068	-0.0119	-0.000184	-0.000867999999999999	0.000887288002849131	100
817_Teno_4119_2003	North-Norway	M0.40	-0.0107	-0.0154	0.000344999999999999	-0.000568999999999999	0.000665421670822343	100
818_Teno_4123_2003	North-Norway	M0.40	-0.0013	-0.0093	-0.000547	-0.000855000000000001	0.00101500443348786	100
819_Teno_4124_2003	North-Norway	M0.40	-0.0126	-0.0159	-0.000349	-0.000551999999999999	0.000653073502754475	100
820_Teno_4139_2003	North-Norway	M0.40	-0.0073	-0.0099	-0.000236	0.000225000000000001	0.000326069011100412	100
821_Teno_4152_2003	North-Norway	M0.40	-0.0067	-0.0157	-0.000418	-0.000474000000000001	0.000631981012372999	100
822_Teno_4154_2003	North-Norway	M0.40	-0.0179	-0.0116	-0.000524000000000001	-0.000706000000000001	0.000879211009940163	100
823_Teno_4155_2003	North-Norway	M0.40	-0.0143	-0.0159	-0.000442	-0.000679999999999999	0.000811026510047605	100
824_Teno_4158_2003	North-Norway	M0.40	-0.0138	-0.0119	-0.000882	-0.000356999999999999	0.000951510903773572	100
8_113	Spain-Atl	M0.40	-0.001	0.0402	0.000288	0.000676	0.000734792487713368	100
8_114	Spain-Atl	M0.40	-0.0036	0.0339	-0.000115	0.000775000000000001	0.000783485800764762	100
8_115	Spain-Atl	M0.40	0.0043	0.0409	-0.000105	0.001052	0.00105722703332823	100
8_116	Spain-Atl	M0.40	-0.0011	0.0465	-3.89999999999999e-05	0.000595	0.00059627678136919	100
8_117	Spain-Atl	M0.40	1e-04	0.0484	-0.00016	0.001081	0.00109277673840543	100
8_118	Spain-Atl	M0.40	0.0024	0.0479	-5.99999999999978e-06	0.000925000000000002	0.000925019459254779	100
8_119	Spain-Atl	M0.40	-0.0015	0.0456	-0.000129	0.001502	0.00150752943586518	100
8_120	Spain-Atl	M0.40	-7e-04	0.0434	-0.000192	0.001066	0.00108315280547114	100
8_121	Spain-Atl	M0.40	0.0036	0.04	-0.000194	0.001424	0.00143715413230453	100
8_122	Spain-Atl	M0.40	0.0062	0.0399	0.000421	0.00152	0.00157722572893039	100
8_123	Spain-Atl	M0.40	8e-04	0.0472	-0.000146	0.001257	0.00126545051266338	100
8_124	Spain-Atl	M0.40	0.0042	0.0388	9.00000000000003e-05	0.000991999999999999	0.00099607429441784	100
8_125	Spain-Atl	M0.40	-0.001	0.0445	-0.000173	0.001214	0.00122626465332733	100
8_126	Spain-Atl	M0.40	0.0019	0.0404	2.6e-05	0.001083	0.00108331205107301	100
8_127	Spain-Atl	M0.40	-0.0027	0.0423	-0.000192	0.001356	0.0013695254652616	100
8_128	Spain-Atl	M0.40	0.0076	0.0378	5.00000000000007e-06	0.000516	0.000516024224237583	100
8_129	Spain-Atl	M0.40	0.0017	0.0271	-3.49999999999999e-05	0.000872000000000001	0.00087270212558467	100
8_130	Spain-Atl	M0.40	-0.0061	0.0427	0.000287	0.000821999999999998	0.000870662391515791	100
8_131	Spain-Atl	M0.40	-0.0017	0.0403	-2.50000000000001e-05	0.001414	0.00141422098697481	100
8_132	Spain-Atl	M0.40	4e-04	0.0398	-9.60000000000001e-05	0.000994999999999998	0.000999620427962532	100
8_133	Spain-Atl	M0.40	6e-04	0.0434	-5.79999999999999e-05	0.00107	0.00107157080960616	100
8_134	Spain-Atl	M0.40	0.0022	0.0492	-6.90000000000001e-05	0.001169	0.00117103458531335	100
8_135	Spain-Atl	M0.40	0.0014	0.0421	0.000208	0.000936000000000002	0.000958832623558462	100
8_136	Spain-Atl	M0.40	-0.0037	0.0348	0.000309	0.001391	0.00142490771631008	100
8_137	Spain-Atl	M0.40	0.001	0.0453	-0.000504	0.000741	0.000896156794316709	100
8_138	Spain-Atl	M0.40	0.0037	0.033	0.000141	0.000443999999999999	0.000465850834495334	100
8_139	Spain-Atl	M0.40	0.0017	0.034	-8.1e-05	0.001323	0.00132547727253242	100
8_140	Spain-Atl	M0.40	0.0029	0.0434	-0.000105	0.001402	0.00140592638498607	100
8_141	Spain-Atl	M0.40	-0.0014	0.0469	-4.7e-05	0.000742000000000003	0.000743487054359391	100
8_142	Spain-Atl	M0.40	0.004	0.0489	0.000295	0.000913000000000001	0.000959475898602983	100
8_143	Spain-Atl	M0.40	-3e-04	0.0444	0.000203	0.000400999999999998	0.00044945522580119	100
8_144	Spain-Atl	M0.40	-0.0012	0.0425	3.69999999999999e-05	0.001282	0.00128253382021684	100
8_145	Spain-Atl	M0.40	4e-04	0.0418	0.000261	0.001201	0.00122903295317905	100
8_146	Spain-Atl	M0.40	0.0026	0.0363	0.000243	0.001221	0.00124494578195197	100
8_147	Spain-Atl	M0.40	2e-04	0.0399	-2e-05	0.001877	0.00187710654998591	100
8_148	Spain-Atl	M0.40	-0.0057	0.0354	-0.000341	0.001505	0.00154314808103435	100
8_149	Spain-Atl	M0.40	1e-04	0.0374	-0.000257	0.001043	0.00107419644385931	100
8_150	Spain-Atl	M0.40	6e-04	0.0485	-0.000309	0.001164	0.00120431598843493	100
8_151	Spain-Atl	M0.40	-0.002	0.0403	-5.29999999999999e-05	0.001248	0.00124912489367557	100
8_152	Spain-Atl	M0.40	0.0021	0.043	0.000211	0.000894000000000003	0.00091856246385317	100
8_153	Spain-Atl	M0.40	-0.0015	0.037	-0.000567	0.000853000000000002	0.00102425485109908	100
8_154	Spain-Atl	M0.40	0.0067	0.0382	-3e-04	0.00106	0.00110163514831364	100
8_155	Spain-Atl	M0.40	-4e-04	0.0368	8.00000000000001e-05	0.000466000000000001	0.000472817089369664	100
8_156	Spain-Atl	M0.40	0.0019	0.0305	0.000171	0.000706000000000001	0.000726413793921895	100
900_Tornio_5_1_1	Finland	M0.40	0.0589	-0.0123	0.001088	6.80000000000001e-05	0.00109012292884793	100
901_Tornio_7_1_1	Finland	M0.40	0.0615	-0.0146	0.000647	-0.00014	0.000661973564426858	100
902_Tornio_8_1	Finland	M0.40	0.0595	-0.0088	1.30000000000027e-05	8.80000000000006e-05	8.89550448260253e-05	100
903_Tornio_5_1_2	Finland	M0.40	0.0624	-0.0139	0.000265000000000003	-0.000511000000000001	0.000575626615090027	100
904_Tornio_7_1_2	Finland	M0.40	0.0611	-0.016	0.000126999999999998	-0.000673	0.000684878091341809	100
905_Tornio_8_2_1	Finland	M0.40	0.0596	-0.0204	0.000497	-0.000786999999999999	0.000930794284468914	100
906_Tornio_5_2	Finland	M0.40	0.0624	-0.0199	0.000419000000000003	-0.000451999999999999	0.000616331891110627	100
907_Tornio_7_2	Finland	M0.40	0.06	-0.02	0.000619000000000002	-0.000417	0.000746357823031287	100
908_Tornio_8_2_2	Finland	M0.40	0.0579	-0.0177	0.00036	-0.00017	0.000398120584747887	100
909_Tornio_7_3	Finland	M0.40	0.0622	-0.0162	0.000550000000000002	-0.000616000000000001	0.000825806272681434	100
910_Tornio_8_3	Finland	M0.40	0.0601	-0.011	0.000142999999999999	-0.000112000000000001	0.000181639753358123	100
911_Tornio_5_4	Finland	M0.40	0.0545	-0.0174	0.000684	-0.001165	0.001350955587723	100
912_Tornio_5_5	Finland	M0.40	0.0642	-0.0178	5.70000000000069e-05	-3.70000000000001e-05	6.79558680321339e-05	100
913_Tornio_7_5	Finland	M0.40	0.0572	-0.0178	0.000240999999999999	-0.000424	0.000487705853973478	100
914_Tornio_5_6	Finland	M0.40	0.0648	-0.0176	0.000104000000000003	-0.000646999999999999	0.000655305272373113	100
915_Tornio_5_7_3	Finland	M0.40	0.0582	-0.0138	0.000847999999999998	-0.000393	0.000934640572626717	100
916_Tornio_8_7	Finland	M0.40	0.0578	-0.0146	0.000824000000000003	-0.000219	0.00085260600513954	100
917_Tornio_5_7_1	Finland	M0.40	0.0566	-0.0113	0.000671000000000002	-0.000358000000000001	0.000760529420864179	100
918_Tornio_5_7_2	Finland	M0.40	0.0614	-0.0173	0.000199999999999997	-6.50000000000006e-05	0.000210297408448128	100
919_Tornio_5_8	Finland	M0.40	0.0599	-0.0134	0.000413999999999998	2e-04	0.000459778207400045	100
920_Tornio_8_8	Finland	M0.40	0.0584	-0.0132	0.000725999999999999	-0.000154	0.000742153622911051	100
921_Tornio_5_9_1	Finland	M0.40	0.06	-0.014	0.000177000000000002	-9.89999999999997e-05	0.000202805325373869	100
922_Tornio_5_9_2	Finland	M0.40	0.0588	-0.0196	0.000275000000000002	0.000176999999999999	0.000327038224065629	100
923_Tornio_5_10_1	Finland	M0.40	0.0589	-0.0211	0.000232999999999999	-0.000834999999999999	0.000866899071403355	100
924_Tornio_5_11	Finland	M0.40	0.0662	-0.0121	3.8000000000005e-05	-0.000516	0.000517397332811062	100
925_Tornio_8_11	Finland	M0.40	0.0573	-0.0115	0.000488000000000003	-0.000687	0.000842682027813578	100
926_Tornio_5_13_2	Finland	M0.40	0.0584	-0.0132	0.000403	-0.000361	0.000541045284611186	100
927_Tornio_8_13_2	Finland	M0.40	0.0531	-0.0104	7.39999999999985e-05	4.19999999999995e-05	8.5088189544729e-05	100
928_Tornio_5_13_1	Finland	M0.40	0.0616	-0.0152	0.000267999999999998	1.50000000000001e-05	0.000268419447879618	100
929_Tornio_8_13_1	Finland	M0.40	0.0592	-0.016	0.000384999999999997	-0.000271	0.000470814188401324	100
930_Tornio_5_14	Finland	M0.40	0.0555	-0.0143	-0.000152	-7.49999999999998e-05	0.000169496312644258	100
931_Tornio_8_15	Finland	M0.40	0.0535	-0.013	0.000899000000000001	-0.000325000000000001	0.000955942466888046	100
932_Tornio_5_16	Finland	M0.40	0.055	-0.0135	0.000501	-0.000649	0.00081987925940348	100
933_Tornio_8_16	Finland	M0.40	0.0601	-0.0161	0.000282999999999999	-0.00052	0.000592021114488326	100
934_Tornio_5_17	Finland	M0.40	0.0598	-0.0103	0.000345000000000001	-0.000529	0.000631558390016316	100
935_Tornio_8_18	Finland	M0.40	0.0601	-0.0136	0.000145999999999999	-0.000659000000000001	0.0006749792589406	100
936_Tornio_5_18_1	Finland	M0.40	0.0567	-0.0114	0.000384	-0.001009	0.0010796003890329	100
937_Tornio_5_18_2	Finland	M0.40	0.0595	-0.0137	0.000206000000000003	-0.000313	0.000374706551850913	100
938_Tornio_8_19	Finland	M0.40	0.0578	-0.0114	0.000427000000000003	-5.99999999999953e-06	0.000427042152486148	100
939_Tornio_7_19	Finland	M0.40	0.0598	-0.0155	0.000231000000000001	-0.000395	0.000457587150169234	100
940_Tornio_8_23	Finland	M0.40	0.0646	-0.0166	0.000422999999999995	-0.000368	0.00056067191832657	100
941_Tornio_8_24	Finland	M0.40	0.0621	-0.0135	0.000236999999999998	-0.000509	0.000561471281545191	100
942_Tornio_5_25	Finland	M0.40	0.0568	-0.0172	0.000178999999999997	-0.000312	0.000359701264940782	100
943_Tornio_8_27	Finland	M0.40	0.0587	-0.0176	0.000615999999999998	-0.000431999999999999	0.000752382881251293	100
944_Tornio_8_29	Finland	M0.40	0.0624	-0.014	0.000397000000000002	-0.000673	0.000781369310889544	100
945_Tornio_5_30	Finland	M0.40	0.0622	-0.0159	0.000458000000000002	-0.000505999999999999	0.000682495421230063	100
946_Tornio_8_30	Finland	M0.40	0.0588	-0.0095	0.000426000000000002	-0.000322	0.000534003745305219	100
947_Tornio_7_31	Finland	M0.40	0.0626	-0.0097	0.000320999999999997	-0.000251	0.000407482514962296	100
948_Tornio_5_32	Finland	M0.40	0.0562	-0.0076	0.000449	-7.60000000000001e-05	0.000455386648903984	100
949_Tornio_8_35_2	Finland	M0.40	0.0582	-0.0184	0.000972999999999998	-0.000251	0.00100485322311271	100
950_Tornio_5_36	Finland	M0.40	0.0612	-0.0177	0.000279000000000003	-0.000312	0.000418551072152493	100
951_Tornio_8_36_1	Finland	M0.40	0.0538	-0.0085	0.000572999999999999	-0.000168999999999999	0.000597402711744765	100
952_Tornio_8_38	Finland	M0.40	0.0613	-0.0098	0.000741	-0.000282	0.000792846138919778	100
953_Tornio_5_40	Finland	M0.40	0.0513	-0.0075	0.000461000000000001	-0.000159	0.000487649464267112	100
954_Tornio_5_43_1	Finland	M0.40	0.063	-0.018	0.000326999999999999	-9.80000000000014e-05	0.000341369301490336	100
955_Tornio_5_43_2	Finland	M0.40	0.0606	-0.0122	0.000394999999999999	-7.19999999999992e-05	0.000401508405889589	100
956_Tornio_5_45	Finland	M0.40	0.0594	-0.0168	0.000207999999999998	-0.000268000000000001	0.000339246223265639	100
957_Tornio_5_49	Finland	M0.40	0.0571	-0.0171	0.000427000000000002	-0.000128999999999999	0.00044606053400856	100
958_Tornio_8_49	Finland	M0.40	0.0567	-0.0153	0.001048	-0.000438000000000001	0.00113584682065849	100
959_Tornio_5_52	Finland	M0.40	0.062	-0.0095	0.000313000000000001	-9.00000000000002e-05	0.000325682360590807	100
960_Tornio_8_54	Finland	M0.40	0.0621	-0.0165	0.000217999999999998	-6.99999999999992e-05	0.000228962879087417	100
961_Tornio_8_56	Finland	M0.40	0.0623	-0.0168	0.000335999999999999	-0.000302000000000001	0.000451774279923061	100
962_Tornio_5_60	Finland	M0.40	0.0516	-0.0126	0.000267	-0.000624	0.000678723065763939	100
963_Tornio_7_60	Finland	M0.40	0.0585	-0.0144	2.29999999999966e-05	-0.000818	0.000818323285749587	100
964_Tornio_7_61	Finland	M0.40	0.0602	-0.0167	0.000172000000000003	-0.000431	0.000464052798720147	100
965_Tornio_5_62	Finland	M0.40	0.0592	-0.0122	0.000208999999999997	-5.79999999999992e-05	0.000216898593817476	100
966_Tornio_7_62	Finland	M0.40	0.0553	-0.0124	-8.40000000000015e-05	-0.000134	0.000158151825787755	100
967_Tornio_8_62	Finland	M0.40	0.0584	-0.0228	0.000511999999999999	-0.000376999999999999	0.000635824661365064	100
968_Tornio_5_64	Finland	M0.40	0.0625	-0.0158	0.000182000000000001	-0.000891999999999999	0.000910377943493798	100
969_Tornio_8_64	Finland	M0.40	0.0574	-0.0143	0.000487000000000001	-0.000667	0.00082586802819821	100
970_Tornio_7_65	Finland	M0.40	0.0489	-0.0165	0.000436000000000001	-0.000273999999999999	0.000514948541118431	100
971_Tornio_5_66	Finland	M0.40	0.0631	-0.0148	4.6999999999997e-05	-7.49999999999994e-05	8.85098864534332e-05	100
972_Tornio_8_67_1	Finland	M0.40	0.0607	-0.0144	0.000401000000000003	-0.000421	0.00058141379412601	100
973_Tornio_8_67_2	Finland	M0.40	0.0545	-0.0086	0.000564	-0.000335	0.000655988566973541	100
974_Tornio_5_69	Finland	M0.40	0.059	-0.0147	0.000809000000000003	-0.000335	0.000875617496398973	100
975_Tornio_5_70	Finland	M0.40	0.0574	-0.0126	0.000364000000000001	-0.000185	0.000408314829512719	100
976_Tornio_8_72	Finland	M0.40	0.0593	-0.013	-3.99999999999982e-05	-0.000540000000000001	0.000541479454827236	100
977_Tornio_5_76	Finland	M0.40	0.0575	-0.0118	0.000296999999999997	-0.000317	0.000434393830527091	100
978_Tornio_8_79	Finland	M0.40	0.0591	-0.0138	0.000367	-0.000194	0.000415120464443756	100
979_Tornio_7_87	Finland	M0.40	0.0633	-0.0113	0.000339000000000004	-0.000118000000000001	0.00035894985722243	100
980_Tornio_7_93	Finland	M0.40	0.0566	-0.015	0.000705000000000002	-0.000718000000000001	0.00100625493787609	100
981_Tornio_7_94	Finland	M0.40	0.0605	-0.011	0.000293000000000002	-0.000687000000000001	0.000746872144346007	100
982_Tornio_7_95	Finland	M0.40	0.0608	-0.0122	0.000613	-8.99999999999992e-05	0.000619571626206365	100
983_Tornio_7_103	Finland	M0.40	0.0634	-0.0131	0.000725000000000002	-0.000141	0.000738583779946461	100
984_Tornio_8_106	Finland	M0.40	0.0632	-0.014	0.000108999999999994	-0.000344	0.000360855926929292	100
985_Tornio_8_107	Finland	M0.40	0.0619	-0.0127	0.000255000000000004	-0.000655000000000001	0.000702886904131812	100
986_Tornio_8_108_1	Finland	M0.40	0.052	-0.0111	0.000955000000000002	7.60000000000004e-05	0.000958019310870091	100
987_Tornio_7_109	Finland	M0.40	0.0581	-0.013	0.000229000000000001	0.000161999999999999	0.000280508466895387	100
988_Tornio_8_109	Finland	M0.40	0.0596	-0.0167	-1.50000000000004e-05	-0.000792	0.000792142032718881	100
989_Tornio_7_110	Finland	M0.40	0.0584	-0.0184	0.000935	-0.000758	0.00120365651246525	100
990_Tornio_5_113	Finland	M0.40	0.0576	-0.0138	0.000496000000000001	-0.000457	0.000674436802080077	100
991_Tornio_7_114	Finland	M0.40	0.0604	-0.0189	0.000559999999999998	-0.000197	0.000593640463580438	100
992_Tornio_7_118	Finland	M0.40	0.057	-0.0124	0.000364999999999998	-0.000231	0.000431956016279434	100
993_Tornio_8_118	Finland	M0.40	0.059	-0.0087	0.000304000000000003	-0.000388000000000001	0.000492909728043586	100
994_Tornio_7_121	Finland	M0.40	0.0578	-0.0138	0.000368000000000003	-0.00012	0.000387071052908897	100
995_Tornio_7_125	Finland	M0.40	0.0599	-0.0119	0.000558999999999998	-0.000316999999999999	0.00064262741927185	100
996_Tornio_7_126	Finland	M0.40	0.054	-0.0087	0.000759000000000001	-0.000211000000000001	0.000787782965035422	100
997_Tornio_7_130	Finland	M0.40	0.0625	-0.0154	0.000521	-0.000278999999999999	0.000591000846023083	100
998_Tornio_7_132	Finland	M0.40	0.0656	-0.0121	-4.00000000000049e-05	-1.50000000000004e-05	4.27200187265924e-05	100
999_Tornio_7_133	Finland	M0.40	0.0561	-0.0155	0.000544000000000003	-0.00044	0.000699668492930762	100
9_157	Spain-Atl	M0.40	7e-04	0.0331	0.000287	0.001299	0.00133032702746355	100
9_158	Spain-Atl	M0.40	9e-04	0.0409	-0.000171	0.001243	0.00125470713714396	100
9_159	Spain-Atl	M0.40	0.0015	0.0373	-0.000258	0.000738	0.000781797927856042	100
9_160	Spain-Atl	M0.40	0.0029	0.0419	0.000262	0.001115	0.00114536849965415	100
9_161	Spain-Atl	M0.40	-0.0011	0.0444	0.000302	0.001193	0.00123063113888768	100
9_162	Spain-Atl	M0.40	-2e-04	0.0432	0.000647	0.000875999999999998	0.00108902938436022	100
9_163	Spain-Atl	M0.40	-0.0018	0.0408	-9e-05	0.001673	0.00167541905205832	100
9_164	Spain-Atl	M0.40	-2e-04	0.0422	-1.1e-05	0.001098	0.00109805509879969	100
9_165	Spain-Atl	M0.40	0.0024	0.0359	0.000213	0.001265	0.00128280707824676	100
9_166	Spain-Atl	M0.40	0.0041	0.0439	-0.00015	0.000899999999999999	0.000912414379544732	100
9_167	Spain-Atl	M0.40	-0.0043	0.0429	-0.000109	0.001233	0.00123780854739334	100
9_168	Spain-Atl	M0.40	-0.0026	0.0353	-0.000312	0.001104	0.00114724016666085	100
9_169	Spain-Atl	M0.40	-0.0036	0.0371	9.99999999999864e-07	0.000432999999999999	0.00043300115473287	100
9_170	Spain-Atl	M0.40	-0.0033	0.0437	0.000114	0.001221	0.00122631031961734	100
9_171	Spain-Atl	M0.40	-0.0013	0.0433	-0.000337	0.000957000000000002	0.00101460238517362	100
SRR12588279	South-Norway	M0.40	0.0029	0.0014	-0.000256	-0.000535	0.000593094427557703	100
SRR12588280	South-Norway	M0.40	0.0153	-0.005	4.90000000000007e-05	0.000292	0.000296082758701009	100
SRR12588286	South-Norway	M0.40	-0.0052	0.0053	-0.000264	0.000253	0.000365656943049083	100
SRR12588290	South-Norway	M0.40	-0.0047	-0.0013	-0.000291	0.000151	0.000327844475323285	100
SRR12588291	South-Norway	M0.40	-3e-04	-0.0013	-0.000507	0.00028	0.000579179592181907	100
SRR2170984	South-Norway	M0.40	-0.0052	-0.0027	0.000123	-0.000526	0.000540189781465736	100
SRR2174328	South-Norway	M0.40	0.0044	-0.0013	-0.000107	-0.000337	0.000353578845521052	100
SRR2174330	South-Norway	M0.40	0.0072	0.0024	-0.000198	0.000347	0.000399515957128123	100
SRR2174331	South-Norway	M0.40	7e-04	-0.0041	-0.000514	-1.39999999999996e-05	0.000514190626130038	100
SRR2174333	South-Norway	M0.40	-0.0027	-0.001	5.10000000000001e-05	-0.000569	0.000571281016663428	100
SRR2174334	South-Norway	M0.40	0.0021	0.0083	0.00075	5.1e-05	0.000751732000117063	100
SRR2174358	South-Norway	M0.40	-0.0039	-0.0018	0.000359	0.00051	0.000623683413279526	100
SRR2174359	South-Norway	M0.40	0.0033	-0.0054	7.6e-05	0.000389	0.000396354639180621	100
SRR2174361	South-Norway	M0.40	1e-04	6e-04	0.000211	0.00023	0.000312123373043417	100
SRR2174362	South-Norway	M0.40	0.005	-0.0046	-0.000334	0.000117	0.000353899703305894	100
SRR2174364	South-Norway	M0.40	-0.008	0.0053	-0.000226	-2.4e-05	0.000227270763627881	100
SRR2174366	South-Norway	M0.40	-0.0046	8e-04	-0.000323	-0.000316	0.000451868343657752	100
SRR2174368	South-Norway	M0.40	0.0017	0.0018	7.3e-05	-0.001177	0.00117926163339608	100
SRR2174369	South-Norway	M0.40	0.0069	-0.0072	0.000235	6.99999999999981e-06	0.000235104232203506	100
SRR2174450	South-Norway	M0.40	9e-04	-9e-04	-0.000448	-0.001041	0.0011333071075397	100
SRR2174451	South-Norway	M0.40	0.002	1e-04	0.00078	0.00012	0.000789176786277954	100
SRR3669078	South-Norway	M0.40	-0.003	-0.0121	0.000206	-0.000582	0.000617381567590093	100
SRR3669756	South-Norway	M0.40	-0.0066	-0.0057	-0.000276	-0.000231	0.000359912489363734	100
SRR5585853	UK-Scotland	M0.40	-0.0024	0.0055	0.000225	-0.000106	0.00024871871662583	100
SRR5585854	UK-Scotland	M0.40	0.0041	0.0063	-0.000284	0.000333	0.000437658542701956	100
SRR5585855	UK-Scotland	M0.40	-0.0065	0.0055	-0.000122	3.50000000000002e-05	0.000126921235417877	100
SRR5585857	UK-Scotland	M0.40	-0.0019	-0.0018	-0.000717	-0.00027	0.000766152073677283	100
SRR5585858	UK-Scotland	M0.40	0.0016	-8e-04	-0.000147	-0.000583	0.000601247037414739	100
SRR5585860	UK-Scotland	M0.40	3e-04	-0.0016	-0.000355	-0.000353	0.000500633598552874	100
SRR5585861	UK-Scotland	M0.40	0.0041	0.0028	0.000337	0.000387	0.000513164690913161	100
1000_Tornio_7_134	Finland	M0.50	0.0556	-0.0088	0.001036	-0.000351999999999999	0.0010941663493272	100
1001_Tornio_7_135	Finland	M0.50	0.0575	-0.017	0.000492999999999998	-0.000229999999999999	0.000544011948398192	100
1002_Tornio_7_141	Finland	M0.50	0.0687	-0.0117	-4.39999999999956e-05	-0.000132	0.000139140217047407	100
1003_Tornio_7_156	Finland	M0.50	0.0645	-0.0151	-2.30000000000023e-05	-0.000738999999999999	0.000739357829470953	100
1004_Tornio_7_181	Finland	M0.50	0.0611	-0.0125	0.000445999999999998	-6.09999999999993e-05	0.000450152196484698	100
1005_Tornio_7_202	Finland	M0.50	0.0536	-0.0114	0.000327999999999998	-0.000126	0.000351368752167859	100
1006_Tornio_7_205	Finland	M0.50	0.0604	-0.0103	-0.000100000000000002	-0.000428	0.000439527018509671	100
1007_Tornio_7_207	Finland	M0.50	0.0567	-0.0127	-1.99999999999998e-05	-0.000316	0.000316632278834613	100
1008_Tornio_7_218	Finland	M0.50	0.0632	-0.0138	4.09999999999941e-05	0.000197	0.000201221271241386	100
1009_Tornio_7_238	Finland	M0.50	0.0555	-0.0165	0.000168999999999999	-0.000350999999999999	0.000389566425658063	100
1010_Tornio_7_246	Finland	M0.50	0.0588	-0.0102	-5.39999999999983e-05	-3.69999999999992e-05	6.54599113962107e-05	100
1011_Tornio_7_267	Finland	M0.50	0.0583	-0.012	0.000151000000000002	-0.000369	0.000398700388763292	100
1012_Tornio_7_276	Finland	M0.50	0.0592	-0.0158	0.000556999999999997	-0.000528999999999999	0.000768173157562796	100
1013_Tornio_7_279	Finland	M0.50	0.0581	-0.0119	0.000661000000000001	0.000202000000000001	0.000691176533166457	100
10_172	Spain-Atl	M0.50	1e-04	0.0425	-0.000257	0.001208	0.00123503562701648	100
10_173	Spain-Atl	M0.50	-0.0051	0.034	-8.49999999999996e-05	0.000733999999999997	0.000738905271330497	100
10_174	Spain-Atl	M0.50	4e-04	0.0411	0.000168	0.001697	0.00170529557555282	100
10_175	Spain-Atl	M0.50	-0.0024	0.039	-0.000409	0.001312	0.00137427253483434	100
10_176	Spain-Atl	M0.50	0.0044	0.0394	-0.000117	0.000547000000000003	0.000559372863124413	100
10_177	Spain-Atl	M0.50	3e-04	0.0486	-0.000318	0.000706000000000003	0.000774312598373554	100
10_178	Spain-Atl	M0.50	9e-04	0.0476	-4.99999999999994e-06	0.001296	0.00129600964502583	100
10_179	Spain-Atl	M0.50	0.0047	0.0348	-0.000104	0.000700000000000002	0.000707683545096255	100
10_180	Spain-Atl	M0.50	-0.0014	0.0438	0.000289	0.000886000000000002	0.00093194259479863	100
10_181	Spain-Atl	M0.50	0.0053	0.0354	0.000622	0.000554999999999999	0.000833612020066889	100
10_182	Spain-Atl	M0.50	-3e-04	0.0381	-0.000114	0.000489999999999998	0.00050308647368022	100
10_183	Spain-Atl	M0.50	1e-04	0.0444	0.000158	0.001066	0.0010776455818125	100
10_184	Spain-Atl	M0.50	0.0012	0.0495	0.000232	0.000549999999999998	0.000596928806475276	100
10_185	Spain-Atl	M0.50	0.0018	0.0434	0.000263	0.000719999999999999	0.000766530495153323	100
10_186	Spain-Atl	M0.50	0.0037	0.0452	0.000246	0.000835000000000003	0.000870483199148614	100
10_187	Spain-Atl	M0.50	0.0061	0.0466	0.000169	0.000743999999999997	0.000762952816365466	100
10_188	Spain-Atl	M0.50	-0.0043	0.0469	-0.000106	0.001095	0.00110011862996679	100
11_189	UK-Scotland	M0.50	9e-04	-7e-04	0.000166	0.000176	0.00024193387526347	100
11_190	UK-Scotland	M0.50	0	0.0086	0.00021	-0.00068	0.000711688133946323	100
11_191	UK-Scotland	M0.50	-0.0011	0.0077	0.000311	-0.000135	0.000339036871151207	100
11_192	UK-Scotland	M0.50	0.0053	0.0051	-0.000429	2e-04	0.000473329694821696	100
11_193	UK-Scotland	M0.50	0.0105	0.0048	0.000173999999999999	0.000279	0.00032881149614939	100
11_194	UK-Scotland	M0.50	0.0074	0.0035	8.19999999999997e-05	0.000838	0.000842002375293562	100
11_195	UK-Scotland	M0.50	-0.0011	-0.003	-5.69999999999999e-05	0.000677	0.000679395319383347	100
11_196	UK-Scotland	M0.50	-0.0052	0.0049	-0.000772	0.000174	0.000791365907782235	100
11_197	UK-Scotland	M0.50	0.0022	0.0023	-0.000351	-0.00034	0.00048867269209564	100
11_198	UK-Scotland	M0.50	0.0043	0.0079	0.000459	0.000172999999999999	0.000490520132104687	100
11_199	UK-Scotland	M0.50	-0.0041	-3e-04	2e-04	-0.000152	0.000251205095489722	100
11_200	UK-Scotland	M0.50	-0.0028	3e-04	0.000598	0.000221	0.00063753039143244	100
11_201	UK-Scotland	M0.50	-0.0039	0.007	0.000386	0.001005	0.00107657837615289	100
11_202	UK-Scotland	M0.50	0.008	0.0035	-9.10000000000002e-05	2.4e-05	9.41116358374459e-05	100
11_203	UK-Scotland	M0.50	-0.002	0.0086	-0.00082	0.000585	0.00100728595741229	100
11_204	UK-Scotland	M0.50	-0.0037	0.0048	-8.59999999999998e-05	-0.000561	0.000567553521705222	100
12_235	UK-Scotland	M0.50	8e-04	0.0018	-0.000142	0.000685	0.000699563435293755	100
12_236	UK-Scotland	M0.50	0.0096	0.0041	2.00000000000008e-05	-0.000209	0.000209954757031128	100
12_237	UK-Scotland	M0.50	-0.0052	0.0088	7.9999999999998e-06	-0.000300000000000001	0.000300106647710444	100
12_238	UK-Scotland	M0.50	0.0046	0.0067	0.000236	0.000339	0.000413058107292424	100
12_239	UK-Scotland	M0.50	0.0065	0.004	0.000222	9.69999999999999e-05	0.000242266382315005	100
12_240	UK-Scotland	M0.50	-8e-04	0.0036	0.000126	0.000554	0.000568147868076613	100
12_241	UK-Scotland	M0.50	-0.003	0.0069	0.00023	8.20000000000001e-05	0.000244180261282521	100
12_242	UK-Scotland	M0.50	-0.002	-0.0016	-0.00074	0.000313	0.000803473086045824	100
12_243	UK-Scotland	M0.50	-0.0055	0.0078	-0.000332	0.000255	0.000418627519401198	100
12_244	UK-Scotland	M0.50	0.0041	0.0102	-0.000148	0.000848999999999999	0.000861803341836175	100
12_245	UK-Scotland	M0.50	0.0038	0.005	-0.000339	0.000656	0.000738415194859911	100
12_246	UK-Scotland	M0.50	0.0013	0.004	-0.00013	0.000306	0.00033246954747766	100
12_247	UK-Scotland	M0.50	-0.0076	0.007	-0.000936	0.000344	0.000997212113845394	100
12_248	UK-Scotland	M0.50	0.0056	0.009	-0.000314	0.000146000000000001	0.000346283121159551	100
12_249	UK-Scotland	M0.50	0.0047	0.0057	0.000293	2.79999999999998e-05	0.000294334843333235	100
12_250	UK-Scotland	M0.50	-0.0011	-9e-04	0.000541	-0.000565	0.000782244207393062	100
13_251	Spain-Atl	M0.50	-0.0042	0.0309	-9.30000000000002e-05	0.001378	0.00138113467844378	100
14_252	Spain-Atl	M0.50	6e-04	0.0403	0.000253	0.000887999999999998	0.00092333796629403	100
14_253	Spain-Atl	M0.50	0.0017	0.0322	-0.000138	0.000685	0.000698762477527236	100
14_254	Spain-Atl	M0.50	7e-04	0.0458	-0.000135	0.000680999999999999	0.000694252115589142	100
14_255	Spain-Atl	M0.50	-0.0027	0.0284	-0.000151	0.00114	0.00114995695571617	100
14_256	Spain-Atl	M0.50	0.0014	0.0396	0.000216	0.000994999999999997	0.00101817532871308	100
15_257	Spain-Atl	M0.50	0.0046	0.0364	0.000643	0.000401999999999998	0.000758322490764977	100
15_258	Spain-Atl	M0.50	2e-04	0.0393	-1e-04	0.001088	0.00109258592339458	100
15_259	Spain-Atl	M0.50	0.0045	0.0421	0.000448	0.000800000000000002	0.000916899122041243	100
15_260	Spain-Atl	M0.50	0.0023	0.0416	2.6e-05	0.000733000000000002	0.000733460973740255	100
15_261	Spain-Atl	M0.50	-0.0022	0.035	1.10000000000001e-05	0.001346	0.00134604494724359	100
15_262	Spain-Atl	M0.50	0.0011	0.0429	-0.000155	0.001157	0.00116733628402444	100
15_263	Spain-Atl	M0.50	-8e-04	0.0442	-0.000228	0.000736999999999997	0.000771461599822049	100
15_264	Spain-Atl	M0.50	0.0014	0.0447	-0.000205	0.001513	0.00152682480985869	100
15_265	Spain-Atl	M0.50	-1e-04	0.0439	0.000548	0.001313	0.00142276948238286	100
15_266	Spain-Atl	M0.50	-0.0072	0.0478	-0.000315	0.000708999999999998	0.000775826011422663	100
15_267	Spain-Atl	M0.50	0.0038	0.0423	-0.000125	0.001018	0.00102564565031009	100
15_268	Spain-Atl	M0.50	0.0026	0.0422	-3.89999999999999e-05	0.001103	0.00110368926786483	100
16_269	Spain-Atl	M0.50	-0.0036	0.0416	-7.80000000000001e-05	0.000383000000000002	0.000390861868183635	100
16_270	Spain-Atl	M0.50	-0.0017	0.0438	-0.000483	0.000748000000000001	0.000890389240725652	100
16_271	Spain-Atl	M0.50	0.0015	0.0402	0.000543	0.000337000000000001	0.000639075895336384	100
16_272	Spain-Atl	M0.50	0.0011	0.0477	0.000436	0.000825000000000001	0.000933124321834985	100
16_273	Spain-Atl	M0.50	-0.0022	0.0465	0.000156	0.000962	0.000974566570327548	100
16_274	Spain-Atl	M0.50	0.0028	0.0505	4.9e-05	0.001326	0.0013269050455854	100
16_275	Spain-Atl	M0.50	-0.0029	0.0443	0.000194	0.000890000000000001	0.000910898457568132	100
16_276	Spain-Atl	M0.50	0.0068	0.0426	0.000342	0.001128	0.00117870607023125	100
16_277	Spain-Atl	M0.50	-0.001	0.0373	-0.000345	0.001446	0.00148658703075198	100
16_278	Spain-Atl	M0.50	0.0025	0.0351	-0.00036	0.000708	0.0007942694756819	100
16_279	Spain-Atl	M0.50	-0.0026	0.0496	0.00031	0.001007	0.00105363608518312	100
16_280	Spain-Atl	M0.50	0.0016	0.0431	-9.70000000000001e-05	0.000717000000000001	0.0007235316164481	100
16_281	Spain-Atl	M0.50	0.0083	0.0438	1.89999999999999e-05	0.000480000000000001	0.000480375894482645	100
16_282	Spain-Atl	M0.50	5e-04	0.0409	0.000535	0.000905000000000001	0.00105130870822989	100
1_1	Spain-Atl	M0.50	0.0027	0.034	0.000233	0.000573999999999998	0.000619487691564568	100
1_10	Spain-Atl	M0.50	0.0046	0.04	2e-04	0.000995999999999999	0.00101588188289781	100
1_11	Spain-Atl	M0.50	-0.001	0.0378	-9e-05	0.000906999999999999	0.00091145433237217	100
1_12	Spain-Atl	M0.50	4e-04	0.0357	-2.60000000000001e-05	0.000893999999999998	0.000894377996151513	100
1_13	Spain-Atl	M0.50	9e-04	0.0435	0.000578	0.001578	0.0016805261080983	100
1_14	Spain-Atl	M0.50	7e-04	0.0442	2.4e-05	0.000996999999999997	0.000997288824764418	100
1_15	Spain-Atl	M0.50	-0.0012	0.035	0.000308	0.000983999999999996	0.00103107710671898	100
1_16	Spain-Atl	M0.50	0.0061	0.0422	0.000427	0.000910999999999998	0.00100610635620694	100
1_2	Spain-Atl	M0.50	0.0032	0.0388	-0.00014	0.000998999999999999	0.0010087621126906	100
1_3	Spain-Atl	M0.50	0.0058	0.0399	0.000176	0.000694000000000002	0.000715969273083701	100
1_4	Spain-Atl	M0.50	-0.0033	0.0472	-0.000312	0.000582000000000001	0.000660354450276517	100
1_5	Spain-Atl	M0.50	-0.001	0.0428	0.00069	0.000617000000000003	0.000925628975345955	100
1_6	Spain-Atl	M0.50	-0.0017	0.0374	4.99999999999997e-06	0.000616999999999997	0.000617020258986686	100
1_7	Spain-Atl	M0.50	0.0064	0.0285	0.00013	0.000875999999999999	0.00088559358624597	100
1_8	Spain-Atl	M0.50	-0.0012	0.0485	-0.000541	0.001347	0.00145158189572618	100
1_9	Spain-Atl	M0.50	-7e-04	0.0417	7.70000000000001e-05	0.000459999999999999	0.000466400042881644	100
200_Teno_120_1982	North-Norway	M0.50	-0.007	-0.0095	2.20000000000002e-05	-0.000396	0.000396610640301039	100
201_Teno_144_1982	North-Norway	M0.50	-0.0084	-0.011	-7.00000000000054e-06	-0.000445000000000001	0.000445055052774374	100
202_Teno_171_1982	North-Norway	M0.50	-0.0123	-0.0118	-0.000173	-0.000383	0.000420259443677355	100
203_Teno_696_1982	North-Norway	M0.50	-0.0118	-0.0171	-0.000129	-0.001057	0.00106484271138981	100
204_Teno_332_1983	North-Norway	M0.50	-0.0144	-0.0071	-0.000322	6.70000000000004e-05	0.000328896640299046	100
205_Teno_360_1983	North-Norway	M0.50	-0.0141	-0.021	-0.000841	-0.000785999999999999	0.00115111988949892	100
206_Teno_567_1983	North-Norway	M0.50	-0.0116	-0.012	-0.000321000000000001	0.000327	0.000458224835642941	100
207_Teno_671_1983	North-Norway	M0.50	-0.0107	-0.0154	-0.000423	-0.000405999999999999	0.000586314761881364	100
208_Teno_674_1983	North-Norway	M0.50	-0.0077	-0.0099	-0.000104	-0.000430999999999999	0.000443370048604999	100
209_Teno_740_1983	North-Norway	M0.50	-0.0062	-0.0073	-0.000339	2.4e-05	0.000339848495656521	100
210_Teno_765_1983	North-Norway	M0.50	-0.0052	-0.007	-0.000182	-0.000514	0.000545270575035917	100
211_Teno_766_1983	North-Norway	M0.50	-0.0047	-0.0241	-3.49999999999998e-05	-0.000817	0.000817749350351317	100
212_Teno_769_1983	North-Norway	M0.50	-0.0138	-0.0145	-0.000289	-3.39999999999992e-05	0.000290993127066603	100
213_Teno_772_1983	North-Norway	M0.50	-0.0058	-0.0143	-6.50000000000004e-05	0.000494	0.000498257965315157	100
214_Teno_774_1983	North-Norway	M0.50	-0.0137	-0.0111	-2.59999999999995e-05	-0.00086	0.000860392933490274	100
215_Teno_776_1983	North-Norway	M0.50	-0.0124	-0.013	-0.000263	-0.000479000000000001	0.000546452193700419	100
216_Teno_781_1983	North-Norway	M0.50	-0.0194	-0.0078	0.000265	-0.00017	0.000314841229828624	100
217_Teno_782_1983	North-Norway	M0.50	-0.0073	-0.0209	0.000167	-0.000259000000000002	0.000308172029879418	100
218_Teno_166_1985	North-Norway	M0.50	-0.0148	-0.0105	1.40000000000008e-05	-0.000441999999999999	0.000442221663874577	100
219_Teno_345_1985	North-Norway	M0.50	-0.0121	-0.0088	-0.000828	-0.000540999999999999	0.000989072798129642	100
220_Teno_403_1985	North-Norway	M0.50	-0.0135	-0.0083	-0.000672	-0.000389	0.000776469574420016	100
221_Teno_785_1985	North-Norway	M0.50	-0.0099	-0.0132	-0.000609999999999999	-0.000501	0.000789367468293443	100
222_Teno_790_1985	North-Norway	M0.50	-0.0091	-0.0167	-5.69999999999995e-05	-0.000223	0.000230169502758294	100
223_Teno_894_1985	North-Norway	M0.50	-3e-04	-0.0105	-0.000208	-0.000526999999999999	0.000566562441395474	100
224_Teno_1076_1985	North-Norway	M0.50	-0.0099	-0.0126	-0.000423999999999999	-0.000377	0.000567366724438435	100
225_Teno_214_1986	North-Norway	M0.50	-0.0107	-0.0165	-0.000317000000000001	-0.000519999999999999	0.00060900656810908	100
226_Teno_219_1986	North-Norway	M0.50	-0.0119	-0.012	-0.000793999999999999	-0.000642	0.0010210778618695	100
227_Teno_221_1986	North-Norway	M0.50	-0.0115	-0.014	-0.000272	-0.000711	0.000761252257796323	100
228_Teno_223_1986	North-Norway	M0.50	-0.0105	-0.0126	0.000187000000000001	-0.000461	0.000497483668073637	100
229_Teno_225_1986	North-Norway	M0.50	-0.0104	-0.0102	-0.000729000000000001	-0.000240999999999999	0.000767803360242712	100
230_Teno_429_1986	North-Norway	M0.50	-0.0078	-0.0146	-5.00000000000039e-06	-0.000636	0.000636019653784378	100
231_Teno_432_1986	North-Norway	M0.50	-0.0089	-0.0188	-0.000371	-0.000568999999999999	0.00067926578008906	100
232_Teno_433_1986	North-Norway	M0.50	-0.0132	-0.0113	-0.000278	0.000297999999999999	0.000407538955193242	100
233_Teno_434_1986	North-Norway	M0.50	-0.0109	-0.0074	-0.000205	0.000207	0.000291331426385826	100
234_Teno_435_1986	North-Norway	M0.50	-0.0121	-0.0128	-0.000181	0.000209	0.000276481464116494	100
235_Teno_507_1986	North-Norway	M0.50	-0.0132	-0.0123	-9.3e-05	-0.000129	0.000159028299368383	100
236_Teno_512_1986	North-Norway	M0.50	-0.0077	-0.0201	0.000254	-0.000475	0.000538647380017763	100
237_Teno_513_1986	North-Norway	M0.50	-0.0094	-0.0122	-0.00037	-0.000848999999999999	0.00092612148231212	100
238_Teno_559_1986	North-Norway	M0.50	-0.014	-0.0135	0.000117	-0.000551	0.00056328500778913	100
239_Teno_685_1986	North-Norway	M0.50	-0.0157	-0.0035	-0.000666000000000001	-0.000363	0.000758501812786233	100
240_Teno_772_1986	North-Norway	M0.50	-0.0097	-0.0166	0.000113	-0.000481	0.000494095132540283	100
241_Teno_929_1986	North-Norway	M0.50	-0.0141	-0.0154	-0.00027	-0.000622999999999999	0.000678991163418199	100
242_Teno_1005_1986	North-Norway	M0.50	-0.0028	-0.0127	0.000105	-0.000446	0.000458193190695803	100
243_Teno_1047_1986	North-Norway	M0.50	-0.0132	-0.0162	-0.000718	-0.000264000000000001	0.000764996732019164	100
244_Teno_1048_1986	North-Norway	M0.50	-0.0051	-0.0162	-0.000215	-0.000386000000000001	0.000441838205681673	100
245_Teno_1050_1986	North-Norway	M0.50	-0.0113	-0.0061	5.59999999999993e-05	-0.000609	0.000611569292885115	100
246_Teno_1057_1986	North-Norway	M0.50	-0.0086	-0.0163	-0.000203	-0.000711000000000001	0.000739411928494531	100
247_Teno_1112_1986	North-Norway	M0.50	-0.0138	-0.0135	-0.000258	-2.80000000000001e-05	0.000259514932133009	100
248_Teno_1113_1986	North-Norway	M0.50	-0.0103	-0.009	0.000239	-0.000308000000000001	0.000389852536223635	100
249_Teno_1142_1986	North-Norway	M0.50	-0.0121	-0.0139	-0.000444	-0.000181000000000001	0.000479475755382898	100
250_Teno_1190_1986	North-Norway	M0.50	-0.0112	-0.011	-4.30000000000001e-05	0.000456999999999999	0.000459018518144965	100
251_Teno_1197_1986	North-Norway	M0.50	-0.0084	-0.0055	-0.000214000000000001	-0.000566	0.000605104949574866	100
252_Teno_1275_1986	North-Norway	M0.50	-0.0101	-0.0126	0.000393	-0.000572	0.000693997838613349	100
253_Teno_1295_1986	North-Norway	M0.50	-0.0092	-0.0147	-0.000786	-0.000746	0.00108365677223003	100
254_Teno_1384_1986	North-Norway	M0.50	-0.0144	-0.0101	-0.000344	-0.000263	0.000433018475356422	100
255_Teno_1161_1987	North-Norway	M0.50	-0.0148	-0.0128	7.30000000000007e-05	-0.000552999999999999	0.00055779745427888	100
256_Teno_1358_1987	North-Norway	M0.50	-0.0101	-0.0127	-0.000117	-9.60000000000006e-05	0.000151343979067554	100
257_Teno_1365_1987	North-Norway	M0.50	-0.0189	-0.0144	-8.39999999999997e-05	-0.000649	0.000654413477856317	100
258_Teno_145_1987	North-Norway	M0.50	-0.0138	-0.0119	-0.000618	-0.000173999999999999	0.000642028036770981	100
259_Teno_156_1987	North-Norway	M0.50	-0.0138	-0.0174	-0.00104	-0.000581000000000001	0.00119128544018636	100
260_Teno_245_1987	North-Norway	M0.50	-0.01	-0.009	-0.000562	0.000213999999999999	0.000601365113720442	100
261_Teno_256_1987	North-Norway	M0.50	-0.0067	-0.0133	-5.99999999999998e-05	-0.000608000000000001	0.000610953353374872	100
262_Teno_288_1987	North-Norway	M0.50	-0.0092	-0.0168	-0.00023	-0.000948000000000001	0.000975501922089343	100
263_Teno_389_1987	North-Norway	M0.50	-0.0095	-0.0108	0.000107	-0.000764999999999999	0.000772446761919551	100
264_Teno_390_1987	North-Norway	M0.50	-0.0125	-0.0113	-0.000271999999999999	-0.000635000000000001	0.000690803155754228	100
265_Teno_396_1987	North-Norway	M0.50	-0.0089	-0.014	-0.000258	-0.000581	0.000635708266424151	100
266_Teno_402_1987	North-Norway	M0.50	-0.0097	-0.0101	-0.000352	-0.000137	0.00037772079635625	100
267_Teno_411_1987	North-Norway	M0.50	-0.0104	-0.0101	0.000171999999999999	0.00011	0.000204166598639444	100
268_Teno_626_1987	North-Norway	M0.50	-0.0125	-0.0137	-0.000331999999999999	-0.000469	0.000574617263924431	100
269_Teno_637_1987	North-Norway	M0.50	-0.0109	-0.0072	-0.000276	-0.000321	0.000423340288656773	100
270_Teno_638_1987	North-Norway	M0.50	-0.0135	-0.0155	-0.000956	3.19999999999999e-05	0.000956535414921999	100
271_Teno_639_1987	North-Norway	M0.50	-0.012	-0.0144	-0.000207	-0.000117	0.000237777206645212	100
272_Teno_640_1987	North-Norway	M0.50	-0.0085	-0.0142	6.90000000000005e-05	-0.000540999999999999	0.000545382434627298	100
273_Teno_641_1987	North-Norway	M0.50	-0.01	-0.0107	-0.000423	0.000345999999999999	0.000546484217521421	100
274_Teno_644_1987	North-Norway	M0.50	-0.0138	-0.0061	8.89999999999998e-05	-0.000491	0.000499001002003002	100
275_Teno_650_1987	North-Norway	M0.50	-0.0104	-0.0149	-0.000375	-0.000172	0.000412563934439258	100
276_Teno_721_1987	North-Norway	M0.50	-0.0091	-0.0122	7.50000000000004e-05	-0.000598999999999999	0.000603677065988099	100
277_Teno_734_1987	North-Norway	M0.50	-0.0121	-0.0145	-0.000438	-0.000840999999999999	0.00094822202041505	100
278_Teno_750_1987	North-Norway	M0.50	-0.0051	-0.0179	0.00058	-0.0012	0.00133281656652369	100
279_Teno_751_1987	North-Norway	M0.50	-0.0056	-0.0154	-0.000539	-0.000302	0.000617838975785762	100
280_Teno_755_1987	North-Norway	M0.50	-0.0033	-0.0142	-0.000152	-7.29999999999993e-05	0.000168620876524824	100
281_Teno_756_1987	North-Norway	M0.50	-0.0117	-0.0119	-0.000452	0.000128000000000001	0.000469774413947801	100
282_Teno_760_1987	North-Norway	M0.50	-0.0123	-0.011	-0.000221	-0.000211000000000001	0.0003055519595748	100
283_Teno_766_1987	North-Norway	M0.50	-0.0142	-0.0124	-0.000178999999999999	-2.60000000000004e-05	0.000180878412200018	100
284_Teno_835_1987	North-Norway	M0.50	-0.0153	-0.0056	-0.000836000000000001	-8e-04	0.00115710673664965	100
285_Teno_838_1987	North-Norway	M0.50	-0.0155	-0.0148	-0.000945	-0.000827999999999999	0.00125642707707212	100
286_Teno_842_1987	North-Norway	M0.50	-0.0153	-0.009	-0.000231000000000001	-7.50000000000006e-05	0.00024287033577611	100
287_Teno_843_1987	North-Norway	M0.50	-0.0095	-0.0113	-0.000342	-0.000225000000000001	0.00040937635495959	100
288_Teno_844_1987	North-Norway	M0.50	-0.012	-0.019	-0.000429	8.59999999999995e-05	0.000437535141445804	100
289_Teno_846_1987	North-Norway	M0.50	-0.0113	-0.013	-0.000611000000000001	-0.000547000000000001	0.000820079264461675	100
290_Teno_905_1987	North-Norway	M0.50	-0.0063	-0.01	0.000185	0.00046	0.000495807422292164	100
291_Teno_965_1987	North-Norway	M0.50	-0.0082	-0.0142	-0.000419999999999999	-0.000233999999999999	0.000480786855061574	100
292_Teno_286_1988	North-Norway	M0.50	-0.0137	-0.0064	-0.000657	-8.29999999999997e-05	0.000662222017151347	100
293_Teno_372_1989	North-Norway	M0.50	-0.0132	-0.014	-0.00024	-0.000273	0.0003634955295461	100
2_17	Spain-Atl	M0.50	6e-04	0.0316	-7.49999999999999e-05	0.000424999999999997	0.000431566912540799	100
2_18	Spain-Atl	M0.50	0.0029	0.0354	-5.69999999999998e-05	0.000715999999999999	0.000718265271330863	100
2_19	Spain-Atl	M0.50	0.0068	0.0431	0.000144	0.000270000000000001	0.000306000000000001	100
2_20	Spain-Atl	M0.50	0.0037	0.0407	0.000559	0.000272	0.000621663092036193	100
2_21	Spain-Atl	M0.50	0.0012	0.0484	0.000219	0.000398000000000001	0.00045427414630375	100
2_22	Spain-Atl	M0.50	-0.0024	0.0412	-0.000163	0.000663	0.000682742997034755	100
2_23	Spain-Atl	M0.50	0	0.0376	-0.000294	0.00108	0.00111930156794315	100
2_24	Spain-Atl	M0.50	-8e-04	0.0424	-0.000145	0.000678	0.000693331810895764	100
2_25	Spain-Atl	M0.50	0.0026	0.0419	-3.49999999999999e-05	0.000101	0.000106892469332503	100
2_26	Spain-Atl	M0.50	-0.003	0.0412	-0.000258	0.000999	0.00103177759231338	100
2_27	Spain-Atl	M0.50	8e-04	0.0367	0.000212	0.001407	0.0014228819346664	100
2_28	Spain-Atl	M0.50	0.0028	0.0505	0.000111	0.000944999999999997	0.000951496715706362	100
2_29	Spain-Atl	M0.50	0.0039	0.0414	-4.39999999999998e-05	0.000627000000000001	0.000628541963595113	100
2_30	Spain-Atl	M0.50	0.0054	0.0407	0.000245	0.000828	0.000863486537243054	100
2_31	Spain-Atl	M0.50	-3e-04	0.0494	-0.000199	0.001477	0.00149034559750415	100
2_32	Spain-Atl	M0.50	0.0044	0.0434	0.00047	0.000957999999999999	0.00106708200247216	100
300_Teno_3692_2001	North-Norway	M0.50	-0.0107	-0.0106	-0.00071	-0.000901	0.00114712728151675	100
301_Teno_3693_2001	North-Norway	M0.50	-0.0113	-0.0112	-0.000919000000000001	-0.000631	0.00111477441664222	100
302_Teno_3695_2001	North-Norway	M0.50	-0.0105	-0.0193	0.000430000000000001	-0.000192999999999999	0.000471326850497614	100
303_Teno_3731_2001	North-Norway	M0.50	-0.0067	-0.0081	5.30000000000002e-05	-0.000494	0.000496834982665271	100
304_Teno_3733_2001	North-Norway	M0.50	-0.0137	-0.0129	-0.000887	-0.000155	0.000900441003064609	100
305_Teno_3734_2001	North-Norway	M0.50	-0.0083	-0.0141	0.000261	-0.000103	0.000280588666912974	100
306_Teno_3736_2001	North-Norway	M0.50	-0.0073	-0.0041	2.61881411467348e-20	-6.89999999999997e-05	6.89999999999997e-05	100
307_Teno_3738_2001	North-Norway	M0.50	-0.0144	-0.0145	-0.000986	-0.001046	0.00143746721701749	100
308_Teno_3741_2001	North-Norway	M0.50	-0.008	-0.0145	-0.000706	-0.000333999999999999	0.000781019846098676	100
309_Teno_3742_2001	North-Norway	M0.50	-0.0113	-0.0153	9.79999999999993e-05	-0.000286000000000001	0.00030232432915662	100
310_Teno_3744_2001	North-Norway	M0.50	-0.0028	-0.0109	-0.000216	1.89999999999999e-05	0.000216834037918404	100
311_Teno_3751_2001	North-Norway	M0.50	-0.0119	-0.0097	-0.000371999999999999	-0.000951	0.00102116844839625	100
312_Teno_3902_2001	North-Norway	M0.50	-0.0053	-0.0162	-0.000393	9.0999999999999e-05	0.000403398066430666	100
313_Teno_3903_2001	North-Norway	M0.50	-0.0084	-0.01	-0.000444	-0.000459	0.000638605512033838	100
314_Teno_3910_2001	North-Norway	M0.50	-0.01	-0.0166	-1.49999999999999e-05	-0.00041	0.000410274298488219	100
315_Teno_3912_2001	North-Norway	M0.50	-0.0118	-0.007	-0.000184	-0.000491	0.000524344352501293	100
316_Teno_3914_2001	North-Norway	M0.50	-0.0115	-0.0199	-0.00039	-0.000609999999999999	0.000724016574395917	100
317_Teno_3916_2001	North-Norway	M0.50	-0.0145	-0.0136	-0.000306999999999999	-0.001072	0.0011150932696416	100
318_Teno_4165_2001	North-Norway	M0.50	-0.0135	-0.0129	-0.000462	-0.000106	0.000474004219390503	100
319_Teno_4167_2001	North-Norway	M0.50	-0.0134	-0.0147	-0.000262	-0.000206000000000001	0.000333286663399543	100
320_Teno_4168_2001	North-Norway	M0.50	-0.0155	-0.01	-0.000649	-0.000158	0.000667955836863486	100
321_Teno_4169_2001	North-Norway	M0.50	-0.0114	-0.0072	-0.000421	-0.000132	0.00044120856745988	100
322_Teno_4890_2001	North-Norway	M0.50	-0.0157	-0.0148	-0.000616000000000001	-0.000534999999999999	0.000815892762561356	100
323_Teno_4898_2001	North-Norway	M0.50	-0.0085	-0.0099	-4.39999999999994e-05	-0.000185999999999999	0.000191133461225395	100
324_Teno_4899_2001	North-Norway	M0.50	-0.0099	-0.0123	-0.000311999999999999	-0.000134	0.000339558536926992	100
325_Teno_4919_2001	North-Norway	M0.50	-0.0113	-0.0204	-2.40000000000007e-05	-0.000768999999999999	0.000769374421202056	100
326_Teno_4920_2001	North-Norway	M0.50	-0.0117	-0.0125	0.000446	-0.000399999999999999	0.000599095985631685	100
327_Teno_4925_2001	North-Norway	M0.50	-0.0068	-0.0168	9.89999999999997e-05	-0.001186	0.00119012478337358	100
328_Teno_4928_2001	North-Norway	M0.50	-0.011	-0.0158	0.000174999999999999	-0.000834999999999998	0.000853141254423907	100
329_Teno_4929_2001	North-Norway	M0.50	-0.0084	-0.0151	1.99999999999951e-06	-0.000982999999999999	0.00098300203458589	100
330_Teno_4992_2001	North-Norway	M0.50	-0.0104	-0.0139	-0.000684	-0.000558000000000001	0.000882734388137225	100
331_Teno_4993_2001	North-Norway	M0.50	-0.0126	-0.0073	0.000202	-2.49999999999999e-05	0.00020354115063053	100
332_Teno_4995_2001	North-Norway	M0.50	-0.0169	-0.0205	-0.000253000000000002	-0.000488999999999999	0.000550572429385998	100
333_Teno_4996_2001	North-Norway	M0.50	-0.0092	-0.0115	6.99999999999998e-05	0.000469	0.000474195107524318	100
334_Teno_4997_2001	North-Norway	M0.50	-0.0117	-0.0111	-0.000504	-0.00082	0.000962505064921738	100
335_Teno_4999_2001	North-Norway	M0.50	-0.0132	-0.0124	-0.000183	-0.000464	0.00049878352017684	100
336_Teno_5000_2001	North-Norway	M0.50	-0.0105	-0.0091	6.30000000000007e-05	-0.000474	0.000478168380384985	100
337_Teno_5068_2001	North-Norway	M0.50	-0.007	-0.0112	-0.000343	-0.000561	0.000657548477300343	100
338_Teno_5069_2001	North-Norway	M0.50	-0.0053	-0.015	-0.000522	-0.000636	0.000822787943518864	100
339_Teno_5072_2001	North-Norway	M0.50	-0.0159	-0.0149	-0.000736999999999999	-0.000377	0.000827827276670683	100
340_Teno_5073_2001	North-Norway	M0.50	-0.0092	-0.0135	-0.000746	-0.000591	0.000951733681236511	100
341_Teno_5076_2001	North-Norway	M0.50	-0.0124	-0.0153	0.000185	-0.000664000000000001	0.00068929021464112	100
342_Teno_5111_2001	North-Norway	M0.50	-0.0111	-0.0205	-0.000408	-0.000254999999999999	0.000481133037734886	100
343_Teno_5113_2001	North-Norway	M0.50	-0.0077	-0.0132	-9.99999999999974e-06	-0.00057	0.000570087712549569	100
344_Teno_5115_2001	North-Norway	M0.50	-0.0162	-0.0161	-0.000271000000000001	-0.000653	0.000707000707213225	100
345_Teno_5118_2001	North-Norway	M0.50	-0.01	-0.0178	-0.000284	-0.000342	0.000444544710912187	100
346_Teno_5119_2001	North-Norway	M0.50	-0.0061	-0.0121	-0.000114	0.000198	0.000228473193175917	100
347_Teno_5120_2001	North-Norway	M0.50	-0.008	-0.0067	-0.000541	0.000205	0.000578537812074544	100
348_Teno_5121_2001	North-Norway	M0.50	-0.0127	-0.0198	-0.000521000000000001	-0.000829999999999998	0.000979969897496856	100
349_Teno_5124_2001	North-Norway	M0.50	-0.0129	-0.0113	-0.001089	6.79999999999993e-05	0.00109112098320947	100
350_Teno_5143_2001	North-Norway	M0.50	-0.0107	-0.0121	-1.00000000000056e-06	-0.000939	0.000939000532481213	100
351_Teno_5145_2001	North-Norway	M0.50	-0.0118	-0.0047	-0.000378	0.000105	0.000392312375537658	100
352_Teno_5154_2001	North-Norway	M0.50	-0.0121	-0.0075	6.19999999999997e-05	-2.00000000000002e-05	6.51459898996091e-05	100
353_Teno_5155_2001	North-Norway	M0.50	-0.0103	-0.0136	-0.000843	0.000424999999999999	0.00094407309039078	100
354_Teno_5159_2001	North-Norway	M0.50	-0.0101	-0.0129	-0.000221	-0.000705	0.000738827449408859	100
355_Teno_5160_2001	North-Norway	M0.50	-0.0086	-0.0126	0.000419	-0.000434	0.000603255335658127	100
356_Teno_5164_2001	North-Norway	M0.50	-0.0102	-0.0136	-0.000170999999999999	-9.90000000000008e-05	0.000197590485600901	100
357_Teno_5165_2001	North-Norway	M0.50	-0.0041	-0.0102	0.000132	-0.000675999999999999	0.000688767014308902	100
358_Teno_5166_2001	North-Norway	M0.50	-0.0197	-0.0095	-0.000655000000000001	-0.000323	0.000730310892702554	100
359_Teno_5169_2001	North-Norway	M0.50	-0.0142	-0.0167	-0.000180999999999999	-0.000473	0.000506448417906503	100
360_Teno_5172_2001	North-Norway	M0.50	-0.011	-0.0165	-0.000507000000000001	-0.000254999999999999	0.000567515638551045	100
361_Teno_5178_2001	North-Norway	M0.50	-0.0083	-0.0135	0.000701	5.59999999999999e-05	0.000703233247223139	100
362_Teno_5241_2001	North-Norway	M0.50	-0.0107	-0.0116	-0.000768000000000001	-0.000188000000000001	0.000790675660432267	100
363_Teno_5242_2001	North-Norway	M0.50	-0.0059	-0.0179	-0.000207	-0.000656000000000001	0.000687884437969054	100
364_Teno_5244_2001	North-Norway	M0.50	-0.0126	-0.0121	-0.000403	-0.000278	0.000489584517729064	100
365_Teno_5248_2001	North-Norway	M0.50	-0.0121	-0.0108	-0.00032	-0.000522999999999999	0.00061313049182046	100
366_Teno_5249_2001	North-Norway	M0.50	-0.0139	-0.0158	-0.000213000000000001	-0.000659999999999998	0.000693519285961103	100
367_Teno_5250_2001	North-Norway	M0.50	-0.0099	-0.0148	0.000154000000000001	-0.000384999999999999	0.000414657690149356	100
368_Teno_5251_2001	North-Norway	M0.50	-0.0094	-0.0165	-8.19999999999997e-05	-0.000251999999999999	0.000265005660316906	100
369_Teno_5253_2001	North-Norway	M0.50	-0.0087	-0.0138	-0.000339000000000001	-0.000305	0.000456010964780454	100
370_Teno_5322_2001	North-Norway	M0.50	-0.0077	-0.0111	0.00015	-9.19999999999996e-05	0.000175965905788593	100
371_Teno_5325_2001	North-Norway	M0.50	-0.0125	-0.0186	-0.000185999999999999	0.000131999999999999	0.000228078933704977	100
372_Teno_5326_2001	North-Norway	M0.50	-0.0138	-0.0129	-0.000409	-0.000248	0.000478314749929375	100
373_Teno_5329_2001	North-Norway	M0.50	-0.0075	-0.0137	-0.000458	-0.00048	0.000663448566205399	100
374_Teno_5330_2001	North-Norway	M0.50	-0.0075	-0.0105	-0.000198	-0.000205999999999999	0.00028572714256787	100
375_Teno_5336_2001	North-Norway	M0.50	-0.0138	-0.0113	-0.00039	-0.000496000000000001	0.000630964341306227	100
376_Teno_5338_2001	North-Norway	M0.50	-0.0144	-0.0085	-1.80000000000004e-05	0.000316000000000001	0.000316512243049144	100
377_Teno_5342_2001	North-Norway	M0.50	-0.0181	-0.0141	-0.000377999999999999	-0.000477	0.000608615642257081	100
378_Teno_5343_2001	North-Norway	M0.50	-0.0161	-0.0122	-0.000266	-0.000261999999999999	0.000373363094051889	100
379_Teno_5352_2001	North-Norway	M0.50	-0.0121	-0.0182	6.99999999999996e-05	-0.001145	0.00114713774238319	100
380_Teno_5353_2001	North-Norway	M0.50	-0.0122	-0.0142	-0.000525999999999999	-0.000945999999999999	0.00108240103473712	100
381_Teno_5356_2001	North-Norway	M0.50	-0.0174	-0.0116	-0.000514000000000001	-0.000252000000000001	0.00057245087125447	100
382_Teno_5366_2001	North-Norway	M0.50	-0.0143	-0.011	0.000204	-0.000406000000000001	0.000454369893368829	100
383_Teno_5367_2001	North-Norway	M0.50	-0.0141	-0.0129	-0.000589	-0.000415	0.000720517869313455	100
384_Teno_5692_2001	North-Norway	M0.50	-0.0123	-0.0129	-0.000191	-0.000853	0.000874122417056101	100
385_Teno_5695_2001	North-Norway	M0.50	-0.0122	-0.0079	-0.000290999999999999	-0.000234999999999999	0.00037404010480161	100
386_Teno_5698_2001	North-Norway	M0.50	-0.01	-0.0066	0.000352	-0.00055	0.000652996171504857	100
387_Teno_5699_2001	North-Norway	M0.50	-0.0101	-0.0142	-0.000646000000000001	-0.000791999999999999	0.00102204696565275	100
388_Teno_5702_2001	North-Norway	M0.50	-0.013	-0.0101	-0.000358000000000001	-0.000331	0.000487570507721705	100
389_Teno_5705_2001	North-Norway	M0.50	-0.0098	-0.0174	0.000227	-6.50000000000012e-05	0.000236122849381418	100
390_Teno_5709_2001	North-Norway	M0.50	-0.0126	-0.004	-0.000247	-0.001021	0.00105045228354267	100
391_Teno_5797_2001	North-Norway	M0.50	-0.0145	-0.0116	5.00000000000007e-05	0.000240999999999999	0.000246132078364442	100
392_Teno_5800_2001	North-Norway	M0.50	-0.0128	-0.0092	-0.000207999999999999	-0.000373	0.000427074934876773	100
393_Teno_5803_2001	North-Norway	M0.50	-0.0081	-0.0142	-0.000403	-0.000417999999999999	0.000580631552707911	100
394_Teno_5805_2001	North-Norway	M0.50	-0.015	-0.0152	-0.000372	-0.000376	0.000528923434912843	100
395_Teno_5809_2001	North-Norway	M0.50	-0.0125	-0.0133	0.000463000000000001	-0.000236000000000001	0.00051967778478592	100
396_Teno_5820_2001	North-Norway	M0.50	-0.0137	-0.0127	1.60000000000003e-05	-0.001127	0.00112711357014278	100
397_Teno_5832_2001	North-Norway	M0.50	-0.012	-0.0101	-0.000524	-0.000514	0.000734010899101641	100
398_Teno_5835_2001	North-Norway	M0.50	-0.0153	-0.0145	8.99999999999993e-05	-0.000302999999999999	0.000316083849634871	100
399_Teno_5841_2001	North-Norway	M0.50	-0.0111	-0.0133	0.000143	6.59999999999994e-05	0.00015749603169604	100
3_205	Spain-Atl	M0.50	0.0025	0.035	0.000399	0.000899999999999997	0.000984480065821545	100
3_206	Spain-Atl	M0.50	-0.0048	0.0273	0.00017	0.000948999999999999	0.000964106321937574	100
3_207	Spain-Atl	M0.50	0.0057	0.0288	0.000118	0.001436	0.00144084003275867	100
3_208	Spain-Atl	M0.50	0.0083	0.0292	0.00042	0.000416	0.000591148035605295	100
3_209	Spain-Atl	M0.50	0.0011	0.036	-0.000882	0.001387	0.00164368275527853	100
3_210	Spain-Atl	M0.50	-0.0041	0.033	0.000576	0.000732999999999998	0.00093223655796155	100
3_211	Spain-Atl	M0.50	-0.0018	0.0369	-0.000113	0.000780999999999998	0.000789132435019621	100
3_212	Spain-Atl	M0.50	-4e-04	0.0368	-0.000728	0.000534000000000001	0.000902851039762374	100
3_213	Spain-Atl	M0.50	-2e-04	0.0314	0.000119	0.000418000000000002	0.000434609019694716	100
3_214	Spain-Atl	M0.50	0.0026	0.0355	-0.000227	0.001061	0.00108501152067617	100
3_215	Spain-Atl	M0.50	0.0031	0.0293	0.000189	0.001132	0.00114766937747768	100
3_216	Spain-Atl	M0.50	-3e-04	0.0321	0.000229	0.000408000000000003	0.000467872845974205	100
3_217	Spain-Atl	M0.50	0.0047	0.0282	-0.000492	0.001128	0.00123062910740808	100
3_218	Spain-Atl	M0.50	3e-04	0.0316	-0.000213	0.000875999999999997	0.000901523710170728	100
3_219	Spain-Atl	M0.50	-0.0021	0.0316	0.000377	0.000669999999999997	0.000768784104934536	100
3_220	Spain-Atl	M0.50	0.0041	0.034	-0.000268	0.00147	0.00149423023661014	100
3_221	Spain-Atl	M0.50	0.0032	0.0341	0.000262	0.00103	0.00106280007527286	100
3_222	Spain-Atl	M0.50	0	0.033	-0.000248	0.001063	0.0010915461511086	100
3_223	Spain-Atl	M0.50	5e-04	0.0349	-0.000586	0.001206	0.00134083257716987	100
3_224	Spain-Atl	M0.50	0.0087	0.0349	0.000322000000000001	0.001089	0.00113560776679274	100
3_225	Spain-Atl	M0.50	0.003	0.0249	-0.000136	0.000541000000000002	0.000557832412109588	100
3_226	Spain-Atl	M0.50	0.0039	0.0234	0.000107	0.000570999999999999	0.0005809388952377	100
3_227	Spain-Atl	M0.50	0.0085	0.0367	0.000135999999999999	0.000941999999999997	0.000951766778155233	100
3_228	Spain-Atl	M0.50	3e-04	0.0437	0.000444	0.000450999999999997	0.000632879925420294	100
3_229	Spain-Atl	M0.50	1e-04	0.0262	0.000386	0.001611	0.00165659802003986	100
3_230	Spain-Atl	M0.50	0.0029	0.0363	1.60000000000002e-05	0.000567000000000001	0.000567225704636171	100
3_231	Spain-Atl	M0.50	0.003	0.0381	-6.2e-05	0.000844999999999998	0.000847271503120456	100
3_232	Spain-Atl	M0.50	0.0015	0.0374	0.000318	0.000708999999999998	0.000777048904509875	100
3_233	Spain-Atl	M0.50	0.0043	0.0355	0.000182	0.001021	0.0010370944990694	100
3_234	Spain-Atl	M0.50	-0.0013	0.029	-0.000404	0.000722999999999998	0.000828217966479838	100
3_33	Spain-Atl	M0.50	0.0042	0.0368	0.000116	0.000678000000000001	0.000687851728208922	100
3_34	Spain-Atl	M0.50	-0.0052	0.035	0.00052	0.001106	0.00122214401770004	100
3_35	Spain-Atl	M0.50	0.0053	0.0351	-5.5e-05	0.000663000000000001	0.00066527738575725	100
3_36	Spain-Atl	M0.50	-0.0032	0.0325	-0.000286	0.000993999999999999	0.00103432683422601	100
3_37	Spain-Atl	M0.50	-0.0036	0.0408	4.99999999999999e-05	0.000943999999999997	0.000945323225145767	100
3_38	Spain-Atl	M0.50	0.004	0.031	-0.000112	0.001002	0.00100824005078156	100
3_39	Spain-Atl	M0.50	-0.0095	0.0298	8.99999999999997e-05	0.000665	0.000671062590225383	100
3_40	Spain-Atl	M0.50	0.0051	0.0311	0.000481	0.000883000000000001	0.00100550982093662	100
3_41	Spain-Atl	M0.50	0.0051	0.036	6.59999999999996e-05	0.000861000000000003	0.000863525911597333	100
3_42	Spain-Atl	M0.50	-0.0013	0.0258	0.000445	0.000883	0.000988794215193434	100
3_43	Spain-Atl	M0.50	9e-04	0.0296	-0.000197	0.000269999999999999	0.000334228963436742	100
3_44	Spain-Atl	M0.50	0.0048	0.0415	-0.000316	0.000437999999999998	0.000540092584655629	100
3_45	Spain-Atl	M0.50	-0.0035	0.0305	-0.000422	0.000903	0.00099674119007895	100
3_46	Spain-Atl	M0.50	-0.0039	0.0232	-0.000182	0.000935000000000001	0.000952548686419756	100
3_47	Spain-Atl	M0.50	0.0035	0.0331	0.000186	0.000835000000000003	0.000855465370427117	100
3_48	Spain-Atl	M0.50	0.0083	0.0289	-0.000495	0.000827000000000002	0.000963822597784469	100
400_Teno_5842_2001	North-Norway	M0.50	-0.014	-0.0099	-0.000637	0.000519000000000001	0.000821662947929381	100
401_Teno_5843_2001	North-Norway	M0.50	-0.0044	-0.006	-7.99999999999977e-06	-0.000512	0.000512062496185768	100
402_Teno_5844_2001	North-Norway	M0.50	-0.0029	-0.0149	0.00032	-0.000871	0.000927922949387502	100
403_Teno_5847_2001	North-Norway	M0.50	-0.0086	-0.0084	-5.70000000000001e-05	-0.000724000000000001	0.000726240318351991	100
404_Teno_5858_2001	North-Norway	M0.50	-0.0114	-0.015	-0.000646	-0.000844000000000001	0.0010628508832381	100
405_Teno_5859_2001	North-Norway	M0.50	-0.0135	-0.0112	-0.000924	-3.60000000000001e-05	0.000924701032766807	100
406_Teno_5875_2001	North-Norway	M0.50	-0.012	-0.0125	4.70000000000002e-05	-0.000544999999999999	0.00054702285144224	100
407_Teno_5895_2001	North-Norway	M0.50	-0.0169	-0.0093	-0.000640000000000002	-0.000420000000000001	0.000765506368360187	100
408_Teno_5897_2001	North-Norway	M0.50	-0.0155	-0.0068	-0.000362	-0.000455	0.000581437012925734	100
409_Teno_5898_2001	North-Norway	M0.50	-0.0121	-0.0072	-0.000299	-7.00000000000023e-06	0.000299081928574764	100
410_Teno_5902_2001	North-Norway	M0.50	-0.0142	-0.0175	-8.29999999999991e-05	-3.69999999999984e-05	9.08735385026892e-05	100
411_Teno_5903_2001	North-Norway	M0.50	-0.0142	-0.0169	-0.000944999999999999	-0.000330000000000002	0.00100096203724217	100
412_Teno_5907_2001	North-Norway	M0.50	-0.0161	-0.0169	-0.000673	-0.000773000000000002	0.0010249185333479	100
413_Teno_5921_2001	North-Norway	M0.50	-0.0129	-0.0134	0.00011	0.000326	0.000344058134622625	100
414_Teno_5924_2001	North-Norway	M0.50	-0.0104	-0.0124	-0.000859	-0.000411000000000001	0.000952261518701665	100
415_Teno_5926_2001	North-Norway	M0.50	-0.0128	-0.0036	-0.000399999999999999	-0.000594	0.000716125687292391	100
416_Teno_5927_2001	North-Norway	M0.50	-0.0144	-0.0087	-0.000664000000000001	0.000155999999999999	0.000682079174289906	100
417_Teno_5931_2001	North-Norway	M0.50	-0.0149	-0.0187	-0.000157	-0.000523999999999999	0.000547014625033004	100
418_Teno_5933_2001	North-Norway	M0.50	-0.0066	-0.016	-0.000562	-0.000502	0.000753556898979765	100
419_Teno_5934_2001	North-Norway	M0.50	-0.0157	-0.0099	-0.000620000000000001	0.000298000000000001	0.000687898248289674	100
420_Teno_5937_2001	North-Norway	M0.50	-0.0065	-0.0129	-0.000474	6.1e-05	0.00047790898715132	100
421_Teno_5939_2001	North-Norway	M0.50	-0.009	-0.0172	-2.10000000000007e-05	-0.000369	0.000369597077910527	100
422_Teno_5943_2001	North-Norway	M0.50	-0.012	-0.0091	-0.000864	-0.000366	0.000938324037846201	100
423_Teno_5944_2001	North-Norway	M0.50	-0.0112	-0.0141	-0.000838	-0.001091	0.00137569073559431	100
424_Teno_5945_2001	North-Norway	M0.50	-0.0126	-0.0082	-0.000419	-0.000268999999999999	0.000497917663876267	100
425_Teno_5948_2001	North-Norway	M0.50	-0.0141	-0.0154	-0.000459	-0.000547999999999999	0.000714832148129895	100
426_Teno_5952_2001	North-Norway	M0.50	-0.0133	-0.0182	-0.000674000000000001	0.000212000000000001	0.000706555022627397	100
427_Teno_5953_2001	North-Norway	M0.50	-0.0094	-0.0081	0.000302	-0.000837	0.000889816273171041	100
428_Teno_5956_2001	North-Norway	M0.50	-0.0061	-0.01	-0.000205	0.000316	0.000376670943928517	100
429_Teno_5957_2001	North-Norway	M0.50	-0.0089	-0.0129	-0.000506	-0.000318	0.0005976286472384	100
430_Teno_5958_2001	North-Norway	M0.50	-0.011	-0.0148	-7.50000000000006e-05	0.000414000000000001	0.000420738636210178	100
431_Teno_5959_2001	North-Norway	M0.50	-0.0149	-0.0136	-0.000642	-9.00000000000084e-06	0.000642063081013073	100
432_Teno_5961_2001	North-Norway	M0.50	-0.0029	-0.0092	0.000336	-6.00000000000002e-05	0.000341315103679869	100
433_Teno_5965_2001	North-Norway	M0.50	-0.0078	-0.0089	-7e-04	0.000241	0.000740324928663084	100
434_Teno_5966_2001	North-Norway	M0.50	-0.0107	-0.0195	-0.000305000000000001	-0.00053	0.000611494071925477	100
435_Teno_5967_2001	North-Norway	M0.50	-0.0126	-0.0026	0.000248	-3.10000000000001e-05	0.000249929990197255	100
436_Teno_5971_2001	North-Norway	M0.50	-0.0084	-0.0104	-0.000509000000000001	-0.000209000000000001	0.000550238130267252	100
437_Teno_5974_2001	North-Norway	M0.50	-0.0111	-0.0192	1.70000000000005e-05	-0.00102	0.00102014165683007	100
438_Teno_5976_2001	North-Norway	M0.50	-0.021	-0.0167	-0.000658999999999999	-0.000722	0.000977530050688979	100
439_Teno_5978_2001	North-Norway	M0.50	-0.0109	-0.0121	0.000682	0.000106	0.000690188380081844	100
440_Teno_5982_2001	North-Norway	M0.50	-0.0121	-0.008	-0.000286	-5.59999999999999e-05	0.000291430952371227	100
441_Teno_5985_2001	North-Norway	M0.50	-0.012	-0.0118	-0.000486	9.19999999999997e-05	0.000494631175725914	100
442_Teno_5988_2001	North-Norway	M0.50	-0.013	-0.0075	-8.50000000000007e-05	-0.000801	0.000805497361882707	100
443_Teno_5989_2001	North-Norway	M0.50	-0.0114	-0.014	-0.000825	-0.000542	0.000987111442543343	100
444_Teno_5990_2001	North-Norway	M0.50	-0.0158	-0.0201	-0.000317999999999999	-0.000565	0.000648343273274273	100
445_Teno_5991_2001	North-Norway	M0.50	-0.0136	-0.011	-0.000156000000000001	0.000299999999999999	0.000338136067286529	100
446_Teno_5992_2001	North-Norway	M0.50	-0.0098	-0.0136	1.69999999999996e-05	-0.000334000000000001	0.000334432354894081	100
447_Teno_5994_2001	North-Norway	M0.50	-0.0081	-0.013	2.39999999999996e-05	0.000191999999999999	0.000193494185959165	100
448_Teno_5997_2001	North-Norway	M0.50	-0.0062	-0.0088	4.89999999999998e-05	0.000243000000000001	0.000247891105124811	100
449_Teno_6003_2001	North-Norway	M0.50	-0.0079	-0.0093	-9.59999999999992e-05	-0.000573000000000001	0.000580986230473667	100
450_Teno_6006_2001	North-Norway	M0.50	-0.0112	-0.0084	-0.000342	-8.80000000000006e-05	0.00035314019878796	100
451_Teno_6007_2001	North-Norway	M0.50	-0.0112	-0.0127	-0.000853	-4.30000000000005e-05	0.000854083134126884	100
452_Teno_6012_2001	North-Norway	M0.50	-0.0116	-0.0091	0.000366999999999999	-0.000911	0.000982145610385751	100
453_Teno_6013_2001	North-Norway	M0.50	-0.0166	-0.0128	-0.000646	-0.000482	0.000806002481385758	100
454_Teno_6015_2001	North-Norway	M0.50	-0.0064	-0.0161	-7.99999999999997e-05	-0.001233	0.0012355925703888	100
455_Teno_6019_2001	North-Norway	M0.50	-0.0126	-0.0138	-0.00031	-0.000251	0.000398874667032139	100
456_Teno_6024_2001	North-Norway	M0.50	-0.015	-0.0176	-0.000268	-0.000581999999999999	0.000640740196959734	100
457_Teno_6025_2001	North-Norway	M0.50	-0.001	-0.0152	-0.000117	-0.001073	0.00107935999555292	100
458_Teno_6037_2001	North-Norway	M0.50	-0.0148	-0.0154	-0.000248999999999999	-0.000215999999999999	0.000329631612561659	100
459_Teno_6058_2001	North-Norway	M0.50	-0.0082	-0.0169	-0.000307999999999999	0.000161999999999998	0.00034800574707898	100
460_Teno_6062_2001	North-Norway	M0.50	-0.0162	-0.0085	-0.000224000000000001	-0.000124999999999999	0.000256517055963147	100
461_Teno_6064_2001	North-Norway	M0.50	-0.0209	-0.0097	-0.000908000000000002	0.000584	0.00107959251572063	100
462_Teno_6065_2001	North-Norway	M0.50	-0.0113	-0.0113	-0.000564000000000001	-0.000180000000000001	0.000592027026410113	100
463_Teno_6066_2001	North-Norway	M0.50	-0.0106	-0.0219	2.20000000000001e-05	0.000164999999999999	0.000166460205454636	100
464_Teno_6069_2001	North-Norway	M0.50	-0.0147	-0.0105	-0.000395	-0.001183	0.00124720246952931	100
465_Teno_6074_2001	North-Norway	M0.50	-0.0064	-0.0112	-0.000663	-0.000576	0.000878262489236561	100
466_Teno_6076_2001	North-Norway	M0.50	-0.01	-0.0082	-0.000479	-0.000816999999999999	0.000947063883800876	100
467_Teno_6094_2001	North-Norway	M0.50	-0.0141	-0.0134	-0.00104	-0.000617	0.0012092514213347	100
468_Teno_6095_2001	North-Norway	M0.50	-0.0137	-0.0219	-0.000706	-0.000870000000000001	0.00112041777922345	100
469_Teno_6096_2001	North-Norway	M0.50	-0.0143	-0.0152	-0.000536	7.09999999999999e-05	0.000540681976766379	100
470_Teno_6102_2001	North-Norway	M0.50	-0.0132	-0.0101	-0.000517	-0.000869	0.00101116269709676	100
471_Teno_6103_2001	North-Norway	M0.50	-0.0146	-0.0104	-0.000733	-0.000436	0.000852868688603351	100
472_Teno_6107_2001	North-Norway	M0.50	-0.0124	-0.0119	-0.000118	0.000144000000000001	0.000186171963517605	100
473_Teno_6108_2001	North-Norway	M0.50	-0.006	-0.0101	6.60000000000001e-05	-0.000284	0.000291568173846187	100
474_Teno_6110_2001	North-Norway	M0.50	-0.011	-0.0121	-0.000547000000000001	-0.000505	0.000744468938237185	100
475_Teno_6129_2001	North-Norway	M0.50	-0.0129	-0.0098	-0.000501	0.000213	0.000544398750917009	100
476_Teno_6170_2001	North-Norway	M0.50	-0.0057	-0.0166	-0.000619	-0.000509	0.000801400024956326	100
477_Teno_6213_2001	North-Norway	M0.50	-0.007	-0.0061	-0.000478	-0.000292	0.000560132127269986	100
478_Teno_6230_2001	North-Norway	M0.50	-0.0082	-0.0228	-2.59999999999993e-05	-0.000935999999999999	0.000936361041479193	100
479_Teno_6282_2001	North-Norway	M0.50	-0.0176	-0.0123	-0.000160999999999999	-0.000902	0.00091625596860266	100
480_Teno_6283_2001	North-Norway	M0.50	-0.0092	-0.0092	-0.000395	-0.000383	0.000550194511059498	100
481_Teno_1996_2002	North-Norway	M0.50	-0.0036	-0.0143	6.09999999999999e-05	-0.000326	0.000331657956334534	100
482_Teno_1999_2002	North-Norway	M0.50	-0.0072	-0.0106	-0.000267	0.000133	0.000298291803440859	100
483_Teno_2397_2002	North-Norway	M0.50	-0.0128	-0.0156	-0.000245	-0.000756000000000001	0.000794708122520464	100
484_Teno_2448_2002	North-Norway	M0.50	-0.0062	-0.0159	-0.000319	-0.000569999999999999	0.000653192927089692	100
485_Teno_2548_2002	North-Norway	M0.50	-0.0071	-0.0163	0.000302	-0.000225000000000001	0.000376601911837952	100
486_Teno_2552_2002	North-Norway	M0.50	-0.0059	-0.0087	3e-04	-0.000763000000000001	0.000819859134241975	100
487_Teno_2553_2002	North-Norway	M0.50	-0.0124	-0.0199	-0.000619	-0.000836999999999999	0.0010410235347964	100
488_Teno_2646_2002	North-Norway	M0.50	-0.0065	-0.0152	0.000148	-0.000134	0.000199649693212887	100
489_Teno_2647_2002	North-Norway	M0.50	-0.0077	-0.0094	-0.00064	-0.000387	0.0007479097539142	100
490_Teno_2649_2002	North-Norway	M0.50	-0.0106	-0.0098	-0.000575	-8.50000000000003e-05	0.000581248655912425	100
491_Teno_2655_2002	North-Norway	M0.50	-0.0058	-0.0141	-6.90000000000004e-05	-0.000262	0.000270933571194122	100
492_Teno_2656_2002	North-Norway	M0.50	-0.0116	-0.0087	0.000154999999999999	-0.000218000000000001	0.00026748644825486	100
493_Teno_2657_2002	North-Norway	M0.50	-0.015	-0.0121	-0.00071	-0.00041	0.000819878039710786	100
494_Teno_2658_2002	North-Norway	M0.50	-0.0119	-0.0122	-0.000119999999999999	5.60000000000008e-05	0.000132423562857974	100
495_Teno_2693_2002	North-Norway	M0.50	-0.0072	-0.0047	9.99999999999998e-05	-0.000618	0.000626038337484215	100
496_Teno_2697_2002	North-Norway	M0.50	-0.0117	-0.0135	-0.000233	-0.00077	0.000804480577764311	100
497_Teno_2702_2002	North-Norway	M0.50	-0.0109	-0.01	-0.000629	-0.000755	0.000982683061826141	100
498_Teno_2703_2002	North-Norway	M0.50	-0.0105	-0.0122	-0.000619999999999999	-0.000544999999999999	0.000825484706096968	100
499_Teno_2704_2002	North-Norway	M0.50	-0.0125	-0.0124	-0.000253999999999999	-0.000114	0.000278409769943513	100
4_49	Spain-Cant	M0.50	6e-04	0.0222	0.000523	0.001298	0.00139940451621395	100
4_50	Spain-Cant	M0.50	-0.0012	0.025	-0.000272	0.000753999999999999	0.000801560977094069	100
4_51	Spain-Cant	M0.50	0.0013	0.0282	0.000118	0.001018	0.0010248160810604	100
4_52	Spain-Cant	M0.50	-0.0061	0.027	0.00041	0.000952	0.00103653461109603	100
4_53	Spain-Cant	M0.50	0.0032	0.0259	0.00012	0.00099	0.00099724620831568	100
4_54	Spain-Cant	M0.50	0.0014	0.0185	-0.000119	0.000947000000000001	0.000954447484149862	100
4_55	Spain-Cant	M0.50	-0.0013	0.0219	0.000776	0.000430000000000001	0.000887173038363994	100
4_56	Spain-Cant	M0.50	0.001	0.0224	-0.000522	0.000771	0.00093108807317031	100
4_57	Spain-Cant	M0.50	0	0.0133	-0.000454	-7.79999999999993e-05	0.000460651712251241	100
4_58	Spain-Cant	M0.50	0.003	0.0145	-3.60000000000001e-05	0.001181	0.00118154856015316	100
4_59	Spain-Cant	M0.50	0.001	0.0212	6e-05	0.000457	0.000460921902278466	100
4_60	Spain-Cant	M0.50	0.0028	0.0222	6.7e-05	0.000660999999999999	0.000664386935452526	100
4_61	Spain-Cant	M0.50	-0.01	0.0283	-0.000207	0.000789000000000001	0.00081570215152346	100
4_62	Spain-Cant	M0.50	0.0015	0.0216	0.000305	0.000580999999999999	0.000656190521114104	100
4_63	Spain-Cant	M0.50	-0.007	0.0311	-0.000401	0.000526000000000001	0.000661420441171877	100
500_Teno_2705_2002	North-Norway	M0.50	-0.0077	-0.0128	-0.000485	-0.000471999999999999	0.00067676362195378	100
501_Teno_2708_2002	North-Norway	M0.50	-0.0082	-0.0115	-8.29999999999993e-05	-7.20000000000002e-05	0.000109877204187219	100
502_Teno_2711_2002	North-Norway	M0.50	-0.0138	-0.0177	-0.000265	-0.000573	0.000631311333654006	100
503_Teno_2714_2002	North-Norway	M0.50	-0.0126	-0.0154	-0.000434	-0.000844	0.000949047943994401	100
504_Teno_2716_2002	North-Norway	M0.50	-0.0105	-0.0215	-0.001255	-0.000875000000000002	0.00152991829847218	100
505_Teno_2718_2002	North-Norway	M0.50	-0.0062	-0.0113	0.000522	-0.000716000000000001	0.000886081260381914	100
506_Teno_2719_2002	North-Norway	M0.50	-0.0148	-0.0144	-0.000266999999999999	-0.000481	0.000550136346735971	100
507_Teno_2723_2002	North-Norway	M0.50	-0.0154	-0.0104	-0.000286	-0.000100000000000001	0.000302978547095335	100
508_Teno_2742_2002	North-Norway	M0.50	-0.0139	-0.0123	-0.000277000000000001	-0.000281	0.000394575721503491	100
509_Teno_2744_2002	North-Norway	M0.50	-0.0128	-0.0137	-0.000459	-0.000262	0.000528512062303217	100
510_Teno_2748_2002	North-Norway	M0.50	-0.0157	-0.0181	-0.000420000000000001	8.00000000000148e-06	0.000420076183566744	100
511_Teno_2928_2002	North-Norway	M0.50	-0.0149	-0.0155	-0.000531	-0.000746	0.000915683897423123	100
512_Teno_2931_2002	North-Norway	M0.50	-0.0174	-0.0101	-0.000416000000000001	-0.000375	0.000560072316759186	100
513_Teno_2960_2002	North-Norway	M0.50	-0.0106	-0.0168	-0.000504	-0.000622000000000001	0.000800562302385018	100
514_Teno_2973_2002	North-Norway	M0.50	-0.013	-0.0104	-0.000463	-0.001091	0.00118517931132804	100
515_Teno_2975_2002	North-Norway	M0.50	-0.0093	-0.0124	-0.000862000000000001	-0.000163	0.000877275897309394	100
516_Teno_3170_2002	North-Norway	M0.50	-0.014	-0.014	-0.000104	0.000109	0.00015065523555456	100
517_Teno_3173_2002	North-Norway	M0.50	-0.009	-0.0126	-0.000393000000000001	-0.000228	0.000454348984812336	100
518_Teno_3343_2002	North-Norway	M0.50	-0.0157	-0.0152	-0.000349000000000001	-0.000103	0.0003638818489565	100
519_Teno_3434_2002	North-Norway	M0.50	-0.013	-0.021	-0.000736000000000001	-0.000659999999999999	0.000988582824046624	100
520_Teno_3439_2002	North-Norway	M0.50	-0.0139	-0.014	-0.000742000000000001	-0.000203	0.000769267833722431	100
521_Teno_3440_2002	North-Norway	M0.50	-0.0147	-0.0127	-0.000848	0.000446999999999999	0.000958599499269638	100
522_Teno_3441_2002	North-Norway	M0.50	-0.017	-0.0143	-0.000257999999999999	-0.000668	0.000716092172838106	100
523_Teno_3442_2002	North-Norway	M0.50	-0.0157	-0.0141	-0.000447000000000001	0.000241	0.0005078287112797	100
524_Teno_3444_2002	North-Norway	M0.50	-0.0116	-0.016	-0.000171000000000001	-0.00064	0.000662450752886582	100
525_Teno_3445_2002	North-Norway	M0.50	-0.0131	-0.0151	0.000447000000000001	-0.000445999999999999	0.000631446751515914	100
526_Teno_3449_2002	North-Norway	M0.50	-0.007	-0.015	-3.19999999999998e-05	-3.40000000000005e-05	4.66904701197152e-05	100
527_Teno_3451_2002	North-Norway	M0.50	-0.0147	-0.0152	-0.000312000000000001	-0.001095	0.00113858201285634	100
528_Teno_3453_2002	North-Norway	M0.50	-0.0153	-0.0151	-0.000530000000000001	-0.000224999999999999	0.000575782076831157	100
529_Teno_3455_2002	North-Norway	M0.50	-0.0175	-0.0131	-0.000465999999999998	-0.000345999999999999	0.000580406753923486	100
530_Teno_3457_2002	North-Norway	M0.50	-0.0089	-0.0064	-0.000628	-0.000265	0.000681622329446446	100
531_Teno_3459_2002	North-Norway	M0.50	-0.0114	-0.0147	-0.000351	-8.80000000000005e-05	0.000361863233832894	100
532_Teno_3468_2002	North-Norway	M0.50	-0.0124	-0.0142	-0.000721000000000001	-0.000560999999999999	0.000913543649750793	100
533_Teno_3469_2002	North-Norway	M0.50	-0.0142	-0.0134	-0.000504999999999999	-0.000437	0.000667827822121839	100
534_Teno_3470_2002	North-Norway	M0.50	-0.0093	-0.0114	5.99999999999991e-05	-0.000517	0.000520469979921993	100
535_Teno_3471_2002	North-Norway	M0.50	-0.0106	-0.0108	-0.000308	-0.000802999999999999	0.000860042440813242	100
536_Teno_3477_2002	North-Norway	M0.50	-0.01	-0.0106	-3.99999999999998e-05	-0.001051	0.00105176090438845	100
537_Teno_3478_2002	North-Norway	M0.50	-0.0085	-0.0124	0.000147000000000001	0.000163999999999999	0.000220238507078122	100
538_Teno_3479_2002	North-Norway	M0.50	-0.0084	-0.0132	-0.000786	-0.00129	0.00151059458492343	100
539_Teno_3480_2002	North-Norway	M0.50	-0.0131	-0.0103	-0.000984999999999999	-0.000497	0.0011032832818456	100
540_Teno_3486_2002	North-Norway	M0.50	-0.0088	-0.0136	-0.000868	-0.000665000000000001	0.00109345736085135	100
541_Teno_3490_2002	North-Norway	M0.50	-0.0116	-0.0169	-0.000301000000000001	-0.000400000000000002	0.000500600639232514	100
542_Teno_3492_2002	North-Norway	M0.50	-0.0135	-0.0137	-0.000194	-0.000588	0.000619176872953116	100
543_Teno_3493_2002	North-Norway	M0.50	-0.0122	-0.013	-0.000188999999999999	0.000370999999999999	0.000416367626022965	100
544_Teno_3502_2002	North-Norway	M0.50	-0.0017	0.0019	-0.000184	0.00032	0.000369128703841899	100
545_Teno_3506_2002	North-Norway	M0.50	-0.0109	-0.0158	-0.000393	-0.000765999999999998	0.000860932633833796	100
546_Teno_3508_2002	North-Norway	M0.50	-0.0132	-0.009	-2.70000000000001e-05	-0.000477000000000001	0.000477763539839533	100
547_Teno_3510_2002	North-Norway	M0.50	-0.0075	-0.0132	-0.000331	-0.00116	0.00120630054298255	100
548_Teno_3511_2002	North-Norway	M0.50	-0.0157	-0.0124	-0.000209000000000001	-2.00000000000053e-06	0.000209009569158928	100
549_Teno_3512_2002	North-Norway	M0.50	-0.0089	-0.0117	-0.000377	-0.000227	0.000440065904155275	100
550_Teno_3520_2002	North-Norway	M0.50	-0.0113	-0.0148	-0.000457000000000001	-1.99999999999994e-05	0.000457437427414942	100
551_Teno_3526_2002	North-Norway	M0.50	-0.0115	-0.0039	-0.000284	0.000447	0.000529589463641413	100
552_Teno_3528_2002	North-Norway	M0.50	-0.0129	-0.0116	-0.000591	-0.000625000000000001	0.000860177888578869	100
553_Teno_3533_2002	North-Norway	M0.50	-0.009	-0.0098	0.000144999999999999	-0.000469	0.000490903249123491	100
554_Teno_3537_2002	North-Norway	M0.50	-0.0074	-0.0151	-0.000977	-0.000229999999999999	0.00100370762675193	100
555_Teno_3538_2002	North-Norway	M0.50	-0.0114	-0.0128	-0.000851	-0.000250999999999999	0.00088724404759908	100
556_Teno_3725_2002	North-Norway	M0.50	-0.0163	-0.0075	-0.000663000000000002	-0.000161	0.00068226827568047	100
557_Teno_3732_2002	North-Norway	M0.50	-0.0109	-0.0164	-4.20000000000001e-05	-0.000318999999999999	0.000321753010863922	100
558_Teno_3733_2002	North-Norway	M0.50	-0.0139	-0.01	-0.000980000000000001	-0.000655	0.00117873873271391	100
559_Teno_3734_2002	North-Norway	M0.50	-0.0146	-0.0127	-0.000157	-0.000739000000000001	0.000755493216382517	100
560_Teno_3739_2002	North-Norway	M0.50	-0.0114	-0.0108	-3.09999999999997e-05	-0.000361999999999999	0.000363324923450071	100
561_Teno_3740_2002	North-Norway	M0.50	-0.0113	-0.0119	0.000194999999999999	-0.000339999999999999	0.000391950251945319	100
562_Teno_3741_2002	North-Norway	M0.50	-0.0141	-0.0121	-0.000863	-0.000149	0.000875768234180711	100
563_Teno_3743_2002	North-Norway	M0.50	-0.013	-0.0146	-0.000447000000000001	-0.000208	0.000493024340169936	100
564_Teno_3747_2002	North-Norway	M0.50	-0.0081	-0.0138	0.000472999999999999	-0.00039	0.000613048937687686	100
565_Teno_3748_2002	North-Norway	M0.50	-0.006	-0.0064	-0.000228	4.10000000000003e-05	0.000231657074141931	100
566_Teno_3813_2002	North-Norway	M0.50	-0.0105	-0.0045	-0.000696999999999999	0.000636	0.000943559749035533	100
567_Teno_3816_2002	North-Norway	M0.50	-0.0128	-0.0113	0.000492000000000001	-0.000130000000000001	0.000508885055783721	100
568_Teno_3821_2002	North-Norway	M0.50	-0.0148	-0.0165	-0.000472999999999999	-0.001095	0.00119279252177401	100
569_Teno_3822_2002	North-Norway	M0.50	-0.0198	-0.0141	-0.000554999999999998	-6.50000000000004e-05	0.000558793342837939	100
570_Teno_3930_2002	North-Norway	M0.50	-0.0095	-0.0113	-0.00058	6.29999999999993e-05	0.000583411518569869	100
571_Teno_3931_2002	North-Norway	M0.50	-0.0062	-0.008	-0.000496	-0.000597	0.00077616042156245	100
572_Teno_3938_2002	North-Norway	M0.50	-0.0127	-0.0087	3.49999999999996e-05	0.000251999999999999	0.000254418945835407	100
573_Teno_3941_2002	North-Norway	M0.50	-0.0161	-0.0115	-0.000354	-0.000531	0.000638182575757126	100
574_Teno_3980_2002	North-Norway	M0.50	-0.0124	-0.0113	-0.000199	5.59999999999993e-05	0.000206729291586848	100
575_Teno_3982_2002	North-Norway	M0.50	-0.0098	-0.0129	-0.000274	-0.000267	0.000382576789677576	100
576_Teno_3984_2002	North-Norway	M0.50	-0.0139	-0.0146	-8.00000000000008e-05	-0.00039	0.000398120584747888	100
577_Teno_3989_2002	North-Norway	M0.50	-0.0067	-0.0142	-7.09999999999997e-05	-0.000257999999999999	0.000267591105980747	100
578_Teno_3990_2002	North-Norway	M0.50	-0.0047	-0.0145	-0.000613	-0.000163999999999999	0.000634558901915338	100
579_Teno_3993_2002	North-Norway	M0.50	-0.0134	-0.0146	-0.000235	-0.000919	0.000948570503441889	100
580_Teno_3994_2002	North-Norway	M0.50	-0.0065	-0.006	0.000259	-0.000335	0.000423445391992875	100
581_Teno_3996_2002	North-Norway	M0.50	-0.0103	-0.0155	-0.000305	-0.000403	0.000505404788263823	100
582_Teno_4001_2002	North-Norway	M0.50	-0.0147	-0.0084	-0.000968	-0.000407000000000001	0.00105008237772091	100
583_Teno_4124_2002	North-Norway	M0.50	-0.014	-0.0168	-2.99999999999967e-06	-0.000860000000000001	0.000860005232542222	100
584_Teno_4134_2002	North-Norway	M0.50	-0.0155	-0.0146	-0.000138	-0.001203	0.00121088934259081	100
585_Teno_4135_2002	North-Norway	M0.50	-0.0172	-0.0159	-0.000768	-0.000514999999999999	0.000924688596231185	100
586_Teno_4144_2002	North-Norway	M0.50	-0.0079	-0.0105	-0.000129999999999999	-0.000518999999999999	0.000535033643801957	100
587_Teno_4146_2002	North-Norway	M0.50	-0.0122	-0.0066	-0.000559999999999999	0.000164	0.000583520350973297	100
588_Teno_4160_2002	North-Norway	M0.50	-0.0133	-0.0097	-6.30000000000007e-05	-5.79999999999997e-05	8.56329375882905e-05	100
589_Teno_4191_2002	North-Norway	M0.50	-0.0113	-0.012	0.000481999999999999	-0.000709	0.00085732432602837	100
590_Teno_4233_2002	North-Norway	M0.50	-0.0058	-0.0114	-0.000209	0.00041	0.00046019669707637	100
591_Teno_4235_2002	North-Norway	M0.50	-0.0131	-0.0138	-0.000346	0.000156	0.000379541829051818	100
592_Teno_4236_2002	North-Norway	M0.50	-0.0082	-0.0103	-0.000349999999999999	-0.000657	0.000744411848374271	100
593_Teno_4243_2002	North-Norway	M0.50	-0.0081	-0.0121	-0.000409	0.000373	0.000553543132917391	100
594_Teno_4244_2002	North-Norway	M0.50	-0.0114	-0.0173	0.000143	-0.000184	0.000233034332234545	100
595_Teno_4288_2002	North-Norway	M0.50	-0.0083	-0.0125	0.000267	-0.000578999999999999	0.000637597051436093	100
596_Teno_4290_2002	North-Norway	M0.50	-0.012	-0.0066	0.00017	0.00021	0.000270185121722126	100
597_Teno_4294_2002	North-Norway	M0.50	-0.007	-0.012	0.000101	-0.000704	0.000711208127062676	100
598_Teno_4300_2002	North-Norway	M0.50	-0.0179	-0.0106	-0.000839000000000001	-0.000625	0.00104620552474167	100
599_Teno_4313_2002	North-Norway	M0.50	-0.0121	-0.0069	-0.000326	-0.000297	0.000441004535124073	100
5_64	Spain-Cant	M0.50	-4e-04	0.0198	4.50000000000001e-05	0.000435999999999998	0.000438316095985533	100
5_65	Spain-Cant	M0.50	-0.0048	0.0406	0.000355	0.000827000000000002	0.00089997444408161	100
5_66	Spain-Cant	M0.50	4e-04	0.026	-0.000642	0.000570000000000001	0.00085852431532252	100
5_67	Spain-Cant	M0.50	-0.0014	0.0387	0.000349	0.001148	0.00119987707703748	100
5_68	Spain-Cant	M0.50	-6e-04	0.0297	0.000643	0.000534999999999999	0.000836465181582592	100
5_69	Spain-Cant	M0.50	0.0033	0.029	0.000306	0.000207999999999998	0.000369999999999999	100
5_70	Spain-Cant	M0.50	-0.0012	0.0289	-6.50000000000001e-05	0.000430000000000001	0.000434885042281292	100
5_71	Spain-Cant	M0.50	-0.0024	0.0308	0.00036	0.000833999999999999	0.000908380977343756	100
5_72	Spain-Cant	M0.50	-5e-04	0.0263	0.000154	0.001846	0.00185241248106354	100
5_73	Spain-Cant	M0.50	2e-04	0.022	2.7e-05	0.001006	0.00100636226081864	100
5_74	Spain-Cant	M0.50	0.0012	0.0266	-0.000184	0.000571000000000001	0.000599914160526322	100
5_75	Spain-Cant	M0.50	-0.003	0.0209	0.000111	0.001019	0.00102502780450093	100
5_76	Spain-Cant	M0.50	-7e-04	0.0261	-0.000374	0.000884999999999998	0.000960781452776851	100
5_77	Spain-Cant	M0.50	-3e-04	0.0067	-0.000295	0.000415	0.000509165984724039	100
5_78	Spain-Cant	M0.50	-8e-04	0.0241	0.000342	0.000675	0.000756696108090956	100
5_79	Spain-Cant	M0.50	0.0072	0.0177	0.000398	0.00104	0.00111355466861758	100
600_Teno_4318_2002	North-Norway	M0.50	-0.0117	-0.0097	-0.000806	-0.001032	0.00130945026633317	100
601_Teno_4337_2002	North-Norway	M0.50	-0.01	-0.0141	-0.000122	-0.000533	0.00054678423532505	100
602_Teno_4342_2002	North-Norway	M0.50	-0.0138	-0.0101	6.89999999999997e-05	5.59999999999996e-05	8.88650662521551e-05	100
603_Teno_4367_2002	North-Norway	M0.50	-0.0106	-0.0085	-0.000219	-0.000253999999999999	0.000335375908496719	100
604_Teno_4410_2002	North-Norway	M0.50	-0.0112	-0.0119	-0.000409	-0.000304999999999999	0.00051020192081175	100
605_Teno_4417_2002	North-Norway	M0.50	-0.0091	-0.0127	3.70000000000005e-05	-0.000318	0.000320145279521658	100
606_Teno_4425_2002	North-Norway	M0.50	-0.0108	-0.0124	9.00000000000057e-06	-0.000395	0.000395102518341759	100
607_Teno_4432_2002	North-Norway	M0.50	-0.0098	-0.011	-0.00077	0.000220999999999999	0.000801087385994811	100
608_Teno_4443_2002	North-Norway	M0.50	-0.0137	-0.0148	-0.000213	-0.000448999999999999	0.000496960763038692	100
609_Teno_4444_2002	North-Norway	M0.50	-0.0135	-0.0102	-0.000608	-0.000495999999999999	0.00078465278945531	100
610_Teno_4451_2002	North-Norway	M0.50	-0.0127	-0.0151	-0.000222	-8.99999999999994e-05	0.000239549577332126	100
611_Teno_4453_2002	North-Norway	M0.50	-0.0156	-0.0127	-0.000725000000000001	0.000547	0.000908203721639589	100
612_Teno_4461_2002	North-Norway	M0.50	-0.0141	-0.01	-0.000763	0.000392	0.000857807087869994	100
613_Teno_4468_2002	North-Norway	M0.50	-0.0141	-0.0077	-0.000344	0.00033	0.000476692773177862	100
614_Teno_4475_2002	North-Norway	M0.50	-0.0112	-0.0139	-0.000614	-0.000821000000000001	0.0010252009559106	100
615_Teno_4477_2002	North-Norway	M0.50	-0.0144	-0.0126	-0.000737	-0.000195	0.00076236080696741	100
616_Teno_4478_2002	North-Norway	M0.50	-0.0138	-0.008	-0.000627	-0.000104	0.000635566676281883	100
617_Teno_4479_2002	North-Norway	M0.50	-0.0035	-0.0208	-0.000451	-0.000343000000000001	0.000566612742532323	100
618_Teno_4485_2002	North-Norway	M0.50	-0.0105	-0.0182	-0.000300999999999999	-0.000220999999999999	0.000373419335332277	100
619_Teno_4532_2002	North-Norway	M0.50	-0.0069	-0.0119	-0.000135	-0.000950999999999999	0.000960534226355312	100
620_Teno_4536_2002	North-Norway	M0.50	-0.012	-0.0149	-0.000336	-0.000595	0.000683316178646459	100
621_Teno_4537_2002	North-Norway	M0.50	-0.0114	-0.0123	-0.000535	-3.39999999999999e-05	0.000536079285180839	100
622_Teno_4540_2002	North-Norway	M0.50	-0.0115	-0.0176	0.000144	-0.000854999999999999	0.000867041521497095	100
623_Teno_4542_2002	North-Norway	M0.50	-0.0103	-0.0082	-0.000117	4.20000000000006e-05	0.000124310096130604	100
624_Teno_4548_2002	North-Norway	M0.50	-0.0153	-0.0157	-0.000390000000000001	-0.000265000000000001	0.000471513520484833	100
625_Teno_4556_2002	North-Norway	M0.50	-0.0022	-0.003	-1.49999999999998e-05	-0.000921	0.000921122141738	100
626_Teno_4562_2002	North-Norway	M0.50	-0.0114	-0.016	3.00000000000003e-05	-0.000334	0.000335344598882999	100
627_Teno_4563_2002	North-Norway	M0.50	-0.0101	-0.013	0.000351	-0.000159000000000001	0.00038533362168386	100
628_Teno_4570_2002	North-Norway	M0.50	-0.0067	-0.0157	-0.000523	-0.000526000000000001	0.000741758046805022	100
629_Teno_4579_2002	North-Norway	M0.50	-0.0162	-0.0132	2.19999999999992e-05	-2.30000000000001e-05	3.18276609256787e-05	100
630_Teno_4580_2002	North-Norway	M0.50	-0.0099	-0.0101	-0.000266999999999999	-0.000108	0.000288015624576167	100
631_Teno_4583_2002	North-Norway	M0.50	-0.0134	-0.0119	-0.000884	-0.000457999999999999	0.00099560032141417	100
632_Teno_4592_2002	North-Norway	M0.50	-0.014	-0.0126	-6.29999999999997e-05	-6.89999999999999e-05	9.34344690143844e-05	100
633_Teno_4595_2002	North-Norway	M0.50	-0.0066	-0.0126	0.000109	-5e-04	0.000511743099611514	100
634_Teno_4596_2002	North-Norway	M0.50	-0.0126	-0.0097	-0.000353	-2.69999999999997e-05	0.000354031072082663	100
635_Teno_4599_2002	North-Norway	M0.50	-0.0165	-0.0124	-0.000313999999999999	-0.000258000000000001	0.000406398818895921	100
636_Teno_4650_2002	North-Norway	M0.50	-0.0175	-0.0146	-0.000732999999999998	-8.99999999999999e-05	0.000738504570060333	100
637_Teno_4695_2002	North-Norway	M0.50	-0.0086	-0.0144	-0.000184	-0.000497	0.000529966980103478	100
638_Teno_4775_2002	North-Norway	M0.50	-0.0109	-0.0137	-0.000171	-0.000122	0.000210059515376	100
639_Teno_4788_2002	North-Norway	M0.50	-0.0137	-0.0099	-0.000432	-2.69999999999992e-05	0.000432842927630797	100
640_Teno_4793_2002	North-Norway	M0.50	-0.0057	-0.0087	-0.000207	-0.000462000000000001	0.000506253888873953	100
641_Teno_4794_2002	North-Norway	M0.50	-0.0146	-0.0117	-0.00093	-0.000309	0.000979990306074504	100
642_Teno_2303_2003	North-Norway	M0.50	-0.0127	-0.0087	-0.000284	-0.000876000000000001	0.000920886529383507	100
643_Teno_2519_2003	North-Norway	M0.50	-0.0126	-0.0139	-0.00042	-0.000424000000000001	0.000596804825717756	100
644_Teno_2520_2003	North-Norway	M0.50	-0.0152	-0.0088	-0.00057	-0.000201	0.000604401356715883	100
645_Teno_2605_2003	North-Norway	M0.50	-0.0137	-0.0096	-0.000594	-0.000465000000000001	0.000754361319262859	100
646_Teno_2608_2003	North-Norway	M0.50	-0.0057	-0.0179	-0.000264	-0.000607000000000001	0.000661925222362769	100
647_Teno_2632_2003	North-Norway	M0.50	-0.0157	-0.0127	-0.000856000000000001	-0.001278	0.00153818724477874	100
648_Teno_2635_2003	North-Norway	M0.50	-0.016	-0.0104	0.000203	-0.000373000000000001	0.000424662218710354	100
649_Teno_2683_2003	North-Norway	M0.50	-0.0108	-0.0099	-0.000440999999999999	-0.000595999999999999	0.000741415538008207	100
650_Teno_2684_2003	North-Norway	M0.50	-0.0091	-0.0097	-0.000527	-0.000439	0.000685893577750951	100
651_Teno_2687_2003	North-Norway	M0.50	-0.014	-0.0134	-0.000205	-0.000647999999999999	0.000679653588234476	100
652_Teno_2689_2003	North-Norway	M0.50	-0.0148	-0.0118	-1.29999999999993e-05	-0.001153	0.0011530732847482	100
653_Teno_2690_2003	North-Norway	M0.50	-0.0081	-0.0125	5.59999999999996e-05	-0.000320999999999999	0.000325848124131473	100
654_Teno_2691_2003	North-Norway	M0.50	-0.0014	-0.0064	3.10000000000001e-05	-0.000552	0.000552869785754295	100
655_Teno_2692_2003	North-Norway	M0.50	-0.0124	-0.0152	-0.000506	-0.000518	0.000724127060673747	100
656_Teno_2776_2003	North-Norway	M0.50	-0.0144	-0.0075	0.000363	0.000217	0.000422916067323056	100
657_Teno_2788_2003	North-Norway	M0.50	-0.0055	-0.0107	-0.000296	-0.000687000000000001	0.000748054142425534	100
658_Teno_2790_2003	North-Norway	M0.50	-0.0134	-0.0173	0.000163	-0.000612	0.000633334824559648	100
659_Teno_2792_2003	North-Norway	M0.50	-0.0118	-0.0114	-6.50000000000003e-05	-0.000561	0.000564753043373827	100
660_Teno_2798_2003	North-Norway	M0.50	-0.0113	-0.0143	-0.000239000000000001	0.000111	0.000263518500299316	100
661_Teno_2799_2003	North-Norway	M0.50	-0.0101	-0.0071	-0.000576	-0.000222	0.00061730057508478	100
662_Teno_2800_2003	North-Norway	M0.50	-0.0086	-0.0114	-0.000395	-0.000276	0.000481872389746497	100
663_Teno_2801_2003	North-Norway	M0.50	-0.0099	-0.0072	-0.000290999999999999	-9.30000000000002e-05	0.000305499590834422	100
664_Teno_2804_2003	North-Norway	M0.50	-0.0127	-0.0159	-0.00027	-0.000689999999999999	0.000740945342113707	100
665_Teno_2805_2003	North-Norway	M0.50	-0.0156	-0.0116	-0.000958000000000001	-0.000174000000000001	0.000973673456555123	100
666_Teno_2806_2003	North-Norway	M0.50	-0.0093	-0.0045	-1.10000000000008e-05	-7.10000000000003e-05	7.18470597867447e-05	100
667_Teno_2808_2003	North-Norway	M0.50	-0.0157	-0.0112	-0.000415000000000001	0.000261	0.000490250956143893	100
668_Teno_2809_2003	North-Norway	M0.50	-0.0098	-0.0076	-0.000768	-0.00064	0.000999711958516052	100
669_Teno_2814_2003	North-Norway	M0.50	-0.0154	-0.0066	-0.000402999999999999	-0.000826	0.000919067462159334	100
670_Teno_2816_2003	North-Norway	M0.50	-0.0137	-0.0053	-0.000775	0.000157	0.000790742688869141	100
671_Teno_2820_2003	North-Norway	M0.50	-0.0041	-0.0219	-2.59999999999997e-05	-0.000436000000000001	0.000436774541382623	100
672_Teno_2822_2003	North-Norway	M0.50	-0.0079	-0.0094	-0.000601999999999999	-0.000241	0.000648448147502943	100
673_Teno_2824_2003	North-Norway	M0.50	-0.0175	-0.0157	-0.000669999999999998	-0.000937000000000001	0.0011518979989565	100
674_Teno_2827_2003	North-Norway	M0.50	-0.0059	-0.0136	-0.000282	-0.000976000000000001	0.0010159232254457	100
675_Teno_2853_2003	North-Norway	M0.50	-0.01	-0.0157	-0.000264	5.89999999999988e-05	0.000270512476606902	100
676_Teno_2895_2003	North-Norway	M0.50	-0.0104	-0.0124	-0.000238	-0.000467000000000001	0.000524149787751556	100
677_Teno_2929_2003	North-Norway	M0.50	-0.0155	-0.0144	-0.000263	-0.000700000000000001	0.000747776035989387	100
678_Teno_2955_2003	North-Norway	M0.50	-0.0125	-0.0088	-0.000538999999999999	-7.99999999999947e-06	0.000539059365932918	100
679_Teno_2989_2003	North-Norway	M0.50	-0.0111	-0.0141	-0.000116	-0.001186	0.00119165934729687	100
680_Teno_3022_2003	North-Norway	M0.50	-0.014	-0.0109	-0.000789	-0.000434	0.000900487090412739	100
681_Teno_3024_2003	North-Norway	M0.50	-0.0082	-0.0143	0.000609000000000001	-1.59999999999997e-05	0.000609210144367279	100
682_Teno_3025_2003	North-Norway	M0.50	-0.0042	-0.0054	-0.00042	5.90000000000003e-05	0.000424123802680303	100
683_Teno_3026_2003	North-Norway	M0.50	-0.0077	-0.0143	-1.69999999999997e-05	-0.000328	0.000328440253318621	100
684_Teno_3033_2003	North-Norway	M0.50	-0.0087	-0.0109	-0.000884000000000001	-0.000198	0.000905902864550058	100
685_Teno_3035_2003	North-Norway	M0.50	-0.0107	-0.0067	1.49999999999995e-05	-6.69999999999998e-05	6.86585755750872e-05	100
686_Teno_3058_2003	North-Norway	M0.50	-0.0127	-0.0067	-4.90000000000005e-05	1.10000000000002e-05	5.02195181179595e-05	100
687_Teno_3060_2003	North-Norway	M0.50	-0.0073	-0.0133	-6e-04	-0.000285000000000001	0.000664247694764536	100
688_Teno_3061_2003	North-Norway	M0.50	-0.0163	-0.0108	-4.40000000000015e-05	-0.000578999999999999	0.000580669441248633	100
689_Teno_3062_2003	North-Norway	M0.50	-0.0113	-0.0124	-0.000268000000000001	-0.000705	0.000754220789954772	100
690_Teno_3063_2003	North-Norway	M0.50	-0.0127	-0.0085	-0.000184	-0.000345999999999999	0.000391882635491801	100
691_Teno_3069_2003	North-Norway	M0.50	-0.0143	-0.0127	-0.000167	0.00026	0.000309012944712677	100
692_Teno_3086_2003	North-Norway	M0.50	-0.0125	-0.0059	-0.000404999999999999	-0.000436	0.000595080666800728	100
693_Teno_3089_2003	North-Norway	M0.50	-0.0079	-0.0096	-0.000287999999999999	-0.001062	0.00110035812352161	100
694_Teno_3091_2003	North-Norway	M0.50	-0.0065	-0.0166	0.000407	-0.000188	0.000448322428615834	100
695_Teno_3137_2003	North-Norway	M0.50	-0.0109	-0.013	-0.000686	-2.40000000000007e-05	0.000686419696687093	100
696_Teno_3139_2003	North-Norway	M0.50	-0.0158	-0.0044	-0.000631999999999998	-9.39999999999997e-05	0.00063895226738779	100
697_Teno_3141_2003	North-Norway	M0.50	-0.0161	-0.0131	-0.000386	-0.000737999999999999	0.00083285052680538	100
698_Teno_3144_2003	North-Norway	M0.50	-0.0195	-0.0124	-0.000515	-0.000719	0.000884412799545552	100
699_Teno_3147_2003	North-Norway	M0.50	-0.0072	-0.0075	1.39999999999998e-05	-0.000611	0.000611160371751965	100
6_80	Spain-Cant	M0.50	0.0027	0.0281	-6.70000000000001e-05	0.001189	0.00119088622462433	100
6_81	Spain-Cant	M0.50	-5e-04	0.0313	0.00015	0.000781999999999999	0.00079625624016393	100
6_82	Spain-Cant	M0.50	0.0058	0.0236	3.20000000000004e-05	0.00099	0.00099051703670356	100
6_83	Spain-Cant	M0.50	-0.0031	0.0192	-0.000403	0.000778000000000002	0.000876180917390925	100
6_84	Spain-Cant	M0.50	-0.0011	0.0288	0.000119	0.001065	0.0010716277338703	100
6_85	Spain-Cant	M0.50	-0.0018	0.0284	-0.000282	0.000224999999999998	0.000360761694197152	100
6_86	Spain-Cant	M0.50	0.0031	0.0223	-0.000196	0.00016	0.000253013833613895	100
6_87	Spain-Cant	M0.50	8e-04	0.0233	-9.00000000000001e-05	0.001503	0.00150569219962116	100
6_88	Spain-Cant	M0.50	0.0012	0.0264	0.00015	0.000958	0.000969672109529814	100
6_89	Spain-Cant	M0.50	0.0061	0.0276	0.000932	0.000295000000000001	0.000977573015175848	100
6_90	Spain-Cant	M0.50	-0.0048	0.0239	-2.20000000000004e-05	0.001045	0.00104523155329334	100
6_91	Spain-Cant	M0.50	0.0037	0.0235	-8.80000000000002e-05	0.000787	0.000791904665979435	100
6_92	Spain-Cant	M0.50	-0.0016	0.0243	-0.000349	-2.39999999999986e-05	0.000349824241584256	100
6_93	Spain-Cant	M0.50	9e-04	0.0283	0.000355	0.000909000000000001	0.000975861670525081	100
6_94	Spain-Cant	M0.50	0.0037	0.033	0.000242	0.000550999999999999	0.000601801462278049	100
6_95	Spain-Cant	M0.50	-0.0055	0.0275	-0.000181	0.000348	0.000392256293767226	100
700_Teno_3151_2003	North-Norway	M0.50	-0.0096	-0.0141	-7.20000000000009e-05	-0.000606	0.000610262238713817	100
701_Teno_3153_2003	North-Norway	M0.50	-0.0115	-0.0084	-3.40000000000003e-05	-0.000156000000000001	0.000159662143290137	100
702_Teno_3154_2003	North-Norway	M0.50	-0.0113	-0.0123	-9.80000000000006e-05	-0.00036	0.000373100522647718	100
703_Teno_3155_2003	North-Norway	M0.50	-0.0165	-0.0088	-0.000247999999999999	-0.000195999999999999	0.000316101249602084	100
704_Teno_3159_2003	North-Norway	M0.50	-0.007	-0.0034	0.000654	-0.00071	0.000965306169046899	100
705_Teno_3160_2003	North-Norway	M0.50	-0.0157	-0.0168	-0.000601000000000001	-0.000986000000000001	0.00115472810652552	100
706_Teno_3161_2003	North-Norway	M0.50	-0.0104	-0.0189	0.00023	-0.000303	0.000380406361671305	100
707_Teno_3168_2003	North-Norway	M0.50	-0.0093	-0.0152	-0.000290000000000001	-0.000398	0.000492446951457719	100
708_Teno_3173_2003	North-Norway	M0.50	-0.0129	-0.0091	-0.000443	-0.000135	0.000463113377047133	100
709_Teno_3179_2003	North-Norway	M0.50	-0.0142	-0.0121	0.000355000000000001	-0.000652	0.000742380630135243	100
710_Teno_3184_2003	North-Norway	M0.50	-0.0152	-0.002	-0.000203	0.000445	0.000489115528275274	100
711_Teno_3186_2003	North-Norway	M0.50	-0.0086	-0.0094	-0.000351	-0.000324	0.000477678762349761	100
712_Teno_3189_2003	North-Norway	M0.50	-0.0105	-0.0041	-1.59999999999993e-05	-0.000386	0.000386331463901142	100
713_Teno_3192_2003	North-Norway	M0.50	-0.0034	-0.0085	0.000176	-0.000470999999999999	0.000502809108907147	100
714_Teno_3193_2003	North-Norway	M0.50	-0.0127	-0.0089	-0.000718000000000001	7.19999999999999e-05	0.000721600997782016	100
715_Teno_3196_2003	North-Norway	M0.50	-0.0083	-0.0115	-0.000678	-0.000638	0.000930982276952682	100
716_Teno_3197_2003	North-Norway	M0.50	-0.0092	-0.0109	-0.000261	-0.000349	0.000435800413033306	100
717_Teno_3204_2003	North-Norway	M0.50	-0.0097	-0.017	-0.00068	-0.001442	0.00159429106501918	100
718_Teno_3210_2003	North-Norway	M0.50	-0.0101	-0.0151	-0.000415	-0.001074	0.0011513908980012	100
719_Teno_3215_2003	North-Norway	M0.50	-0.0067	-0.0119	0.00011	-0.000698999999999999	0.000707602289425352	100
720_Teno_3216_2003	North-Norway	M0.50	-0.0149	-0.0141	-0.000331	-0.000791	0.000857462535624735	100
721_Teno_3217_2003	North-Norway	M0.50	-0.0037	-0.007	0.000365	-0.000747	0.000831404835203645	100
722_Teno_3218_2003	North-Norway	M0.50	-0.006	-0.0142	-0.000571	-0.001058	0.00120224997400707	100
723_Teno_3223_2003	North-Norway	M0.50	-0.007	-0.0149	-0.000119	-8.49999999999999e-05	0.000146239529539724	100
724_Teno_3224_2003	North-Norway	M0.50	-0.0148	-0.0078	-0.000700999999999999	-0.000642	0.000950560361050259	100
725_Teno_3230_2003	North-Norway	M0.50	-0.0124	-0.0131	-0.000266	-0.000406	0.000485378203054072	100
726_Teno_3231_2003	North-Norway	M0.50	-0.0127	-0.0111	-0.000932000000000001	-0.000230999999999999	0.000960200499895725	100
727_Teno_3233_2003	North-Norway	M0.50	-0.0127	-0.0133	-0.000477000000000001	-1.00000000000054e-06	0.000477001048216878	100
728_Teno_3235_2003	North-Norway	M0.50	-0.0083	-0.0053	9.30000000000001e-05	-0.000243	0.000260188393284558	100
729_Teno_3244_2003	North-Norway	M0.50	-0.0094	-0.0154	2.40000000000005e-05	-0.000522	0.000522551432875272	100
730_Teno_3245_2003	North-Norway	M0.50	-0.0167	-0.0145	-0.000377	-0.001198	0.00125591918529816	100
731_Teno_3249_2003	North-Norway	M0.50	-0.0144	-0.0148	-0.000546	-0.000683999999999999	0.00087519826325239	100
732_Teno_3250_2003	North-Norway	M0.50	-0.0118	-0.0143	-0.000734	-0.000621	0.000961455667204682	100
733_Teno_3251_2003	North-Norway	M0.50	-0.0101	-0.0113	-0.000322	0.000323999999999999	0.000456793169826345	100
734_Teno_3253_2003	North-Norway	M0.50	-0.0171	-0.0073	-0.000361999999999999	0.00071	0.000796959221039571	100
735_Teno_3254_2003	North-Norway	M0.50	-0.0171	-0.011	-0.000590999999999999	-0.000430000000000001	0.000730876870615016	100
736_Teno_3257_2003	North-Norway	M0.50	-0.0185	-0.0146	-0.000516000000000001	-0.000382	0.00064201246093826	100
737_Teno_3259_2003	North-Norway	M0.50	-0.0076	-0.0064	0.000477	5.30000000000003e-05	0.000479935412321283	100
738_Teno_3265_2003	North-Norway	M0.50	-0.0055	-0.013	-0.00022	-0.000697000000000001	0.000730896025437272	100
739_Teno_3269_2003	North-Norway	M0.50	-0.0144	-0.0119	9.79999999999996e-05	-0.001089	0.00109340065849623	100
740_Teno_3272_2003	North-Norway	M0.50	-0.0121	-0.0126	-0.000443	-0.000705	0.000832630770509954	100
741_Teno_3277_2003	North-Norway	M0.50	-0.011	-0.0166	0.000172999999999999	-0.00038	0.000417527244620036	100
742_Teno_3278_2003	North-Norway	M0.50	-0.007	-0.0171	-0.00017	-0.000757999999999999	0.000776829453612567	100
743_Teno_3294_2003	North-Norway	M0.50	-0.0153	-0.0149	-0.000171000000000001	-0.000242	0.000296319084771805	100
744_Teno_3300_2003	North-Norway	M0.50	-0.0099	-0.017	-0.000554999999999999	-0.000926999999999999	0.00108044157639365	100
745_Teno_3302_2003	North-Norway	M0.50	-0.0134	-0.0132	0.000133	-0.000222	0.000258791421805284	100
746_Teno_3303_2003	North-Norway	M0.50	-0.0134	-0.0109	-0.000157	-0.000184	0.000241878068455988	100
747_Teno_3305_2003	North-Norway	M0.50	-0.0106	-0.0077	0.000178	-0.000342	0.000385548959277547	100
748_Teno_3307_2003	North-Norway	M0.50	-0.0176	-0.0081	-0.000241999999999999	-0.000422	0.000486464798315356	100
749_Teno_3308_2003	North-Norway	M0.50	-0.0101	-0.0145	-0.000753	-0.000864999999999999	0.00114683651842798	100
750_Teno_3309_2003	North-Norway	M0.50	-0.0078	-0.0117	-0.000679	-0.000584	0.000895598682446552	100
751_Teno_3317_2003	North-Norway	M0.50	-0.0106	-0.0124	-1.9e-05	-0.000315000000000001	0.000315572495632937	100
752_Teno_3319_2003	North-Norway	M0.50	-0.0075	-0.0143	-0.000694	-0.000931	0.0011612049775987	100
753_Teno_3320_2003	North-Norway	M0.50	-0.0092	-0.0089	-0.000606	-0.00021	0.000641354815995015	100
754_Teno_3321_2003	North-Norway	M0.50	-0.0133	-0.0184	1.29999999999995e-05	-0.000229	0.000229368698823532	100
755_Teno_3347_2003	North-Norway	M0.50	-0.0175	-0.013	-0.000689999999999998	-0.000372000000000001	0.000783890298447428	100
756_Teno_3348_2003	North-Norway	M0.50	-0.0122	-0.0128	-0.000445999999999999	-0.000743999999999999	0.000867439911463612	100
757_Teno_3349_2003	North-Norway	M0.50	-0.0094	-0.0028	0.000172	0.000513	0.000541066539346133	100
758_Teno_3351_2003	North-Norway	M0.50	-0.0137	-0.0145	-0.000349	-0.000612999999999999	0.00070538641892228	100
759_Teno_3352_2003	North-Norway	M0.50	-0.0131	-0.0173	-0.000129999999999999	-0.000819000000000001	0.000829253278558488	100
760_Teno_3355_2003	North-Norway	M0.50	-0.0117	-0.0159	-0.000453	-9.99999999999918e-06	0.000453110361832523	100
761_Teno_3360_2003	North-Norway	M0.50	-0.0179	-0.0212	-5.60000000000008e-05	-0.000516	0.000519029864266017	100
762_Teno_3402_2003	North-Norway	M0.50	-0.0069	-0.0057	-0.000333	-0.00043	0.000543864872923413	100
763_Teno_3409_2003	North-Norway	M0.50	-0.0182	-0.0074	-0.000775999999999999	4.50000000000003e-05	0.00077730367296186	100
764_Teno_3410_2003	North-Norway	M0.50	-0.0138	-0.0184	0.000548	-0.000112	0.000559328168430663	100
765_Teno_3498_2003	North-Norway	M0.50	-0.0131	-0.0156	-5.29999999999996e-05	-0.000526000000000001	0.00052866340898534	100
766_Teno_3503_2003	North-Norway	M0.50	-0.0077	-0.0137	-0.000256	-0.000199	0.000324248361599561	100
767_Teno_3504_2003	North-Norway	M0.50	-0.0116	-0.0101	-0.000203000000000001	0.000173	0.000266717078568284	100
768_Teno_3505_2003	North-Norway	M0.50	-0.0077	-0.0126	5.40000000000002e-05	0.00063	0.000632310050529011	100
769_Teno_3506_2003	North-Norway	M0.50	-0.0118	-0.0138	-0.000681	-0.000445	0.000813502304852298	100
770_Teno_3507_2003	North-Norway	M0.50	-0.0091	-0.0104	-0.000152	-0.00046	0.000484462588854909	100
771_Teno_3508_2003	North-Norway	M0.50	-0.0081	-0.0181	-0.000238	-0.000825999999999999	0.000859604560248489	100
772_Teno_3509_2003	North-Norway	M0.50	-0.0155	-0.0116	-0.00031	0.000127999999999999	0.000335386344385098	100
773_Teno_3511_2003	North-Norway	M0.50	-0.0128	-0.0128	-0.000368999999999999	-0.000535999999999999	0.000650735737454152	100
774_Teno_3513_2003	North-Norway	M0.50	-0.01	-0.0188	-0.000597	-0.000299999999999999	0.000668138458704481	100
775_Teno_3517_2003	North-Norway	M0.50	-0.0149	-0.0121	-0.000474	-0.001323	0.00140534871117456	100
776_Teno_3548_2003	North-Norway	M0.50	-0.0126	-0.0086	-0.00094	0.000523	0.0010756993074275	100
777_Teno_3549_2003	North-Norway	M0.50	-0.0072	-0.011	-0.000116	-0.000784000000000001	0.00079253517272106	100
778_Teno_3550_2003	North-Norway	M0.50	-8e-04	-0.0123	-0.000533	0.000298	0.000610649654057054	100
779_Teno_3551_2003	North-Norway	M0.50	-0.0095	-0.014	-0.000159	-0.00092	0.00093363858103658	100
780_Teno_3557_2003	North-Norway	M0.50	-0.0174	-0.0087	-0.000996000000000001	-0.000410000000000001	0.00107708681172875	100
781_Teno_3558_2003	North-Norway	M0.50	-0.005	-0.0093	-0.000385	-3.70000000000007e-05	0.000386773835723152	100
782_Teno_3566_2003	North-Norway	M0.50	-0.0124	-0.0136	-0.000413	-0.001023	0.00110322164590802	100
783_Teno_3567_2003	North-Norway	M0.50	-0.0095	-0.0135	-0.000448	-9e-04	0.0010053377541901	100
784_Teno_3574_2003	North-Norway	M0.50	-0.0114	-0.0069	-0.000273	-0.000346	0.000440732345080322	100
785_Teno_3598_2003	North-Norway	M0.50	-0.0082	-0.0142	4.00000000000007e-05	-0.000829999999999999	0.000830963296421688	100
786_Teno_3649_2003	North-Norway	M0.50	-0.0134	-0.008	-0.00033	-0.000685	0.000760345316287277	100
787_Teno_3650_2003	North-Norway	M0.50	-0.0109	-0.0113	-0.000279	-0.000497000000000001	0.000569956138663319	100
788_Teno_3653_2003	North-Norway	M0.50	-0.0118	-0.0084	-0.000216	6.79999999999994e-05	0.000226450877675491	100
789_Teno_3657_2003	North-Norway	M0.50	-0.0166	-0.0115	-9.79999999999998e-05	0.000391	0.000403094281775368	100
790_Teno_3660_2003	North-Norway	M0.50	-0.0155	-0.0099	-0.000478	0.000180000000000001	0.000510768049118189	100
791_Teno_3677_2003	North-Norway	M0.50	-0.0091	-0.0112	-0.000469	-0.000419	0.000628905398291348	100
792_Teno_3679_2003	North-Norway	M0.50	-0.0164	-0.0108	-2.59999999999987e-05	-0.000408999999999999	0.000409825572652561	100
793_Teno_3681_2003	North-Norway	M0.50	-0.0137	-0.0114	-3.69999999999997e-05	-0.000495	0.000496380902130611	100
794_Teno_3683_2003	North-Norway	M0.50	-0.011	-0.0144	-0.000198000000000001	-0.000164000000000001	0.00025709920264365	100
795_Teno_3684_2003	North-Norway	M0.50	-0.0101	-0.0075	-0.000407	-0.000135	0.000428805317131213	100
796_Teno_3685_2003	North-Norway	M0.50	-0.0148	-0.0131	-0.000394999999999999	-0.000658999999999999	0.000768313738000303	100
797_Teno_3687_2003	North-Norway	M0.50	-0.0156	-0.0137	-0.000546000000000001	6.50000000000004e-05	0.000549855435546472	100
798_Teno_3688_2003	North-Norway	M0.50	-0.0058	-0.0142	0.000563	-0.000433999999999999	0.000710862152600628	100
799_Teno_3690_2003	North-Norway	M0.50	-0.0091	-0.0061	0.000599	0.000478	0.000766345222468308	100
7_100	Spain-Atl	M0.50	-4e-04	0.0425	0.000192	0.000904999999999997	0.000925142691696797	100
7_101	Spain-Atl	M0.50	-0.0021	0.0312	-0.000492	0.000406000000000001	0.000637887137352683	100
7_102	Spain-Atl	M0.50	-0.0017	0.0193	0.00024	0.000407999999999999	0.000473353990159583	100
7_103	Spain-Atl	M0.50	-4e-04	0.0474	-3.99999999999999e-05	0.00111	0.00111072048689128	100
7_104	Spain-Atl	M0.50	0.0063	0.0295	0.000587	0.001678	0.00177771004384855	100
7_105	Spain-Atl	M0.50	0.0054	0.0502	-3e-04	0.000861999999999999	0.000912712441024005	100
7_106	Spain-Atl	M0.50	0.0037	0.0433	0.000291	0.000881000000000002	0.000927815714460583	100
7_107	Spain-Atl	M0.50	0.0034	0.0424	-0.000119	0.000987	0.000994147876324242	100
7_108	Spain-Atl	M0.50	0.0044	0.0489	5.09999999999997e-05	0.000699000000000001	0.000700858045541322	100
7_109	Spain-Atl	M0.50	0.0015	0.043	-3e-04	0.000887000000000003	0.00093635943953164	100
7_110	Spain-Atl	M0.50	0.0015	0.0435	-1.00000000000003e-06	0.001064	0.00106400046992471	100
7_111	Spain-Atl	M0.50	6e-04	0.0425	0.000118	0.000471999999999997	0.000486526463822881	100
7_112	Spain-Atl	M0.50	0.0015	0.0464	3.00000000000001e-06	0.001029	0.00102900437316855	100
7_96	Spain-Atl	M0.50	-0.0015	0.0389	-8e-05	0.000914000000000003	0.000917494414151937	100
7_97	Spain-Atl	M0.50	-0.0055	0.0482	0.000521	0.000844	0.000991855332193158	100
7_98	Spain-Atl	M0.50	0.0014	0.0538	-0.000222	0.000909	0.000935716303160311	100
7_99	Spain-Atl	M0.50	0.0013	0.0465	-0.000187	0.000696	0.000720683703159715	100
800_Teno_3692_2003	North-Norway	M0.50	-0.0128	-0.0144	-0.000568999999999999	-0.000916	0.00107833992785207	100
801_Teno_3695_2003	North-Norway	M0.50	-0.0127	-0.0157	0.000169	-0.001108	0.00112081443602409	100
802_Teno_3858_2003	North-Norway	M0.50	-0.0071	-0.0132	-0.000312	-0.000698	0.000764557388297308	100
803_Teno_3865_2003	North-Norway	M0.50	-0.0049	-0.0104	-0.000142	-0.000411000000000001	0.000434839050684274	100
804_Teno_3866_2003	North-Norway	M0.50	-0.0093	-0.0197	-0.000185000000000001	0.000336999999999999	0.000384439852252598	100
805_Teno_3870_2003	North-Norway	M0.50	-0.007	-0.0125	-0.000208	0.000482000000000001	0.00052496476072209	100
806_Teno_3892_2003	North-Norway	M0.50	-0.0115	-0.0028	-0.000353	-0.000317	0.000474444938849599	100
807_Teno_3893_2003	North-Norway	M0.50	-0.0103	-0.0178	-0.00047	-0.001019	0.00112216799098887	100
808_Teno_3999_2003	North-Norway	M0.50	-0.0128	-0.0108	-0.000831999999999999	-0.000438999999999999	0.000940715153486962	100
809_Teno_4000_2003	North-Norway	M0.50	-0.0121	-0.0169	-9.30000000000004e-05	-0.000144000000000002	0.000171420535525941	100
810_Teno_4006_2003	North-Norway	M0.50	-5e-04	-0.0056	0.000256	-0.001024	0.00105551504015812	100
811_Teno_4088_2003	North-Norway	M0.50	-0.0131	-0.0172	-0.000213	-0.000555	0.000594469511413327	100
812_Teno_4099_2003	North-Norway	M0.50	-0.0122	-0.0123	0.000336000000000001	-0.000316	0.000461250474254499	100
813_Teno_4103_2003	North-Norway	M0.50	-0.0022	-0.0133	0.000191	-6.00000000000007e-05	0.000200202397588041	100
814_Teno_4105_2003	North-Norway	M0.50	-0.0057	-0.0115	0.000145	-0.000615	0.000631862326776965	100
815_Teno_4112_2003	North-Norway	M0.50	-0.0102	-0.0144	-2.49999999999993e-05	1.19999999999997e-05	2.77308492477233e-05	100
816_Teno_4115_2003	North-Norway	M0.50	-0.0068	-0.0119	-0.000222	-0.000696999999999999	0.000731500512645069	100
817_Teno_4119_2003	North-Norway	M0.50	-0.0107	-0.0154	-0.000131	-0.00064	0.000653269469667762	100
818_Teno_4123_2003	North-Norway	M0.50	-0.0013	-0.0093	0.000211	-0.000702000000000001	0.000733024556205316	100
819_Teno_4124_2003	North-Norway	M0.50	-0.0126	-0.0159	0.000313	0.000290000000000001	0.000426695441738016	100
820_Teno_4139_2003	North-Norway	M0.50	-0.0073	-0.0099	-0.00039	-0.000766999999999999	0.000860458598655391	100
821_Teno_4152_2003	North-Norway	M0.50	-0.0067	-0.0157	-9.49999999999998e-05	-0.000893000000000001	0.000898038974655333	100
822_Teno_4154_2003	North-Norway	M0.50	-0.0179	-0.0116	-0.000122000000000001	-0.000152000000000001	0.000194905105115285	100
823_Teno_4155_2003	North-Norway	M0.50	-0.0143	-0.0159	-0.000363	-0.000422999999999999	0.000557402906343337	100
824_Teno_4158_2003	North-Norway	M0.50	-0.0138	-0.0119	-0.000394	0.000307000000000001	0.000499484734501467	100
8_113	Spain-Atl	M0.50	-0.001	0.0402	-0.000565	0.000807	0.000985126387830516	100
8_114	Spain-Atl	M0.50	-0.0036	0.0339	-0.000302	0.000705	0.000766960885573704	100
8_115	Spain-Atl	M0.50	0.0043	0.0409	0.000105	0.001296	0.00130024651508858	100
8_116	Spain-Atl	M0.50	-0.0011	0.0465	0.000341	0.000756000000000001	0.000829347333751065	100
8_117	Spain-Atl	M0.50	1e-04	0.0484	-0.000398	0.000925000000000002	0.00100699006946444	100
8_118	Spain-Atl	M0.50	0.0024	0.0479	0.000803	0.001122	0.00137974381680079	100
8_119	Spain-Atl	M0.50	-0.0015	0.0456	-0.000204	0.000498999999999998	0.0005390890464478	100
8_120	Spain-Atl	M0.50	-7e-04	0.0434	0.000113	0.000498999999999999	0.000511634635262312	100
8_121	Spain-Atl	M0.50	0.0036	0.04	-0.000191	0.001023	0.00104067766383256	100
8_122	Spain-Atl	M0.50	0.0062	0.0399	-0.000852	0.000945000000000002	0.00127237140804091	100
8_123	Spain-Atl	M0.50	8e-04	0.0472	-3.90000000000001e-05	0.000641000000000001	0.000642185331504856	100
8_124	Spain-Atl	M0.50	0.0042	0.0388	0.000237	0.000711999999999999	0.000750408555388329	100
8_125	Spain-Atl	M0.50	-0.001	0.0445	-2.5e-05	0.001087	0.0010872874504932	100
8_126	Spain-Atl	M0.50	0.0019	0.0404	-0.000616	0.000924000000000001	0.00111050979284291	100
8_127	Spain-Atl	M0.50	-0.0027	0.0423	-0.000619	0.000713000000000003	0.000944208663379024	100
8_128	Spain-Atl	M0.50	0.0076	0.0378	0.000216	0.001047	0.00106904864248546	100
8_129	Spain-Atl	M0.50	0.0017	0.0271	9.7e-05	0.001404	0.00140734679450376	100
8_130	Spain-Atl	M0.50	-0.0061	0.0427	0.000519	0.000898999999999998	0.0010380568385209	100
8_131	Spain-Atl	M0.50	-0.0017	0.0403	-0.000462	0.000545999999999998	0.000715234227368907	100
8_132	Spain-Atl	M0.50	4e-04	0.0398	-0.000621	0.001288	0.001429889855898	100
8_133	Spain-Atl	M0.50	6e-04	0.0434	6.70000000000001e-05	0.001347	0.00134866526610571	100
8_134	Spain-Atl	M0.50	0.0022	0.0492	-0.000628	0.001182	0.00133847226344067	100
8_135	Spain-Atl	M0.50	0.0014	0.0421	0.000383	0.001193	0.00125297166767649	100
8_136	Spain-Atl	M0.50	-0.0037	0.0348	-0.000556	0.000924000000000003	0.00107838397614208	100
8_137	Spain-Atl	M0.50	0.001	0.0453	-0.000295	0.00105	0.00109065347384034	100
8_138	Spain-Atl	M0.50	0.0037	0.033	0.000172	0.000450999999999998	0.000482685197618488	100
8_139	Spain-Atl	M0.50	0.0017	0.034	0.000157	0.000916999999999998	0.00093034294751989	100
8_140	Spain-Atl	M0.50	0.0029	0.0434	0.000205	0.001287	0.00130322446263105	100
8_141	Spain-Atl	M0.50	-0.0014	0.0469	-0.000448	0.000647000000000003	0.000786964421050916	100
8_142	Spain-Atl	M0.50	0.004	0.0489	0.000236	0.000676000000000001	0.000716011173097181	100
8_143	Spain-Atl	M0.50	-3e-04	0.0444	9.09999999999999e-05	0.000982999999999998	0.000987203119930238	100
8_144	Spain-Atl	M0.50	-0.0012	0.0425	-1.50000000000001e-05	0.000828999999999997	0.00082913569456392	100
8_145	Spain-Atl	M0.50	4e-04	0.0418	-0.000109	0.001111	0.0011163341793567	100
8_146	Spain-Atl	M0.50	0.0026	0.0363	-0.000248	0.001034	0.00106332497384384	100
8_147	Spain-Atl	M0.50	2e-04	0.0399	0.000358	0.000807000000000002	0.000882843700776079	100
8_148	Spain-Atl	M0.50	-0.0057	0.0354	-0.000243	0.000595999999999999	0.000643634212888034	100
8_149	Spain-Atl	M0.50	1e-04	0.0374	-7.2e-05	0.001076	0.001078406231436	100
8_150	Spain-Atl	M0.50	6e-04	0.0485	-0.000279	0.001183	0.00121545464744679	100
8_151	Spain-Atl	M0.50	-0.002	0.0403	-0.000551	0.000935999999999997	0.00108613857311118	100
8_152	Spain-Atl	M0.50	0.0021	0.043	0.000217	0.00123	0.00124899519614769	100
8_153	Spain-Atl	M0.50	-0.0015	0.037	0.000296	0.000777000000000002	0.000831471587007038	100
8_154	Spain-Atl	M0.50	0.0067	0.0382	6.99999999999973e-06	0.001184	0.00118402069238675	100
8_155	Spain-Atl	M0.50	-4e-04	0.0368	4.40000000000001e-05	0.000832	0.00083316264918682	100
8_156	Spain-Atl	M0.50	0.0019	0.0305	6.50000000000001e-05	0.001061	0.00106298918150657	100
900_Tornio_5_1_1	Finland	M0.50	0.0589	-0.0123	0.000285999999999999	-0.000342	0.000445825077805185	100
901_Tornio_7_1_1	Finland	M0.50	0.0615	-0.0146	-0.000257999999999999	-0.000653	0.00070212036005232	100
902_Tornio_8_1	Finland	M0.50	0.0595	-0.0088	5.30000000000027e-05	-0.000559999999999999	0.000562502444439133	100
903_Tornio_5_1_2	Finland	M0.50	0.0624	-0.0139	1.00000000000029e-05	-0.000101000000000001	0.000101493842177741	100
904_Tornio_7_1_2	Finland	M0.50	0.0611	-0.016	-4.20000000000018e-05	-0.000552	0.000553595520213088	100
905_Tornio_8_2_1	Finland	M0.50	0.0596	-0.0204	0.000403	0.000244000000000002	0.000471110390460666	100
906_Tornio_5_2	Finland	M0.50	0.0624	-0.0199	0.000423000000000002	-0.000291999999999999	0.000513997081703779	100
907_Tornio_7_2	Finland	M0.50	0.06	-0.02	0.000367000000000002	-0.00031	0.000480405037442366	100
908_Tornio_8_2_2	Finland	M0.50	0.0579	-0.0177	-0.000141	-0.000694	0.000708178649777017	100
909_Tornio_7_3	Finland	M0.50	0.0622	-0.0162	0.000197000000000002	-0.000588000000000001	0.000620123374821496	100
910_Tornio_8_3	Finland	M0.50	0.0601	-0.011	0.000506999999999999	0.000283999999999999	0.00058112391105512	100
911_Tornio_5_4	Finland	M0.50	0.0545	-0.0174	0.000558	0.000166999999999999	0.000582454290052017	100
912_Tornio_5_5	Finland	M0.50	0.0642	-0.0178	0.000232000000000007	-0.000341	0.000412437874109548	100
913_Tornio_7_5	Finland	M0.50	0.0572	-0.0178	0.000365999999999999	-0.000336	0.000496842027207844	100
914_Tornio_5_6	Finland	M0.50	0.0648	-0.0176	0.000325000000000003	-0.000404999999999999	0.00051927834539869	100
915_Tornio_5_7_3	Finland	M0.50	0.0582	-0.0138	7.79999999999981e-05	-0.000334	0.000342986880215555	100
916_Tornio_8_7	Finland	M0.50	0.0578	-0.0146	0.000467000000000003	0.000637	0.000789846820592451	100
917_Tornio_5_7_1	Finland	M0.50	0.0566	-0.0113	0.000309000000000003	-0.000505000000000001	0.000592035471910258	100
918_Tornio_5_7_2	Finland	M0.50	0.0614	-0.0173	0.000948999999999997	-0.000794	0.0012373507990865	100
919_Tornio_5_8	Finland	M0.50	0.0599	-0.0134	-0.000112000000000002	-0.000790999999999999	0.000798889854735933	100
920_Tornio_8_8	Finland	M0.50	0.0584	-0.0132	-0.000191	-0.00028	0.000338940997815254	100
921_Tornio_5_9_1	Finland	M0.50	0.06	-0.014	-0.000317999999999998	-0.000577	0.000658826987911089	100
922_Tornio_5_9_2	Finland	M0.50	0.0588	-0.0196	0.000325000000000002	6.19999999999994e-05	0.000330860998003695	100
923_Tornio_5_10_1	Finland	M0.50	0.0589	-0.0211	0.000724999999999999	-0.000987999999999999	0.00122546684981683	100
924_Tornio_5_11	Finland	M0.50	0.0662	-0.0121	3.20000000000049e-05	-0.000729	0.000729701993967401	100
925_Tornio_8_11	Finland	M0.50	0.0573	-0.0115	0.000368000000000003	-0.000288	0.00046729861972833	100
926_Tornio_5_13_2	Finland	M0.50	0.0584	-0.0132	0.000760999999999999	-4.99999999999999e-06	0.000761016425578317	100
927_Tornio_8_13_2	Finland	M0.50	0.0531	-0.0104	0.000582999999999999	-0.000499	0.000767391686168152	100
928_Tornio_5_13_1	Finland	M0.50	0.0616	-0.0152	0.000646999999999998	-0.000524	0.000832577323736359	100
929_Tornio_8_13_1	Finland	M0.50	0.0592	-0.016	0.001046	-0.000119	0.0010527473581064	100
930_Tornio_5_14	Finland	M0.50	0.0555	-0.0143	0.000648999999999999	-0.000238	0.000691263336218549	100
931_Tornio_8_15	Finland	M0.50	0.0535	-0.013	0.000518000000000001	-0.000423000000000001	0.000668769766063031	100
932_Tornio_5_16	Finland	M0.50	0.055	-0.0135	0.000106	-0.000157	0.000189433365593287	100
933_Tornio_8_16	Finland	M0.50	0.0601	-0.0161	0.000442999999999999	-0.000574	0.000725068962237386	100
934_Tornio_5_17	Finland	M0.50	0.0598	-0.0103	0.000647000000000001	-0.00052	0.000830065660053469	100
935_Tornio_8_18	Finland	M0.50	0.0601	-0.0136	0.000977	-0.000410000000000001	0.00105954188213586	100
936_Tornio_5_18_1	Finland	M0.50	0.0567	-0.0114	0.000144	-0.000401999999999999	0.000427012880367793	100
937_Tornio_5_18_2	Finland	M0.50	0.0595	-0.0137	0.000378000000000003	-0.000229	0.000441955880150951	100
938_Tornio_8_19	Finland	M0.50	0.0578	-0.0114	0.000704000000000003	4.20000000000005e-05	0.000705251728108484	100
939_Tornio_7_19	Finland	M0.50	0.0598	-0.0155	0.000236000000000001	-0.000636	0.00067837452782368	100
940_Tornio_8_23	Finland	M0.50	0.0646	-0.0166	0.000141999999999996	-0.000271	0.00030594934221207	100
941_Tornio_8_24	Finland	M0.50	0.0621	-0.0135	6.79999999999979e-05	-0.000604	0.000607815761559372	100
942_Tornio_5_25	Finland	M0.50	0.0568	-0.0172	0.000640999999999997	-0.000914	0.00111636777094289	100
943_Tornio_8_27	Finland	M0.50	0.0587	-0.0176	-0.000203000000000002	-0.000300999999999999	0.000363056469436919	100
944_Tornio_8_29	Finland	M0.50	0.0624	-0.014	-0.000102999999999997	9.90000000000004e-05	0.000142863571283933	100
945_Tornio_5_30	Finland	M0.50	0.0622	-0.0159	0.000500000000000002	-8.7999999999999e-05	0.000507684941671507	100
946_Tornio_8_30	Finland	M0.50	0.0588	-0.0095	3.10000000000021e-05	3e-04	0.000301597413782015	100
947_Tornio_7_31	Finland	M0.50	0.0626	-0.0097	0.000251999999999997	-0.000569	0.000622306194730535	100
948_Tornio_5_32	Finland	M0.50	0.0562	-0.0076	-0.000138	-2.40000000000001e-05	0.000140071410359145	100
949_Tornio_8_35_2	Finland	M0.50	0.0582	-0.0184	0.000200999999999999	-0.000556	0.000591216542393732	100
950_Tornio_5_36	Finland	M0.50	0.0612	-0.0177	0.000296000000000003	-0.000447999999999999	0.000536954374225596	100
951_Tornio_8_36_1	Finland	M0.50	0.0538	-0.0085	0.000728999999999999	-0.000252999999999999	0.000771654067571732	100
952_Tornio_8_38	Finland	M0.50	0.0613	-0.0098	0.000225999999999999	-0.000428	0.000484004132213765	100
953_Tornio_5_40	Finland	M0.50	0.0513	-0.0075	0.000593000000000001	0.00025	0.000643544093283437	100
954_Tornio_5_43_1	Finland	M0.50	0.063	-0.018	0.000185	-5.00000000000122e-06	0.000185067555233217	100
955_Tornio_5_43_2	Finland	M0.50	0.0606	-0.0122	0.000134999999999999	-0.000398999999999999	0.000421219657660939	100
956_Tornio_5_45	Finland	M0.50	0.0594	-0.0168	0.000524999999999999	-0.000268000000000001	0.000589448046904898	100
957_Tornio_5_49	Finland	M0.50	0.0571	-0.0171	6.80000000000021e-05	-0.001039	0.0010412228387814	100
958_Tornio_8_49	Finland	M0.50	0.0567	-0.0153	9.99999999999959e-06	-0.001156	0.00115604325178602	100
959_Tornio_5_52	Finland	M0.50	0.062	-0.0095	0.000177	-0.000395	0.000432844082782704	100
960_Tornio_8_54	Finland	M0.50	0.0621	-0.0165	0.000529999999999997	-0.000157999999999999	0.00055304972651652	100
961_Tornio_8_56	Finland	M0.50	0.0623	-0.0168	0.000190999999999999	-0.000576000000000001	0.000606841824530907	100
962_Tornio_5_60	Finland	M0.50	0.0516	-0.0126	0.000606	-0.000385	0.000717956126793274	100
963_Tornio_7_60	Finland	M0.50	0.0585	-0.0144	0.000194999999999997	8.89999999999995e-05	0.00021435018077902	100
964_Tornio_7_61	Finland	M0.50	0.0602	-0.0167	0.000229000000000003	-0.000633000000000001	0.000673149314788333	100
965_Tornio_5_62	Finland	M0.50	0.0592	-0.0122	0.000176999999999998	-0.000121999999999999	0.000214972091211857	100
966_Tornio_7_62	Finland	M0.50	0.0553	-0.0124	0.000633999999999998	5.39999999999995e-05	0.000636295528822887	100
967_Tornio_8_62	Finland	M0.50	0.0584	-0.0228	0.00031	-0.000301999999999999	0.000432786321410462	100
968_Tornio_5_64	Finland	M0.50	0.0625	-0.0158	-0.000125	-0.001208	0.00121445008131252	100
969_Tornio_8_64	Finland	M0.50	0.0574	-0.0143	0.000834	-0.001285	0.0015319206898531	100
970_Tornio_7_65	Finland	M0.50	0.0489	-0.0165	0.001152	-0.000431999999999999	0.00123033653932572	100
971_Tornio_5_66	Finland	M0.50	0.0631	-0.0148	-0.000131000000000003	-8.99999999999993e-05	0.000158937094474515	100
972_Tornio_8_67_1	Finland	M0.50	0.0607	-0.0144	0.000118000000000003	-0.000426	0.000442040722106008	100
973_Tornio_8_67_2	Finland	M0.50	0.0545	-0.0086	-8.5e-05	-0.000348	0.000358230372804987	100
974_Tornio_5_69	Finland	M0.50	0.059	-0.0147	2.70000000000031e-05	5.39999999999995e-05	6.03738353924953e-05	100
975_Tornio_5_70	Finland	M0.50	0.0574	-0.0126	0.000303	-0.000114	0.000323736003558455	100
976_Tornio_8_72	Finland	M0.50	0.0593	-0.013	0.000584000000000001	-0.000220000000000001	0.000624064099271863	100
977_Tornio_5_76	Finland	M0.50	0.0575	-0.0118	0.000241999999999998	-0.00032	0.000401203190416027	100
978_Tornio_8_79	Finland	M0.50	0.0591	-0.0138	0.000412	-0.000197	0.000456676033967188	100
979_Tornio_7_87	Finland	M0.50	0.0633	-0.0113	-0.000204999999999995	9.99999999999918e-06	0.000205243757517733	100
980_Tornio_7_93	Finland	M0.50	0.0566	-0.015	0.000224000000000003	-0.00101	0.00103454144431241	100
981_Tornio_7_94	Finland	M0.50	0.0605	-0.011	0.000427000000000002	-0.000623000000000001	0.000755286700531661	100
982_Tornio_7_95	Finland	M0.50	0.0608	-0.0122	-7.79999999999997e-05	-0.000291999999999999	0.000302238316564924	100
983_Tornio_7_103	Finland	M0.50	0.0634	-0.0131	0.000559000000000002	-0.000673	0.00087487713423086	100
984_Tornio_8_106	Finland	M0.50	0.0632	-0.014	-2.10000000000062e-05	-0.000422	0.00042252218876646	100
985_Tornio_8_107	Finland	M0.50	0.0619	-0.0127	0.000522000000000003	-0.000730000000000001	0.000897431891566154	100
986_Tornio_8_108_1	Finland	M0.50	0.052	-0.0111	0.000398000000000002	0.000194000000000001	0.000442764045514089	100
987_Tornio_7_109	Finland	M0.50	0.0581	-0.013	0.000553000000000001	-0.000189000000000001	0.000584405681012772	100
988_Tornio_8_109	Finland	M0.50	0.0596	-0.0167	0.000389	-0.000301	0.000491855669887011	100
989_Tornio_7_110	Finland	M0.50	0.0584	-0.0184	0.000510999999999999	-0.000977	0.0011025651908164	100
990_Tornio_5_113	Finland	M0.50	0.0576	-0.0138	0.000678000000000002	-0.000838	0.00107792764135632	100
991_Tornio_7_114	Finland	M0.50	0.0604	-0.0189	-0.000184000000000002	-9.89999999999999e-05	0.000208942575843222	100
992_Tornio_7_118	Finland	M0.50	0.057	-0.0124	0.000180999999999998	-0.000702	0.000724958619508727	100
993_Tornio_8_118	Finland	M0.50	0.059	-0.0087	-0.000124999999999997	-0.000538000000000001	0.000552330516991411	100
994_Tornio_7_121	Finland	M0.50	0.0578	-0.0138	-7.89999999999972e-05	-0.000156	0.000174862803363093	100
995_Tornio_7_125	Finland	M0.50	0.0599	-0.0119	0.000275999999999998	-0.000923999999999999	0.000964340188937492	100
996_Tornio_7_126	Finland	M0.50	0.054	-0.0087	0.000524000000000001	-0.000124000000000001	0.00053847191198799	100
997_Tornio_7_130	Finland	M0.50	0.0625	-0.0154	0.000118	-5e-04	0.000513735340423451	100
998_Tornio_7_132	Finland	M0.50	0.0656	-0.0121	0.00100299999999999	-0.000553	0.00114534623586058	100
999_Tornio_7_133	Finland	M0.50	0.0561	-0.0155	0.000231000000000003	-0.000673	0.000711540582117423	100
9_157	Spain-Atl	M0.50	7e-04	0.0331	-0.000196	0.001752	0.00176292938032129	100
9_158	Spain-Atl	M0.50	9e-04	0.0409	-0.000414	0.000602000000000001	0.000730616178304314	100
9_159	Spain-Atl	M0.50	0.0015	0.0373	-3.1e-05	0.000813	0.000813590806241074	100
9_160	Spain-Atl	M0.50	0.0029	0.0419	0.000695	0.000598	0.00091685822240955	100
9_161	Spain-Atl	M0.50	-0.0011	0.0444	-0.000107	0.001195	0.0011997808133155	100
9_162	Spain-Atl	M0.50	-2e-04	0.0432	-0.000191	0.001362	0.00137532723378838	100
9_163	Spain-Atl	M0.50	-0.0018	0.0408	6.1e-05	0.000586999999999997	0.000590160994983569	100
9_164	Spain-Atl	M0.50	-2e-04	0.0422	0.000135	0.001566	0.00157180819440541	100
9_165	Spain-Atl	M0.50	0.0024	0.0359	-0.000198	0.000632999999999999	0.000663244298882394	100
9_166	Spain-Atl	M0.50	0.0041	0.0439	0.000669	0.001328	0.00148699193003863	100
9_167	Spain-Atl	M0.50	-0.0043	0.0429	0.000293	0.000857999999999999	0.000906649325814562	100
9_168	Spain-Atl	M0.50	-0.0026	0.0353	-0.000268	0.000940000000000002	0.000977457927483329	100
9_169	Spain-Atl	M0.50	-0.0036	0.0371	-0.000327	0.000921999999999999	0.00097827041251384	100
9_170	Spain-Atl	M0.50	-0.0033	0.0437	0.000135	0.001193	0.0012006140095801	100
9_171	Spain-Atl	M0.50	-0.0013	0.0433	0.000119	0.001008	0.001015	100
SRR12588279	South-Norway	M0.50	0.0029	0.0014	0.000325	0.000798	0.000861643197617204	100
SRR12588280	South-Norway	M0.50	0.0153	-0.005	0.000655	-0.000531	0.000843199857684998	100
SRR12588286	South-Norway	M0.50	-0.0052	0.0053	0.000118	-0.000268	0.00029282759432813	100
SRR12588290	South-Norway	M0.50	-0.0047	-0.0013	0.000485	-0.000371	0.000610627546054058	100
SRR12588291	South-Norway	M0.50	-3e-04	-0.0013	-0.000386	-0.000519	0.000646805225705544	100
SRR2170984	South-Norway	M0.50	-0.0052	-0.0027	-0.00012	0.000251	0.000278210352071953	100
SRR2174328	South-Norway	M0.50	0.0044	-0.0013	0.00047	-0.000117	0.000484343886097471	100
SRR2174330	South-Norway	M0.50	0.0072	0.0024	0.000236	0.000167	0.000289110705439975	100
SRR2174331	South-Norway	M0.50	7e-04	-0.0041	-0.000771	0.000165	0.000788457988734974	100
SRR2174333	South-Norway	M0.50	-0.0027	-0.001	-0.000139	0.00033	0.000358079600089142	100
SRR2174334	South-Norway	M0.50	0.0021	0.0083	0.000552	0.000107	0.000562274843826398	100
SRR2174358	South-Norway	M0.50	-0.0039	-0.0018	-9.50000000000002e-05	-0.000178	0.000201764714457211	100
SRR2174359	South-Norway	M0.50	0.0033	-0.0054	0.000123	-3.99999999999997e-05	0.000129340635532689	100
SRR2174361	South-Norway	M0.50	1e-04	6e-04	0.000442	0.000296	0.000531958645009177	100
SRR2174362	South-Norway	M0.50	0.005	-0.0046	0.000402	-1e-05	0.000402124358874217	100
SRR2174364	South-Norway	M0.50	-0.008	0.0053	-7.99999999999981e-06	0.00052	0.00052006153482064	100
SRR2174366	South-Norway	M0.50	-0.0046	8e-04	0.000488	0.000142	0.000508240100739798	100
SRR2174368	South-Norway	M0.50	0.0017	0.0018	0.000482	-1.09999999999999e-05	0.000482125502333158	100
SRR2174369	South-Norway	M0.50	0.0069	-0.0072	0.000284	0.00043	0.000515321259021981	100
SRR2174450	South-Norway	M0.50	9e-04	-9e-04	-0.000202	-0.001007	0.00102706036823548	100
SRR2174451	South-Norway	M0.50	0.002	1e-04	0.00075	0.000813	0.00110610532952337	100
SRR3669078	South-Norway	M0.50	-0.003	-0.0121	-0.00013	-0.000491	0.000507918300516924	100
SRR3669756	South-Norway	M0.50	-0.0066	-0.0057	-0.000472	0.000262	0.000539840717249079	100
SRR5585853	UK-Scotland	M0.50	-0.0024	0.0055	0.000257	-5.49999999999997e-05	0.000262819329578324	100
SRR5585854	UK-Scotland	M0.50	0.0041	0.0063	0.000185	0.000206	0.000276877229110665	100
SRR5585855	UK-Scotland	M0.50	-0.0065	0.0055	-0.000311	0.000351	0.000468958420331697	100
SRR5585857	UK-Scotland	M0.50	-0.0019	-0.0018	-0.000451	-0.000421	0.000616961911304093	100
SRR5585858	UK-Scotland	M0.50	0.0016	-8e-04	-0.000123	-0.000345	0.000366270391923781	100
SRR5585860	UK-Scotland	M0.50	3e-04	-0.0016	-6.79999999999999e-05	0.000205	0.000215983795688473	100
SRR5585861	UK-Scotland	M0.50	0.0041	0.0028	0.000456	2.99999999999999e-05	0.00045698577658391	100
1000_Tornio_7_134	Finland	M0.75	0.0556	-0.0088	-0.000317999999999996	-0.000193999999999999	0.000372505033523035	100
1001_Tornio_7_135	Finland	M0.75	0.0575	-0.017	-0.000493000000000003	-0.000358999999999999	0.000609860639818641	100
1002_Tornio_7_141	Finland	M0.75	0.0687	-0.0117	-0.000956999999999998	0.001007	0.00138920768785664	100
1003_Tornio_7_156	Finland	M0.75	0.0645	-0.0151	-0.000703000000000002	-6.99999999999951e-06	0.000703034849776313	100
1004_Tornio_7_181	Finland	M0.75	0.0611	-0.0125	0.000427999999999999	-0.000694999999999999	0.000816216270359761	100
1005_Tornio_7_202	Finland	M0.75	0.0536	-0.0114	5.89999999999984e-05	-0.000766999999999999	0.000769265883813912	100
1006_Tornio_7_205	Finland	M0.75	0.0604	-0.0103	7.69999999999974e-05	-0.001045	0.00104783300196167	100
1007_Tornio_7_207	Finland	M0.75	0.0567	-0.0127	5.8e-05	0.000373999999999999	0.000378470606520506	100
1008_Tornio_7_218	Finland	M0.75	0.0632	-0.0138	-0.000942000000000006	-0.000342	0.00100216166360524	100
1009_Tornio_7_238	Finland	M0.75	0.0555	-0.0165	0.000155999999999999	-7.79999999999991e-05	0.000174413302244982	100
1010_Tornio_7_246	Finland	M0.75	0.0588	-0.0102	7.10000000000017e-05	-0.001407	0.00140879026118156	100
1011_Tornio_7_267	Finland	M0.75	0.0583	-0.012	-0.000185999999999998	6.30000000000002e-05	0.000196379734188636	100
1012_Tornio_7_276	Finland	M0.75	0.0592	-0.0158	1.99999999999973e-05	0.000598000000000002	0.000598334354688081	100
1013_Tornio_7_279	Finland	M0.75	0.0581	-0.0119	-0.000837999999999999	0.0011	0.00138283910850106	100
10_172	Spain-Atl	M0.75	1e-04	0.0425	-0.000174	0.000783999999999997	0.000803076584143751	100
10_173	Spain-Atl	M0.75	-0.0051	0.034	-2e-04	0.000595999999999998	0.000628662071386526	100
10_174	Spain-Atl	M0.75	4e-04	0.0411	0.000749	0.000801000000000002	0.00109663211698363	100
10_175	Spain-Atl	M0.75	-0.0024	0.039	-2.60000000000003e-05	0.000303	0.000304113465667011	100
10_176	Spain-Atl	M0.75	0.0044	0.0394	-0.000364	-0.001181	0.00123582239824337	100
10_177	Spain-Atl	M0.75	3e-04	0.0486	-0.000673	0.000609000000000003	0.000907639796395026	100
10_178	Spain-Atl	M0.75	9e-04	0.0476	0.000585	0.000279999999999997	0.000648556088553641	100
10_179	Spain-Atl	M0.75	0.0047	0.0348	0.000193	0.000380000000000003	0.000426203003274263	100
10_180	Spain-Atl	M0.75	-0.0014	0.0438	0.000688	0.001115	0.00131017899540483	100
10_181	Spain-Atl	M0.75	0.0053	0.0354	-0.000236	0.001091	0.00111623339853276	100
10_182	Spain-Atl	M0.75	-3e-04	0.0381	0.000122	0.000136999999999998	0.000183447540185197	100
10_183	Spain-Atl	M0.75	1e-04	0.0444	0.000252	-0.000527000000000002	0.000584151521439431	100
10_184	Spain-Atl	M0.75	0.0012	0.0495	4.40000000000002e-05	-0.000202000000000002	0.000206736547325336	100
10_185	Spain-Atl	M0.75	0.0018	0.0434	0.000511	0.000616999999999999	0.000801130451299911	100
10_186	Spain-Atl	M0.75	0.0037	0.0452	-0.000214	0.000675000000000003	0.000708110867025781	100
10_187	Spain-Atl	M0.75	0.0061	0.0466	-0.000339	0.000664999999999997	0.000746422132576464	100
10_188	Spain-Atl	M0.75	-0.0043	0.0469	-0.00032	-0.000291999999999997	0.00043320203138951	100
11_189	UK-Scotland	M0.75	9e-04	-7e-04	-0.000185	0.000201	0.000273177597910224	100
11_190	UK-Scotland	M0.75	0	0.0086	-0.000364	0.001342	0.00139048912257522	100
11_191	UK-Scotland	M0.75	-0.0011	0.0077	0.000567	0.000219	0.000607823987680644	100
11_192	UK-Scotland	M0.75	0.0053	0.0051	0.000915	0.000214	0.000939691970807456	100
11_193	UK-Scotland	M0.75	0.0105	0.0048	0.000189999999999999	0.000805	0.000827118492115852	100
11_194	UK-Scotland	M0.75	0.0074	0.0035	0.000528	0.000986	0.00111847217220635	100
11_195	UK-Scotland	M0.75	-0.0011	-0.003	-0.001055	0.000701	0.00126665938594399	100
11_196	UK-Scotland	M0.75	-0.0052	0.0049	-0.000433	0.00104	0.00112653850355858	100
11_197	UK-Scotland	M0.75	0.0022	0.0023	0.000659	8.9e-05	0.000664982706542057	100
11_198	UK-Scotland	M0.75	0.0043	0.0079	0.000817	-0.000374000000000001	0.000898534918631436	100
11_199	UK-Scotland	M0.75	-0.0041	-3e-04	-0.000332	0.00102	0.00107267143152039	100
11_200	UK-Scotland	M0.75	-0.0028	3e-04	-0.000284	-0.00085	0.000896189712058781	100
11_201	UK-Scotland	M0.75	-0.0039	0.007	3.09999999999999e-05	0.000122	0.000125876924017073	100
11_202	UK-Scotland	M0.75	0.008	0.0035	-2.20000000000002e-05	0.000554	0.000554436651025164	100
11_203	UK-Scotland	M0.75	-0.002	0.0086	1.6e-05	0.000648	0.000648197500766549	100
11_204	UK-Scotland	M0.75	-0.0037	0.0048	0.000488	-5.99999999999996e-05	0.000491674689200085	100
12_235	UK-Scotland	M0.75	8e-04	0.0018	-0.000997	-0.000536	0.00113194743694219	100
12_236	UK-Scotland	M0.75	0.0096	0.0041	0.000272000000000001	0.000557	0.000619865307950042	100
12_237	UK-Scotland	M0.75	-0.0052	0.0088	-0.000763	-0.000325000000000001	0.000829333467309743	100
12_238	UK-Scotland	M0.75	0.0046	0.0067	-8.29999999999999e-05	-0.000101	0.000130728726758888	100
12_239	UK-Scotland	M0.75	0.0065	0.004	9.90000000000004e-05	-0.000698	0.000704985815460141	100
12_240	UK-Scotland	M0.75	-8e-04	0.0036	0.000235	0.000869	0.000900214418902519	100
12_241	UK-Scotland	M0.75	-0.003	0.0069	0.000539	0.000572	0.000785942109827435	100
12_242	UK-Scotland	M0.75	-0.002	-0.0016	0.000831	0.000275	0.000875320512726624	100
12_243	UK-Scotland	M0.75	-0.0055	0.0078	-0.0013	0.000485	0.00138752477455359	100
12_244	UK-Scotland	M0.75	0.0041	0.0102	-0.000459	-0.000810000000000001	0.000931010741076601	100
12_245	UK-Scotland	M0.75	0.0038	0.005	0.000714	0.000579	0.000919258940669059	100
12_246	UK-Scotland	M0.75	0.0013	0.004	0.000464	-0.000111	0.000477092234269224	100
12_247	UK-Scotland	M0.75	-0.0076	0.007	-0.000108	-0.001567	0.00157071735204014	100
12_248	UK-Scotland	M0.75	0.0056	0.009	-0.000202	-0.000660999999999999	0.000691176533166455	100
12_249	UK-Scotland	M0.75	0.0047	0.0057	0.001308	0.001049	0.00167668273683485	100
12_250	UK-Scotland	M0.75	-0.0011	-9e-04	0.001176	0.000879	0.0014682019615843	100
13_251	Spain-Atl	M0.75	-0.0042	0.0309	-8.10000000000002e-05	0.000181	0.000198297755912668	100
14_252	Spain-Atl	M0.75	6e-04	0.0403	-7.99999999999987e-06	-0.000941000000000002	0.00094103400576175	100
14_253	Spain-Atl	M0.75	0.0017	0.0322	0.000956	0.000792000000000001	0.00124145076422708	100
14_254	Spain-Atl	M0.75	7e-04	0.0458	-0.000491	-0.000412000000000001	0.000640956316764255	100
14_255	Spain-Atl	M0.75	-0.0027	0.0284	-0.000119	0.000577999999999998	0.000590122868562131	100
14_256	Spain-Atl	M0.75	0.0014	0.0396	0.000166	0.000410999999999997	0.000443257261643842	100
15_257	Spain-Atl	M0.75	0.0046	0.0364	-0.001028	0.000166999999999998	0.00104147635594861	100
15_258	Spain-Atl	M0.75	2e-04	0.0393	0.000136	0.000552999999999998	0.000569477830999591	100
15_259	Spain-Atl	M0.75	0.0045	0.0421	7.20000000000003e-05	0.000421000000000001	0.000427112397385046	100
15_260	Spain-Atl	M0.75	0.0023	0.0416	0.000316	0.000544000000000002	0.000629120020345881	100
15_261	Spain-Atl	M0.75	-0.0022	0.035	-0.000114	-6.10000000000035e-05	0.000129294238077342	100
15_262	Spain-Atl	M0.75	0.0011	0.0429	0.000677	0.000997	0.0012051298685204	100
15_263	Spain-Atl	M0.75	-8e-04	0.0442	-0.000524	-0.000564000000000003	0.00076985193381585	100
15_264	Spain-Atl	M0.75	0.0014	0.0447	-0.000434	-0.000436999999999997	0.000615893659652377	100
15_265	Spain-Atl	M0.75	-1e-04	0.0439	-3e-05	0.000319999999999998	0.000321403173599762	100
15_266	Spain-Atl	M0.75	-0.0072	0.0478	0.00057	-8.6000000000002e-05	0.000576451212159364	100
15_267	Spain-Atl	M0.75	0.0038	0.0423	0.000148	0.001328	0.00133622153851822	100
15_268	Spain-Atl	M0.75	0.0026	0.0422	-0.000738	0.000536999999999999	0.000912695458518338	100
16_269	Spain-Atl	M0.75	-0.0036	0.0416	-0.001006	0.000518000000000002	0.00113152993773917	100
16_270	Spain-Atl	M0.75	-0.0017	0.0438	-0.000356	0.000806000000000001	0.000881119742146323	100
16_271	Spain-Atl	M0.75	0.0015	0.0402	0.00021	-9.00000000000005e-06	0.00021019276866724	100
16_272	Spain-Atl	M0.75	0.0011	0.0477	0.000298	0.000367000000000001	0.000472750462717913	100
16_273	Spain-Atl	M0.75	-0.0022	0.0465	0.000903	0.001283	0.0015689161864166	100
16_274	Spain-Atl	M0.75	0.0028	0.0505	0.000885	0.000851999999999997	0.00122846611674885	100
16_275	Spain-Atl	M0.75	-0.0029	0.0443	-0.000241	0.001147	0.00117204522097059	100
16_276	Spain-Atl	M0.75	0.0068	0.0426	-6e-04	-0.000809999999999999	0.00100801785698469	100
16_277	Spain-Atl	M0.75	-0.001	0.0373	-0.000335	0.000192	0.000386120447529006	100
16_278	Spain-Atl	M0.75	0.0025	0.0351	-0.000614	0.000618000000000001	0.000871160146012202	100
16_279	Spain-Atl	M0.75	-0.0026	0.0496	-0.000157	8.50000000000019e-05	0.000178532910131439	100
16_280	Spain-Atl	M0.75	0.0016	0.0431	0.000517	0.000929000000000001	0.00106316978888605	100
16_281	Spain-Atl	M0.75	0.0083	0.0438	0.000426	0.000143000000000001	0.000449360656933827	100
16_282	Spain-Atl	M0.75	5e-04	0.0409	0.000576	0.000918000000000001	0.00108374351209131	100
1_1	Spain-Atl	M0.75	0.0027	0.034	0.000545	0.000765999999999997	0.000940096271665831	100
1_10	Spain-Atl	M0.75	0.0046	0.04	-0.000115	0.001365	0.00136983575657814	100
1_11	Spain-Atl	M0.75	-0.001	0.0378	-8.89999999999999e-05	-0.000243	0.0002587856255668	100
1_12	Spain-Atl	M0.75	4e-04	0.0357	0.00081	0.000807999999999997	0.00114409964600991	100
1_13	Spain-Atl	M0.75	9e-04	0.0435	0.000271	-0.000629999999999997	0.00068581411475705	100
1_14	Spain-Atl	M0.75	7e-04	0.0442	-0.000592	-0.000184000000000003	0.000619935480513901	100
1_15	Spain-Atl	M0.75	-0.0012	0.035	-0.000417	-0.000661000000000003	0.000781543344927205	100
1_16	Spain-Atl	M0.75	0.0061	0.0422	0.000407	0.000818999999999999	0.000914554536372762	100
1_2	Spain-Atl	M0.75	0.0032	0.0388	0.000507	-0.000209000000000001	0.000548388548385176	100
1_3	Spain-Atl	M0.75	0.0058	0.0399	6.80000000000004e-05	-0.000153999999999998	0.00016834488409215	100
1_4	Spain-Atl	M0.75	-0.0033	0.0472	-9.9e-05	0.000266000000000001	0.000283825650708319	100
1_5	Spain-Atl	M0.75	-0.001	0.0428	0.000366	0.000431000000000002	0.000565435230596752	100
1_6	Spain-Atl	M0.75	-0.0017	0.0374	-0.000291	0.000269999999999998	0.000396964733950006	100
1_7	Spain-Atl	M0.75	0.0064	0.0285	0.000226	-0.000556000000000001	0.000600176640665064	100
1_8	Spain-Atl	M0.75	-0.0012	0.0485	-0.000626	-3.80000000000014e-05	0.000627152294104072	100
1_9	Spain-Atl	M0.75	-7e-04	0.0417	-0.000474	-0.000326000000000001	0.000575284277553281	100
200_Teno_120_1982	North-Norway	M0.75	-0.007	-0.0095	0.000909	0.000109	0.000915511878677716	100
201_Teno_144_1982	North-Norway	M0.75	-0.0084	-0.011	0.00103	-0.002017	0.00226477129088127	100
202_Teno_171_1982	North-Norway	M0.75	-0.0123	-0.0118	0.000292	-0.000175	0.000340424734706514	100
203_Teno_696_1982	North-Norway	M0.75	-0.0118	-0.0171	-0.000245	-7.39999999999993e-05	0.000255931631495601	100
204_Teno_332_1983	North-Norway	M0.75	-0.0144	-0.0071	-0.000912	-0.000841	0.00124057446370623	100
205_Teno_360_1983	North-Norway	M0.75	-0.0141	-0.021	0.000654	0.000418000000000001	0.000776170084453144	100
206_Teno_567_1983	North-Norway	M0.75	-0.0116	-0.012	-0.000142000000000001	-0.000921	0.000931882503323246	100
207_Teno_671_1983	North-Norway	M0.75	-0.0107	-0.0154	-0.000459	-0.001246	0.00132785428417428	100
208_Teno_674_1983	North-Norway	M0.75	-0.0077	-0.0099	0.001078	-0.000171999999999999	0.00109163547029217	100
209_Teno_740_1983	North-Norway	M0.75	-0.0062	-0.0073	-0.000158	-0.000428	0.000456232396920692	100
210_Teno_765_1983	North-Norway	M0.75	-0.0052	-0.007	-0.00032	-0.000422	0.000529607401760965	100
211_Teno_766_1983	North-Norway	M0.75	-0.0047	-0.0241	-0.000514	-0.00013	0.000530184873416811	100
212_Teno_769_1983	North-Norway	M0.75	-0.0138	-0.0145	-0.000342	0.000553000000000001	0.000650209966087879	100
213_Teno_772_1983	North-Norway	M0.75	-0.0058	-0.0143	-6.10000000000004e-05	-0.000562	0.00056530080488179	100
214_Teno_774_1983	North-Norway	M0.75	-0.0137	-0.0111	-0.000128	-5.99999999999952e-06	0.00012814054783713	100
215_Teno_776_1983	North-Norway	M0.75	-0.0124	-0.013	0.000311	-7.80000000000006e-05	0.000320632188028588	100
216_Teno_781_1983	North-Norway	M0.75	-0.0194	-0.0078	-0.000569999999999999	-0.000642	0.000858524315322519	100
217_Teno_782_1983	North-Norway	M0.75	-0.0073	-0.0209	-0.000182	-0.000640000000000001	0.00066537508219049	100
218_Teno_166_1985	North-Norway	M0.75	-0.0148	-0.0105	-0.000582999999999999	-0.000912999999999999	0.00108326266436169	100
219_Teno_345_1985	North-Norway	M0.75	-0.0121	-0.0088	-0.00037	0.000111	0.000386291340829691	100
220_Teno_403_1985	North-Norway	M0.75	-0.0135	-0.0083	-0.000455	-0.000881	0.000991557360922705	100
221_Teno_785_1985	North-Norway	M0.75	-0.0099	-0.0132	-0.000312999999999999	5.09999999999998e-05	0.000317127734517181	100
222_Teno_790_1985	North-Norway	M0.75	-0.0091	-0.0167	-0.000170999999999999	-0.001098	0.00111123579855942	100
223_Teno_894_1985	North-Norway	M0.75	-3e-04	-0.0105	-0.000187	0.001008	0.0010251990050717	100
224_Teno_1076_1985	North-Norway	M0.75	-0.0099	-0.0126	-0.000223999999999999	-0.000603	0.000643261222210697	100
225_Teno_214_1986	North-Norway	M0.75	-0.0107	-0.0165	-0.000255000000000001	-0.001129	0.00115743941526112	100
226_Teno_219_1986	North-Norway	M0.75	-0.0119	-0.012	-0.000400999999999999	-0.000461	0.000611000818330057	100
227_Teno_221_1986	North-Norway	M0.75	-0.0115	-0.014	-9.00000000000001e-05	-0.000281	0.000295061010640172	100
228_Teno_223_1986	North-Norway	M0.75	-0.0105	-0.0126	-0.000344999999999999	-0.000328	0.00047603466260347	100
229_Teno_225_1986	North-Norway	M0.75	-0.0104	-0.0102	-0.000120000000000001	-0.00152	0.00152472948420367	100
230_Teno_429_1986	North-Norway	M0.75	-0.0078	-0.0146	-0.000742	-0.000317	0.000806878553439116	100
231_Teno_432_1986	North-Norway	M0.75	-0.0089	-0.0188	-0.000595	-0.000510999999999999	0.00078431243774404	100
232_Teno_433_1986	North-Norway	M0.75	-0.0132	-0.0113	-0.000288	-0.000731000000000001	0.000785687596949322	100
233_Teno_434_1986	North-Norway	M0.75	-0.0109	-0.0074	-4.4e-05	0.000225	0.000229261859017151	100
234_Teno_435_1986	North-Norway	M0.75	-0.0121	-0.0128	-5.30000000000003e-05	-0.000405999999999999	0.000409444745967022	100
235_Teno_507_1986	North-Norway	M0.75	-0.0132	-0.0123	-0.000539	-5e-04	0.000735201332969411	100
236_Teno_512_1986	North-Norway	M0.75	-0.0077	-0.0201	-0.000682	0.000356	0.000769324378919581	100
237_Teno_513_1986	North-Norway	M0.75	-0.0094	-0.0122	3.40000000000003e-05	-0.000784999999999999	0.000785735960739993	100
238_Teno_559_1986	North-Norway	M0.75	-0.014	-0.0135	-0.001184	0.000543	0.00130257629335099	100
239_Teno_685_1986	North-Norway	M0.75	-0.0157	-0.0035	-0.000992000000000001	0.000634	0.00117729350631013	100
240_Teno_772_1986	North-Norway	M0.75	-0.0097	-0.0166	-0.00093	0.000559	0.00108507188701947	100
241_Teno_929_1986	North-Norway	M0.75	-0.0141	-0.0154	-0.000251	-0.000347	0.000428263937309692	100
242_Teno_1005_1986	North-Norway	M0.75	-0.0028	-0.0127	-0.000139	-0.001072	0.00108097409774703	100
243_Teno_1047_1986	North-Norway	M0.75	-0.0132	-0.0162	0.000688	0.001085	0.0012847447217249	100
244_Teno_1048_1986	North-Norway	M0.75	-0.0051	-0.0162	-2.99999999999968e-06	-0.000365000000000001	0.000365012328558914	100
245_Teno_1050_1986	North-Norway	M0.75	-0.0113	-0.0061	0.000500999999999999	0.000141	0.000520463255187145	100
246_Teno_1057_1986	North-Norway	M0.75	-0.0086	-0.0163	0.000362	0.000329999999999999	0.000489840790461553	100
247_Teno_1112_1986	North-Norway	M0.75	-0.0138	-0.0135	-0.000168	-0.000703	0.000722795268385177	100
248_Teno_1113_1986	North-Norway	M0.75	-0.0103	-0.009	0.000713	-0.000466000000000001	0.000851777553120532	100
249_Teno_1142_1986	North-Norway	M0.75	-0.0121	-0.0139	-0.000208	0.001258	0.00127507960535803	100
250_Teno_1190_1986	North-Norway	M0.75	-0.0112	-0.011	-0.001061	-0.000532000000000001	0.00118690564073139	100
251_Teno_1197_1986	North-Norway	M0.75	-0.0084	-0.0055	-0.000706	-0.000215	0.000738011517525303	100
252_Teno_1275_1986	North-Norway	M0.75	-0.0101	-0.0126	-0.000187000000000001	-0.000104	0.000213974297521922	100
253_Teno_1295_1986	North-Norway	M0.75	-0.0092	-0.0147	2.09999999999998e-05	-0.000104	0.000106099010362963	100
254_Teno_1384_1986	North-Norway	M0.75	-0.0144	-0.0101	0.000351	0.000948	0.00101089316942989	100
255_Teno_1161_1987	North-Norway	M0.75	-0.0148	-0.0128	-0.001484	0.000791000000000001	0.00168164710923547	100
256_Teno_1358_1987	North-Norway	M0.75	-0.0101	-0.0127	-0.000849	-0.000361	0.000922562734994212	100
257_Teno_1365_1987	North-Norway	M0.75	-0.0189	-0.0144	-0.000143	-0.000605000000000001	0.000621670330641571	100
258_Teno_145_1987	North-Norway	M0.75	-0.0138	-0.0119	-0.000499	0.000523000000000001	0.000722862365876106	100
259_Teno_156_1987	North-Norway	M0.75	-0.0138	-0.0174	3.19999999999997e-05	0.000111999999999999	0.000116481758228487	100
260_Teno_245_1987	North-Norway	M0.75	-0.01	-0.009	0.000786	0.000947999999999999	0.00123146254510643	100
261_Teno_256_1987	North-Norway	M0.75	-0.0067	-0.0133	0.000143	-0.000200000000000001	0.000245863783424888	100
262_Teno_288_1987	North-Norway	M0.75	-0.0092	-0.0168	0.001506	-0.000766000000000001	0.00168961297343504	100
263_Teno_389_1987	North-Norway	M0.75	-0.0095	-0.0108	-0.000209	-0.001419	0.00143430889281214	100
264_Teno_390_1987	North-Norway	M0.75	-0.0125	-0.0113	0.000353000000000001	-0.000891000000000001	0.000958378839499288	100
265_Teno_396_1987	North-Norway	M0.75	-0.0089	-0.014	-0.000744	0.000485	0.000888122176279818	100
266_Teno_402_1987	North-Norway	M0.75	-0.0097	-0.0101	0.000599	-0.000387000000000001	0.0007131409397868	100
267_Teno_411_1987	North-Norway	M0.75	-0.0104	-0.0101	-0.000515	6.79999999999996e-05	0.000519469922132168	100
268_Teno_626_1987	North-Norway	M0.75	-0.0125	-0.0137	-0.00107	-0.000826	0.00135173074241877	100
269_Teno_637_1987	North-Norway	M0.75	-0.0109	-0.0072	0.000403	-3.40000000000003e-05	0.000404431700043407	100
270_Teno_638_1987	North-Norway	M0.75	-0.0135	-0.0155	-0.000576	0.000764	0.00095680301002871	100
271_Teno_639_1987	North-Norway	M0.75	-0.012	-0.0144	-0.000224	-0.000414000000000001	0.000470714350747882	100
272_Teno_640_1987	North-Norway	M0.75	-0.0085	-0.0142	-0.000486999999999999	-0.000736999999999999	0.000883367420725939	100
273_Teno_641_1987	North-Norway	M0.75	-0.01	-0.0107	-0.001091	-0.000243000000000001	0.00111773431547931	100
274_Teno_644_1987	North-Norway	M0.75	-0.0138	-0.0061	0.000257	-0.000857	0.000894705538152078	100
275_Teno_650_1987	North-Norway	M0.75	-0.0104	-0.0149	-0.000145	0.000107	0.000180205438319714	100
276_Teno_721_1987	North-Norway	M0.75	-0.0091	-0.0122	2.40000000000005e-05	0.000877000000000001	0.000877328330786144	100
277_Teno_734_1987	North-Norway	M0.75	-0.0121	-0.0145	0.00021	-1.29999999999991e-05	0.000210401996188249	100
278_Teno_750_1987	North-Norway	M0.75	-0.0051	-0.0179	-0.000561	-5.10000000000007e-05	0.00056331341187655	100
279_Teno_751_1987	North-Norway	M0.75	-0.0056	-0.0154	0.000218	-0.000842	0.000869763186160463	100
280_Teno_755_1987	North-Norway	M0.75	-0.0033	-0.0142	0.000105	-0.000648999999999999	0.000657438970551639	100
281_Teno_756_1987	North-Norway	M0.75	-0.0117	-0.0119	0.000473	-0.001152	0.00124532445571425	100
282_Teno_760_1987	North-Norway	M0.75	-0.0123	-0.011	0.000135	0.000775999999999999	0.000787655381496247	100
283_Teno_766_1987	North-Norway	M0.75	-0.0142	-0.0124	-0.000250999999999999	0.000454	0.00051876487930468	100
284_Teno_835_1987	North-Norway	M0.75	-0.0153	-0.0056	-0.000442000000000001	-7.29999999999999e-05	0.000447987723046068	100
285_Teno_838_1987	North-Norway	M0.75	-0.0155	-0.0148	0.000221	0.000127000000000001	0.000254892134048895	100
286_Teno_842_1987	North-Norway	M0.75	-0.0153	-0.009	0.000158999999999999	-0.001521	0.00152928806965856	100
287_Teno_843_1987	North-Norway	M0.75	-0.0095	-0.0113	-0.001043	-0.000535000000000001	0.00117220902572877	100
288_Teno_844_1987	North-Norway	M0.75	-0.012	-0.019	-0.00065	0.00082	0.0010463746938836	100
289_Teno_846_1987	North-Norway	M0.75	-0.0113	-0.013	-9.10000000000008e-05	0.000331999999999999	0.000344245551895736	100
290_Teno_905_1987	North-Norway	M0.75	-0.0063	-0.01	-0.000536	-9.79999999999998e-05	0.000544885309033011	100
291_Teno_965_1987	North-Norway	M0.75	-0.0082	-0.0142	0.000735000000000001	0.000292000000000001	0.000790878625327554	100
292_Teno_286_1988	North-Norway	M0.75	-0.0137	-0.0064	-0.000649	-0.000201	0.00067941298191895	100
293_Teno_372_1989	North-Norway	M0.75	-0.0132	-0.014	0.000122	0.000453	0.000469140703840543	100
2_17	Spain-Atl	M0.75	6e-04	0.0316	-0.000461	0.000345999999999997	0.000576400034698123	100
2_18	Spain-Atl	M0.75	0.0029	0.0354	0.000124	0.000598999999999999	0.000611700089913349	100
2_19	Spain-Atl	M0.75	0.0068	0.0431	3.80000000000003e-05	0.000899	0.000899802756163817	100
2_20	Spain-Atl	M0.75	0.0037	0.0407	-0.00099	-0.000334	0.00104482343005888	100
2_21	Spain-Atl	M0.75	0.0012	0.0484	-0.000324	7.8000000000001e-05	0.000333256657847972	100
2_22	Spain-Atl	M0.75	-0.0024	0.0412	-0.000365	-0.000281	0.000460636516138268	100
2_23	Spain-Atl	M0.75	0	0.0376	0.000471	-0.000437000000000002	0.000642502918281311	100
2_24	Spain-Atl	M0.75	-8e-04	0.0424	0.000171	-0.000365	0.000403070713399027	100
2_25	Spain-Atl	M0.75	0.0026	0.0419	-0.000543	0.000756	0.000930798044690684	100
2_26	Spain-Atl	M0.75	-0.003	0.0412	0.000177	7.49999999999993e-05	0.000192234232123209	100
2_27	Spain-Atl	M0.75	8e-04	0.0367	0.000347	0.000443999999999996	0.000563511313107374	100
2_28	Spain-Atl	M0.75	0.0028	0.0505	-0.000813	-0.000453000000000004	0.000930686843143279	100
2_29	Spain-Atl	M0.75	0.0039	0.0414	-0.000192	-0.000500999999999999	0.000536530521033053	100
2_30	Spain-Atl	M0.75	0.0054	0.0407	7e-04	-0.000227	0.000735886540167708	100
2_31	Spain-Atl	M0.75	-3e-04	0.0494	-0.000376	0.001689	0.00173034591917339	100
2_32	Spain-Atl	M0.75	0.0044	0.0434	-0.00013	-0.000190000000000001	0.000230217288664428	100
300_Teno_3692_2001	North-Norway	M0.75	-0.0107	-0.0106	0.000631	-0.000742	0.000974025153679308	100
301_Teno_3693_2001	North-Norway	M0.75	-0.0113	-0.0112	-0.000223000000000001	-0.000273	0.000352502482260764	100
302_Teno_3695_2001	North-Norway	M0.75	-0.0105	-0.0193	-0.000267999999999999	-5.99999999999989e-05	0.000274634302300349	100
303_Teno_3731_2001	North-Norway	M0.75	-0.0067	-0.0081	0.000435	-0.000254000000000001	0.000503727108661029	100
304_Teno_3733_2001	North-Norway	M0.75	-0.0137	-0.0129	0.000342	0.000452	0.0005668050811346	100
305_Teno_3734_2001	North-Norway	M0.75	-0.0083	-0.0141	0.000252	-0.000462	0.00052625849161795	100
306_Teno_3736_2001	North-Norway	M0.75	-0.0073	-0.0041	-0.000393	-0.000442	0.000591449913348544	100
307_Teno_3738_2001	North-Norway	M0.75	-0.0144	-0.0145	-5.10000000000005e-05	4.30000000000007e-05	6.67083203206325e-05	100
308_Teno_3741_2001	North-Norway	M0.75	-0.008	-0.0145	0.001707	-0.000148999999999999	0.00171349058941098	100
309_Teno_3742_2001	North-Norway	M0.75	-0.0113	-0.0153	-0.000462000000000001	-0.000280000000000001	0.000540225878684094	100
310_Teno_3744_2001	North-Norway	M0.75	-0.0028	-0.0109	0.00086	0.000104	0.000866265548201012	100
311_Teno_3751_2001	North-Norway	M0.75	-0.0119	-0.0097	0.000501000000000001	0.000693	0.000855131568824354	100
312_Teno_3902_2001	North-Norway	M0.75	-0.0053	-0.0162	-0.000842	-0.000897000000000001	0.00123027354681794	100
313_Teno_3903_2001	North-Norway	M0.75	-0.0084	-0.01	0.000718999999999999	-0.000355	0.000801864078257655	100
314_Teno_3910_2001	North-Norway	M0.75	-0.01	-0.0166	0.00091	0.000121	0.000918009259212564	100
315_Teno_3912_2001	North-Norway	M0.75	-0.0118	-0.007	3e-04	0.000842	0.000893847861775146	100
316_Teno_3914_2001	North-Norway	M0.75	-0.0115	-0.0199	-0.001115	-0.000534999999999999	0.00123670934337863	100
317_Teno_3916_2001	North-Norway	M0.75	-0.0145	-0.0136	0.000660000000000001	-0.000413000000000001	0.000778568558317122	100
318_Teno_4165_2001	North-Norway	M0.75	-0.0135	-0.0129	-0.000376	0.00094	0.00101241098374129	100
319_Teno_4167_2001	North-Norway	M0.75	-0.0134	-0.0147	-0.000775	-0.000207	0.000802168311515731	100
320_Teno_4168_2001	North-Norway	M0.75	-0.0155	-0.01	-0.000239	-3.19999999999999e-05	0.000241132743525221	100
321_Teno_4169_2001	North-Norway	M0.75	-0.0114	-0.0072	0.000521	-0.000773	0.00093218560383649	100
322_Teno_4890_2001	North-Norway	M0.75	-0.0157	-0.0148	0.000477999999999999	0.000914000000000001	0.00103144558751298	100
323_Teno_4898_2001	North-Norway	M0.75	-0.0085	-0.0099	-0.000566999999999999	-0.000156999999999999	0.00058833493861915	100
324_Teno_4899_2001	North-Norway	M0.75	-0.0099	-0.0123	0.000296000000000001	0.000832	0.000883085499824338	100
325_Teno_4919_2001	North-Norway	M0.75	-0.0113	-0.0204	0.000119999999999999	-0.000412999999999998	0.000430080225074344	100
326_Teno_4920_2001	North-Norway	M0.75	-0.0117	-0.0125	2.50000000000003e-05	-0.000649999999999999	0.000650480591562884	100
327_Teno_4925_2001	North-Norway	M0.75	-0.0068	-0.0168	-0.001004	0.000190999999999999	0.00102200636005849	100
328_Teno_4928_2001	North-Norway	M0.75	-0.011	-0.0158	-0.001079	0.000109000000000002	0.00108449158595169	100
329_Teno_4929_2001	North-Norway	M0.75	-0.0084	-0.0151	-0.000161000000000001	-0.000880999999999999	0.00089559030812085	100
330_Teno_4992_2001	North-Norway	M0.75	-0.0104	-0.0139	-0.000348	0.000163999999999999	0.000384707681233427	100
331_Teno_4993_2001	North-Norway	M0.75	-0.0126	-0.0073	0.000439	0.000668	0.000799340353041181	100
332_Teno_4995_2001	North-Norway	M0.75	-0.0169	-0.0205	-9.90000000000018e-05	-0.000474999999999999	0.000485207172247072	100
333_Teno_4996_2001	North-Norway	M0.75	-0.0092	-0.0115	-0.000462	0.000837	0.000956040271118325	100
334_Teno_4997_2001	North-Norway	M0.75	-0.0117	-0.0111	-0.000893	0.000387	0.000973251252246818	100
335_Teno_4999_2001	North-Norway	M0.75	-0.0132	-0.0124	-0.000136	-5.70000000000004e-05	0.000147461859475595	100
336_Teno_5000_2001	North-Norway	M0.75	-0.0105	-0.0091	0.000821000000000001	-0.000129	0.000831072800661892	100
337_Teno_5068_2001	North-Norway	M0.75	-0.007	-0.0112	1.00000000000006e-06	-0.000184	0.000184002717371239	100
338_Teno_5069_2001	North-Norway	M0.75	-0.0053	-0.015	-0.000558	0.001023	0.00116528666001117	100
339_Teno_5072_2001	North-Norway	M0.75	-0.0159	-0.0149	-0.000268999999999999	0.000434	0.000510604543653892	100
340_Teno_5073_2001	North-Norway	M0.75	-0.0092	-0.0135	0.000426	0.000843	0.00094452368948587	100
341_Teno_5076_2001	North-Norway	M0.75	-0.0124	-0.0153	-0.001058	-0.000120000000000001	0.00106478354607873	100
342_Teno_5111_2001	North-Norway	M0.75	-0.0111	-0.0205	-0.000222999999999999	0.000385000000000001	0.00044492021756715	100
343_Teno_5113_2001	North-Norway	M0.75	-0.0077	-0.0132	-0.000714	0.000392	0.000814530539636176	100
344_Teno_5115_2001	North-Norway	M0.75	-0.0162	-0.0161	-0.000169000000000001	2e-04	0.000261841555143564	100
345_Teno_5118_2001	North-Norway	M0.75	-0.01	-0.0178	-0.000823	-0.000987	0.00128510622129068	100
346_Teno_5119_2001	North-Norway	M0.75	-0.0061	-0.0121	-0.000404	0.000379	0.000553946748343195	100
347_Teno_5120_2001	North-Norway	M0.75	-0.008	-0.0067	0.001441	-0.00052	0.00153195332827081	100
348_Teno_5121_2001	North-Norway	M0.75	-0.0127	-0.0198	0.000598999999999999	0.000285000000000002	0.000663344556018967	100
349_Teno_5124_2001	North-Norway	M0.75	-0.0129	-0.0113	-0.000452	-0.000281000000000001	0.000532226455561916	100
350_Teno_5143_2001	North-Norway	M0.75	-0.0107	-0.0121	0.000328999999999999	-0.000632	0.000712506140324419	100
351_Teno_5145_2001	North-Norway	M0.75	-0.0118	-0.0047	-0.000627	-6.9999999999999e-06	0.000627039073742618	100
352_Teno_5154_2001	North-Norway	M0.75	-0.0121	-0.0075	-9.40000000000004e-05	0.000272	0.000287784641702784	100
353_Teno_5155_2001	North-Norway	M0.75	-0.0103	-0.0136	-0.001884	-0.001363	0.00232534406056394	100
354_Teno_5159_2001	North-Norway	M0.75	-0.0101	-0.0129	-0.000616	-1.1e-05	0.00061609820645738	100
355_Teno_5160_2001	North-Norway	M0.75	-0.0086	-0.0126	-5.2e-05	-0.001111	0.00111221625595025	100
356_Teno_5164_2001	North-Norway	M0.75	-0.0102	-0.0136	-0.000340999999999999	-0.000585000000000001	0.000677130711162919	100
357_Teno_5165_2001	North-Norway	M0.75	-0.0041	-0.0102	-0.00019	-0.001612	0.00162315864905437	100
358_Teno_5166_2001	North-Norway	M0.75	-0.0197	-0.0095	-0.000763000000000001	-0.001347	0.00154808849876226	100
359_Teno_5169_2001	North-Norway	M0.75	-0.0142	-0.0167	0.000319000000000001	0.00086	0.000917257324854918	100
360_Teno_5172_2001	North-Norway	M0.75	-0.011	-0.0165	-0.000308000000000001	-0.000999999999999999	0.00104635749149132	100
361_Teno_5178_2001	North-Norway	M0.75	-0.0083	-0.0135	0.000883	-7.40000000000002e-05	0.000886095367327919	100
362_Teno_5241_2001	North-Norway	M0.75	-0.0107	-0.0116	-0.000732000000000001	-0.000981000000000001	0.00122400367646507	100
363_Teno_5242_2001	North-Norway	M0.75	-0.0059	-0.0179	-0.000599	-0.000664000000000001	0.000894257792809211	100
364_Teno_5244_2001	North-Norway	M0.75	-0.0126	-0.0121	6.20000000000001e-05	0.000802	0.000804392938805407	100
365_Teno_5248_2001	North-Norway	M0.75	-0.0121	-0.0108	-0.000668	-0.000287999999999999	0.000727439344550458	100
366_Teno_5249_2001	North-Norway	M0.75	-0.0139	-0.0158	-0.000521000000000001	-0.000493999999999998	0.000717967269448963	100
367_Teno_5250_2001	North-Norway	M0.75	-0.0099	-0.0148	0.000291000000000001	-0.001582	0.00160854126462457	100
368_Teno_5251_2001	North-Norway	M0.75	-0.0094	-0.0165	-0.000106	-0.000557999999999999	0.000567978872846516	100
369_Teno_5253_2001	North-Norway	M0.75	-0.0087	-0.0138	0.000809999999999999	-0.000984	0.00127450225578459	100
370_Teno_5322_2001	North-Norway	M0.75	-0.0077	-0.0111	0.000148	-0.000580999999999999	0.000599554000904005	100
371_Teno_5325_2001	North-Norway	M0.75	-0.0125	-0.0186	-0.000479999999999999	-0.000757000000000002	0.00089635316700506	100
372_Teno_5326_2001	North-Norway	M0.75	-0.0138	-0.0129	-0.000415	0.000278	0.000499508758681968	100
373_Teno_5329_2001	North-Norway	M0.75	-0.0075	-0.0137	4.99999999999976e-06	-0.000988	0.000988012651740857	100
374_Teno_5330_2001	North-Norway	M0.75	-0.0075	-0.0105	1.09999999999998e-05	-0.000744999999999999	0.000745081203628167	100
375_Teno_5336_2001	North-Norway	M0.75	-0.0138	-0.0113	-0.00019	0.000367999999999999	0.000414154560520586	100
376_Teno_5338_2001	North-Norway	M0.75	-0.0144	-0.0085	-0.000507000000000001	0.000161000000000001	0.00053194924569925	100
377_Teno_5342_2001	North-Norway	M0.75	-0.0181	-0.0141	-0.000767999999999999	-0.000386	0.000859546391999872	100
378_Teno_5343_2001	North-Norway	M0.75	-0.0161	-0.0122	-4.90000000000002e-05	0.000633000000000001	0.000634893691888651	100
379_Teno_5352_2001	North-Norway	M0.75	-0.0121	-0.0182	-0.000278	0.000333000000000001	0.00043378911927341	100
380_Teno_5353_2001	North-Norway	M0.75	-0.0122	-0.0142	-0.000446999999999999	-0.000992999999999999	0.001088971073996	100
381_Teno_5356_2001	North-Norway	M0.75	-0.0174	-0.0116	-0.000500000000000001	-0.000623000000000001	0.000798829769099776	100
382_Teno_5366_2001	North-Norway	M0.75	-0.0143	-0.011	0.000386	6.59999999999993e-05	0.000391601838606511	100
383_Teno_5367_2001	North-Norway	M0.75	-0.0141	-0.0129	-0.000393	-0.00086	0.000945541643715389	100
384_Teno_5692_2001	North-Norway	M0.75	-0.0123	-0.0129	0.000497	0.000472	0.000685414473147453	100
385_Teno_5695_2001	North-Norway	M0.75	-0.0122	-0.0079	-0.000461999999999999	-0.000140999999999999	0.000483037265643137	100
386_Teno_5698_2001	North-Norway	M0.75	-0.01	-0.0066	-0.000625	0.00038	0.000731454031364924	100
387_Teno_5699_2001	North-Norway	M0.75	-0.0101	-0.0142	-9.60000000000004e-05	0.000640000000000001	0.000647159949317015	100
388_Teno_5702_2001	North-Norway	M0.75	-0.013	-0.0101	0.000155999999999999	0.001009	0.0010209882467492	100
389_Teno_5705_2001	North-Norway	M0.75	-0.0098	-0.0174	-0.000515	-0.000989000000000001	0.0011150542587695	100
390_Teno_5709_2001	North-Norway	M0.75	-0.0126	-0.004	0.000247	-0.000938	0.000969975772893323	100
391_Teno_5797_2001	North-Norway	M0.75	-0.0145	-0.0116	-0.000541999999999999	-0.000162000000000001	0.000565692495972856	100
392_Teno_5800_2001	North-Norway	M0.75	-0.0128	-0.0092	0.000376000000000001	-0.00027	0.00046289955713956	100
393_Teno_5803_2001	North-Norway	M0.75	-0.0081	-0.0142	-0.000243	-0.000590999999999999	0.000639007042214715	100
394_Teno_5805_2001	North-Norway	M0.75	-0.015	-0.0152	-0.000825000000000001	-0.000758	0.001120352176773	100
395_Teno_5809_2001	North-Norway	M0.75	-0.0125	-0.0133	0.000287000000000001	-0.000479000000000001	0.000558399498567111	100
396_Teno_5820_2001	North-Norway	M0.75	-0.0137	-0.0127	0.000719	-0.000412	0.000828676655879723	100
397_Teno_5832_2001	North-Norway	M0.75	-0.012	-0.0101	0.000718	2.69999999999996e-05	0.000718507480823965	100
398_Teno_5835_2001	North-Norway	M0.75	-0.0153	-0.0145	-0.000615000000000001	6.00000000000066e-06	0.000615029267596267	100
399_Teno_5841_2001	North-Norway	M0.75	-0.0111	-0.0133	-0.000207	-0.000211000000000001	0.000295584167370311	100
3_205	Spain-Atl	M0.75	0.0025	0.035	-0.000168	0.000484999999999997	0.000513272831932489	100
3_206	Spain-Atl	M0.75	-0.0048	0.0273	0.001085	0.001484	0.00183833647627413	100
3_207	Spain-Atl	M0.75	0.0057	0.0288	0.000655	0.000448000000000001	0.000793554661003261	100
3_208	Spain-Atl	M0.75	0.0083	0.0292	0.000139	0.001007	0.00101654808051562	100
3_209	Spain-Atl	M0.75	0.0011	0.036	-0.000138	-0.000155999999999997	0.000208278659492515	100
3_210	Spain-Atl	M0.75	-0.0041	0.033	0.001231	-0.000911000000000001	0.00153143135660728	100
3_211	Spain-Atl	M0.75	-0.0018	0.0369	-0.000811	-0.000526000000000002	0.00096664212612528	100
3_212	Spain-Atl	M0.75	-4e-04	0.0368	-0.000503	0.000587000000000001	0.000773031694046241	100
3_213	Spain-Atl	M0.75	-2e-04	0.0314	-4.6e-05	3.00000000000262e-06	4.60977222864646e-05	100
3_214	Spain-Atl	M0.75	0.0026	0.0355	-0.000964	0.000261000000000003	0.000998707664935041	100
3_215	Spain-Atl	M0.75	0.0031	0.0293	0.000124	0.000166	0.000207200386100027	100
3_216	Spain-Atl	M0.75	-3e-04	0.0321	-0.000532	-0.000585999999999997	0.000791466992362914	100
3_217	Spain-Atl	M0.75	0.0047	0.0282	-0.000826	0.000141	0.000837948089084282	100
3_218	Spain-Atl	M0.75	3e-04	0.0316	8e-04	0.000363999999999997	0.000878917516038904	100
3_219	Spain-Atl	M0.75	-0.0021	0.0316	0.000149	0.000406999999999997	0.000433416658655384	100
3_220	Spain-Atl	M0.75	0.0041	0.034	-0.000128	-0.001473	0.0014785509798448	100
3_221	Spain-Atl	M0.75	0.0032	0.0341	-0.000217	0.000388000000000002	0.000444559332373083	100
3_222	Spain-Atl	M0.75	0	0.033	-0.000472	-0.000391000000000002	0.000612915165418511	100
3_223	Spain-Atl	M0.75	5e-04	0.0349	9.3e-05	-0.000188	0.000209745083375034	100
3_224	Spain-Atl	M0.75	0.0087	0.0349	8.00000000000071e-06	0.000997	0.000997032095772247	100
3_225	Spain-Atl	M0.75	0.003	0.0249	-8.4e-05	0.000185000000000001	0.000203177262507399	100
3_226	Spain-Atl	M0.75	0.0039	0.0234	4.30000000000002e-05	0.000929999999999999	0.000930993555294557	100
3_227	Spain-Atl	M0.75	0.0085	0.0367	-0.000430000000000001	0.000827999999999997	0.000932997320467747	100
3_228	Spain-Atl	M0.75	3e-04	0.0437	-0.001256	-0.000109000000000003	0.00126072082555973	100
3_229	Spain-Atl	M0.75	1e-04	0.0262	0.000394	0.000568999999999999	0.000692096091594223	100
3_230	Spain-Atl	M0.75	0.0029	0.0363	-0.000353	0.000414000000000001	0.000544063415421402	100
3_231	Spain-Atl	M0.75	0.003	0.0381	0.000585	0.000555999999999998	0.000807069389829646	100
3_232	Spain-Atl	M0.75	0.0015	0.0374	0.000613	0.000698999999999997	0.000929715010097178	100
3_233	Spain-Atl	M0.75	0.0043	0.0355	-0.000227	0.000971000000000003	0.000997181026694755	100
3_234	Spain-Atl	M0.75	-0.0013	0.029	0.001672	0.000206999999999998	0.00168476496877161	100
3_33	Spain-Atl	M0.75	0.0042	0.0368	0.000506	-0.000178999999999999	0.000536728050319713	100
3_34	Spain-Atl	M0.75	-0.0052	0.035	-0.00047	0.000648999999999997	0.000801312049079506	100
3_35	Spain-Atl	M0.75	0.0053	0.0351	0.000569	0.000592000000000001	0.000821112050818888	100
3_36	Spain-Atl	M0.75	-0.0032	0.0325	-0.000565	0.000552999999999999	0.000790590918237744	100
3_37	Spain-Atl	M0.75	-0.0036	0.0408	-0.000333	0.000248999999999997	0.000415800432900206	100
3_38	Spain-Atl	M0.75	0.004	0.031	0.000336	0.000574	0.000665110517132304	100
3_39	Spain-Atl	M0.75	-0.0095	0.0298	-0.000533	0.000998	0.00113141194973361	100
3_40	Spain-Atl	M0.75	0.0051	0.0311	-0.000138	0.000365000000000001	0.000390216606514895	100
3_41	Spain-Atl	M0.75	0.0051	0.036	-0.000259	0.000557000000000002	0.000614271926755572	100
3_42	Spain-Atl	M0.75	-0.0013	0.0258	7.99999999999998e-06	0.000972	0.000972032921253185	100
3_43	Spain-Atl	M0.75	9e-04	0.0296	-0.00025	0.001034	0.00106379321298831	100
3_44	Spain-Atl	M0.75	0.0048	0.0415	-0.000973	0.000701999999999998	0.00119980540088799	100
3_45	Spain-Atl	M0.75	-0.0035	0.0305	0.000461	0.000174000000000001	0.000492744355624699	100
3_46	Spain-Atl	M0.75	-0.0039	0.0232	0.000203	3.30000000000016e-05	0.000205664775788174	100
3_47	Spain-Atl	M0.75	0.0035	0.0331	8.99999999999996e-06	-0.000215999999999997	0.000216187418690355	100
3_48	Spain-Atl	M0.75	0.0083	0.0289	-0.001402	0.000102000000000001	0.00140570551681353	100
400_Teno_5842_2001	North-Norway	M0.75	-0.014	-0.0099	-0.001606	0.000501000000000001	0.0016823308235897	100
401_Teno_5843_2001	North-Norway	M0.75	-0.0044	-0.006	4.80000000000002e-05	-0.000197	0.000202763408927745	100
402_Teno_5844_2001	North-Norway	M0.75	-0.0029	-0.0149	0.000113	-0.000811	0.000818834537620391	100
403_Teno_5847_2001	North-Norway	M0.75	-0.0086	-0.0084	7.8e-05	0.000363999999999999	0.000372263347645185	100
404_Teno_5858_2001	North-Norway	M0.75	-0.0114	-0.015	-0.000106	-0.001507	0.00151072333668346	100
405_Teno_5859_2001	North-Norway	M0.75	-0.0135	-0.0112	-5.20000000000002e-05	0.00037	0.00037363618668432	100
406_Teno_5875_2001	North-Norway	M0.75	-0.012	-0.0125	-0.000555	0.000292000000000001	0.000627127578727008	100
407_Teno_5895_2001	North-Norway	M0.75	-0.0169	-0.0093	-0.00109	-8.00000000000007e-05	0.00109293183684986	100
408_Teno_5897_2001	North-Norway	M0.75	-0.0155	-0.0068	0.000268	2e-04	0.00033440095693643	100
409_Teno_5898_2001	North-Norway	M0.75	-0.0121	-0.0072	0.00022	-0.001021	0.00104443333918446	100
410_Teno_5902_2001	North-Norway	M0.75	-0.0142	-0.0175	-0.001186	-0.000896999999999998	0.00148701210485994	100
411_Teno_5903_2001	North-Norway	M0.75	-0.0142	-0.0169	0.000464000000000001	0.000911999999999999	0.00102324972514045	100
412_Teno_5907_2001	North-Norway	M0.75	-0.0161	-0.0169	0.000129	-0.000378000000000002	0.000399405808670832	100
413_Teno_5921_2001	North-Norway	M0.75	-0.0129	-0.0134	-0.000747	-0.001066	0.0013016777635037	100
414_Teno_5924_2001	North-Norway	M0.75	-0.0104	-0.0124	-7.90000000000005e-05	-0.001198	0.0012006019323656	100
415_Teno_5926_2001	North-Norway	M0.75	-0.0128	-0.0036	-0.000211999999999999	-0.000766	0.000794795571200544	100
416_Teno_5927_2001	North-Norway	M0.75	-0.0144	-0.0087	0.000369	0.000397999999999999	0.000542738426868781	100
417_Teno_5931_2001	North-Norway	M0.75	-0.0149	-0.0187	-0.000149	-0.000256999999999998	0.000297069015550258	100
418_Teno_5933_2001	North-Norway	M0.75	-0.0066	-0.016	-0.000436	-0.001011	0.00110100726609773	100
419_Teno_5934_2001	North-Norway	M0.75	-0.0157	-0.0099	0.000357999999999999	0.001278	0.00132719553947412	100
420_Teno_5937_2001	North-Norway	M0.75	-0.0065	-0.0129	-4.10000000000004e-05	-0.00025	0.000253339692902632	100
421_Teno_5939_2001	North-Norway	M0.75	-0.009	-0.0172	-1.20000000000007e-05	-0.000454	0.000454158562618828	100
422_Teno_5943_2001	North-Norway	M0.75	-0.012	-0.0091	-0.00016	-9.19999999999996e-05	0.000184564351920949	100
423_Teno_5944_2001	North-Norway	M0.75	-0.0112	-0.0141	0.000408	0.000598	0.000723925410522382	100
424_Teno_5945_2001	North-Norway	M0.75	-0.0126	-0.0082	-0.000251	-0.001133	0.00116046973247905	100
425_Teno_5948_2001	North-Norway	M0.75	-0.0141	-0.0154	-0.00057	-0.000608	0.00083340506357953	100
426_Teno_5952_2001	North-Norway	M0.75	-0.0133	-0.0182	-0.000183000000000001	1.50000000000008e-05	0.000183613724977193	100
427_Teno_5953_2001	North-Norway	M0.75	-0.0094	-0.0081	0.000704	-0.000126	0.000715186688914161	100
428_Teno_5956_2001	North-Norway	M0.75	-0.0061	-0.01	0.000199	0.000307	0.000365855162598535	100
429_Teno_5957_2001	North-Norway	M0.75	-0.0089	-0.0129	3.99999999999994e-06	0.000161	0.000161049681775532	100
430_Teno_5958_2001	North-Norway	M0.75	-0.011	-0.0148	0.000467999999999999	0.000371000000000001	0.000597214366873403	100
431_Teno_5959_2001	North-Norway	M0.75	-0.0149	-0.0136	8.00000000000005e-06	-0.000720000000000001	0.000720044443072788	100
432_Teno_5961_2001	North-Norway	M0.75	-0.0029	-0.0092	-0.000518	-0.000591	0.000785878489335343	100
433_Teno_5965_2001	North-Norway	M0.75	-0.0078	-0.0089	0.000126	-0.001009	0.00101683676172727	100
434_Teno_5966_2001	North-Norway	M0.75	-0.0107	-0.0195	0.00023	0.00071	0.000746324326281812	100
435_Teno_5967_2001	North-Norway	M0.75	-0.0126	-0.0026	-0.000261	-5e-05	0.000265746119444856	100
436_Teno_5971_2001	North-Norway	M0.75	-0.0084	-0.0104	-0.000503000000000001	-0.000320000000000001	0.000596161890764582	100
437_Teno_5974_2001	North-Norway	M0.75	-0.0111	-0.0192	-0.000692999999999999	-0.000955000000000002	0.00117994660896161	100
438_Teno_5976_2001	North-Norway	M0.75	-0.021	-0.0167	0.000359000000000001	-0.000145000000000001	0.000387176962124557	100
439_Teno_5978_2001	North-Norway	M0.75	-0.0109	-0.0121	-0.00098	-0.001008	0.00140586770359092	100
440_Teno_5982_2001	North-Norway	M0.75	-0.0121	-0.008	0.000194	4.30000000000002e-05	0.000198708328964842	100
441_Teno_5985_2001	North-Norway	M0.75	-0.012	-0.0118	-0.000604	-0.00046	0.000759220653038364	100
442_Teno_5988_2001	North-Norway	M0.75	-0.013	-0.0075	0.000277999999999999	0.001208	0.00123957573387026	100
443_Teno_5989_2001	North-Norway	M0.75	-0.0114	-0.014	-0.000253999999999999	-0.000373	0.000451270428900454	100
444_Teno_5990_2001	North-Norway	M0.75	-0.0158	-0.0201	-9.99999999998416e-07	-0.000202	0.00020200247523236	100
445_Teno_5991_2001	North-Norway	M0.75	-0.0136	-0.011	-0.000438000000000001	0.000126999999999999	0.000456040568370842	100
446_Teno_5992_2001	North-Norway	M0.75	-0.0098	-0.0136	0.000176	-0.000389000000000001	0.000426962527629768	100
447_Teno_5994_2001	North-Norway	M0.75	-0.0081	-0.013	0.000402	-0.000267000000000001	0.000482589888000153	100
448_Teno_5997_2001	North-Norway	M0.75	-0.0062	-0.0088	-0.000503	-4.79999999999996e-05	0.000505285068055647	100
449_Teno_6003_2001	North-Norway	M0.75	-0.0079	-0.0093	0.000710000000000001	-7.80000000000006e-05	0.000714271657004533	100
450_Teno_6006_2001	North-Norway	M0.75	-0.0112	-0.0084	0.001062	3.49999999999995e-05	0.00106257658547514	100
451_Teno_6007_2001	North-Norway	M0.75	-0.0112	-0.0127	-0.000307	-0.001552	0.00158207237508276	100
452_Teno_6012_2001	North-Norway	M0.75	-0.0116	-0.0091	0.001094	0.000436	0.00117768077168645	100
453_Teno_6013_2001	North-Norway	M0.75	-0.0166	-0.0128	-0.000386	-0.000479999999999999	0.00061595129677597	100
454_Teno_6015_2001	North-Norway	M0.75	-0.0064	-0.0161	0.000604	-0.000125	0.000616798994811114	100
455_Teno_6019_2001	North-Norway	M0.75	-0.0126	-0.0138	0.000577	-0.000341	0.000670231303357281	100
456_Teno_6024_2001	North-Norway	M0.75	-0.015	-0.0176	-0.000329000000000001	-0.000638999999999999	0.00071872247773393	100
457_Teno_6025_2001	North-Norway	M0.75	-0.001	-0.0152	0.000316	-0.000537	0.000623077041785364	100
458_Teno_6037_2001	North-Norway	M0.75	-0.0148	-0.0154	-0.000694999999999999	-0.000431	0.000817793372435849	100
459_Teno_6058_2001	North-Norway	M0.75	-0.0082	-0.0169	-0.000408999999999999	-0.001175	0.00124414870493844	100
460_Teno_6062_2001	North-Norway	M0.75	-0.0162	-0.0085	-0.000401000000000001	-0.000717999999999999	0.000822389810248157	100
461_Teno_6064_2001	North-Norway	M0.75	-0.0209	-0.0097	-0.000734000000000001	-0.002098	0.00222269206144261	100
462_Teno_6065_2001	North-Norway	M0.75	-0.0113	-0.0113	0.000154999999999999	-0.000685000000000001	0.000702317591976736	100
463_Teno_6066_2001	North-Norway	M0.75	-0.0106	-0.0219	-0.000625	-2.60000000000008e-05	0.00062554056623052	100
464_Teno_6069_2001	North-Norway	M0.75	-0.0147	-0.0105	-0.000187	-0.000289999999999999	0.000345063762223737	100
465_Teno_6074_2001	North-Norway	M0.75	-0.0064	-0.0112	0.000283	-0.000277	0.000396002525244474	100
466_Teno_6076_2001	North-Norway	M0.75	-0.01	-0.0082	-0.000855	0.000490000000000001	0.000985456746894556	100
467_Teno_6094_2001	North-Norway	M0.75	-0.0141	-0.0134	-0.001343	-0.000324	0.00138152994900581	100
468_Teno_6095_2001	North-Norway	M0.75	-0.0137	-0.0219	-0.000159	-0.000350000000000001	0.000384422944164367	100
469_Teno_6096_2001	North-Norway	M0.75	-0.0143	-0.0152	0.000839	-0.00066	0.00106748348933368	100
470_Teno_6102_2001	North-Norway	M0.75	-0.0132	-0.0101	-0.000876	-0.000352	0.000944076268105496	100
471_Teno_6103_2001	North-Norway	M0.75	-0.0146	-0.0104	0.000258	2.29999999999995e-05	0.000259023164987227	100
472_Teno_6107_2001	North-Norway	M0.75	-0.0124	-0.0119	-0.000397	-0.000239999999999999	0.000463906240527113	100
473_Teno_6108_2001	North-Norway	M0.75	-0.006	-0.0101	-9.19999999999999e-05	-0.000723	0.000728829884129349	100
474_Teno_6110_2001	North-Norway	M0.75	-0.011	-0.0121	-0.000833000000000001	0.000168	0.000849772322448784	100
475_Teno_6129_2001	North-Norway	M0.75	-0.0129	-0.0098	-0.000216	0.000293	0.000364012362427432	100
476_Teno_6170_2001	North-Norway	M0.75	-0.0057	-0.0166	0.00093	0.000373	0.00100201247497224	100
477_Teno_6213_2001	North-Norway	M0.75	-0.007	-0.0061	-0.000811	-7.9999999999995e-06	0.000811039456500114	100
478_Teno_6230_2001	North-Norway	M0.75	-0.0082	-0.0228	-0.000101999999999999	-0.000182999999999999	0.000209506563143018	100
479_Teno_6282_2001	North-Norway	M0.75	-0.0176	-0.0123	-0.000466999999999999	-0.000134	0.000485844625369057	100
480_Teno_6283_2001	North-Norway	M0.75	-0.0092	-0.0092	0.000345	-0.000616	0.0007060318689691	100
481_Teno_1996_2002	North-Norway	M0.75	-0.0036	-0.0143	-0.000951	-8.49999999999997e-05	0.000954791076623572	100
482_Teno_1999_2002	North-Norway	M0.75	-0.0072	-0.0106	-0.000591	-0.00106	0.00121362308811261	100
483_Teno_2397_2002	North-Norway	M0.75	-0.0128	-0.0156	-1.69999999999994e-05	0.000372999999999999	0.000373387198495073	100
484_Teno_2448_2002	North-Norway	M0.75	-0.0062	-0.0159	-0.00047	-0.000936999999999999	0.00104826952641007	100
485_Teno_2548_2002	North-Norway	M0.75	-0.0071	-0.0163	0.000314	-0.000137000000000002	0.000342585755687537	100
486_Teno_2552_2002	North-Norway	M0.75	-0.0059	-0.0087	-0.000374	-0.000118000000000001	0.000392173431022552	100
487_Teno_2553_2002	North-Norway	M0.75	-0.0124	-0.0199	-0.000425	-0.000384999999999999	0.000573454444572539	100
488_Teno_2646_2002	North-Norway	M0.75	-0.0065	-0.0152	-0.000613	0.000638	0.000884767201019568	100
489_Teno_2647_2002	North-Norway	M0.75	-0.0077	-0.0094	-5.9999999999998e-06	0.000102	0.000102176318195559	100
490_Teno_2649_2002	North-Norway	M0.75	-0.0106	-0.0098	0.000487	-8.10000000000003e-05	0.000493690186250446	100
491_Teno_2655_2002	North-Norway	M0.75	-0.0058	-0.0141	0.000151	0.000119	0.000192255038945667	100
492_Teno_2656_2002	North-Norway	M0.75	-0.0116	-0.0087	0.000206999999999999	0.000121999999999999	0.00024027692356945	100
493_Teno_2657_2002	North-Norway	M0.75	-0.015	-0.0121	0.000145999999999999	-0.000284	0.000319330549744305	100
494_Teno_2658_2002	North-Norway	M0.75	-0.0119	-0.0122	-0.000126999999999999	-0.002495	0.00249823017354286	100
495_Teno_2693_2002	North-Norway	M0.75	-0.0072	-0.0047	0.000202	-0.000589	0.000622675678021873	100
496_Teno_2697_2002	North-Norway	M0.75	-0.0117	-0.0135	-0.000993	0.000214	0.00101579771608328	100
497_Teno_2702_2002	North-Norway	M0.75	-0.0109	-0.01	-0.000631	0.000376	0.000734531823680908	100
498_Teno_2703_2002	North-Norway	M0.75	-0.0105	-0.0122	0.000148000000000001	-0.001499	0.00150628848498553	100
499_Teno_2704_2002	North-Norway	M0.75	-0.0125	-0.0124	0.000186000000000001	0.000117999999999999	0.000220272558436134	100
4_49	Spain-Cant	M0.75	6e-04	0.0222	-0.000182	-0.000827000000000001	0.000846789820439524	100
4_50	Spain-Cant	M0.75	-0.0012	0.025	-0.00016	0.000594999999999999	0.000616137160054479	100
4_51	Spain-Cant	M0.75	0.0013	0.0282	-0.000335	0.000308000000000001	0.000455070324235717	100
4_52	Spain-Cant	M0.75	-0.0061	0.027	-6.09999999999996e-05	-0.000257	0.000264140114333283	100
4_53	Spain-Cant	M0.75	0.0032	0.0259	-0.000337	0.000417000000000001	0.000536151098105749	100
4_54	Spain-Cant	M0.75	0.0014	0.0185	-0.000347	0.000324000000000001	0.000474747301203494	100
4_55	Spain-Cant	M0.75	-0.0013	0.0219	0.000193	0.000914000000000001	0.000934154698109473	100
4_56	Spain-Cant	M0.75	0.001	0.0224	-0.000287	-0.000655	0.000715118172052704	100
4_57	Spain-Cant	M0.75	0	0.0133	-8.4e-05	0.000158000000000001	0.000178941331167509	100
4_58	Spain-Cant	M0.75	0.003	0.0145	0.000639	-0.000295000000000001	0.000703808212512472	100
4_59	Spain-Cant	M0.75	0.001	0.0212	0.000552	-0.000569	0.000792757844489728	100
4_60	Spain-Cant	M0.75	0.0028	0.0222	0.001025	-0.001146	0.00153751130077148	100
4_61	Spain-Cant	M0.75	-0.01	0.0283	0.000645	-0.000439999999999999	0.000780784861533572	100
4_62	Spain-Cant	M0.75	0.0015	0.0216	-0.000802	-0.000647000000000001	0.00103044310857029	100
4_63	Spain-Cant	M0.75	-0.007	0.0311	0.000328	0.000843000000000001	0.000904562325105353	100
500_Teno_2705_2002	North-Norway	M0.75	-0.0077	-0.0128	0.000487	-0.000572999999999999	0.000751996010627716	100
501_Teno_2708_2002	North-Norway	M0.75	-0.0082	-0.0115	0.000558000000000001	-0.000799	0.000974558874568387	100
502_Teno_2711_2002	North-Norway	M0.75	-0.0138	-0.0177	9.29999999999999e-05	0.000383	0.000394129420368488	100
503_Teno_2714_2002	North-Norway	M0.75	-0.0126	-0.0154	-0.000433	5.30000000000006e-05	0.000436231589869418	100
504_Teno_2716_2002	North-Norway	M0.75	-0.0105	-0.0215	0.000252000000000001	-0.000364000000000002	0.000442718872423575	100
505_Teno_2718_2002	North-Norway	M0.75	-0.0062	-0.0113	-1.00000000000001e-05	0.000687999999999999	0.000688072670580658	100
506_Teno_2719_2002	North-Norway	M0.75	-0.0148	-0.0144	-0.000413999999999999	0.000256	0.000486756612692626	100
507_Teno_2723_2002	North-Norway	M0.75	-0.0154	-0.0104	-0.000626	-0.000429	0.000758891955419215	100
508_Teno_2742_2002	North-Norway	M0.75	-0.0139	-0.0123	-0.000429000000000001	-0.000329	0.000540631112682206	100
509_Teno_2744_2002	North-Norway	M0.75	-0.0128	-0.0137	0.000169000000000001	6.00000000000029e-06	0.00016910647533433	100
510_Teno_2748_2002	North-Norway	M0.75	-0.0157	-0.0181	-0.000714000000000001	-0.000647999999999998	0.000964209520799292	100
511_Teno_2928_2002	North-Norway	M0.75	-0.0149	-0.0155	-0.000141	-0.000954	0.000964363520670499	100
512_Teno_2931_2002	North-Norway	M0.75	-0.0174	-0.0101	-0.000245000000000001	-0.000856000000000001	0.000890371270875246	100
513_Teno_2960_2002	North-Norway	M0.75	-0.0106	-0.0168	0.000229	0.000149999999999999	0.000273753538789912	100
514_Teno_2973_2002	North-Norway	M0.75	-0.013	-0.0104	-0.000474000000000001	-0.000137	0.000493401459260105	100
515_Teno_2975_2002	North-Norway	M0.75	-0.0093	-0.0124	0.000631999999999999	0.000314	0.000705705320937853	100
516_Teno_3170_2002	North-Norway	M0.75	-0.014	-0.014	0.000297	-0.000905	0.000952488320138362	100
517_Teno_3173_2002	North-Norway	M0.75	-0.009	-0.0126	5.19999999999994e-05	-0.000827	0.000828633211982237	100
518_Teno_3343_2002	North-Norway	M0.75	-0.0157	-0.0152	-0.000320000000000001	-0.000134	0.000346923622718317	100
519_Teno_3434_2002	North-Norway	M0.75	-0.013	-0.021	0.000124999999999999	-0.001412	0.00141752213386599	100
520_Teno_3439_2002	North-Norway	M0.75	-0.0139	-0.014	-0.001219	9.70000000000002e-05	0.00122285322095499	100
521_Teno_3440_2002	North-Norway	M0.75	-0.0147	-0.0127	-0.000243	0.000857999999999999	0.000891747161475717	100
522_Teno_3441_2002	North-Norway	M0.75	-0.017	-0.0143	-0.000511999999999999	0.000334	0.000611310068623116	100
523_Teno_3442_2002	North-Norway	M0.75	-0.0157	-0.0141	0.000417999999999999	2.79999999999997e-05	0.000418936749402578	100
524_Teno_3444_2002	North-Norway	M0.75	-0.0116	-0.016	-1.20000000000007e-05	-0.000196	0.000196367003338137	100
525_Teno_3445_2002	North-Norway	M0.75	-0.0131	-0.0151	0.000295	-9.59999999999995e-05	0.00031022733599733	100
526_Teno_3449_2002	North-Norway	M0.75	-0.007	-0.015	-0.000146	0.000828	0.000840773453434395	100
527_Teno_3451_2002	North-Norway	M0.75	-0.0147	-0.0152	6.69999999999995e-05	0.000294	0.000301537725666292	100
528_Teno_3453_2002	North-Norway	M0.75	-0.0153	-0.0151	0.000399999999999999	0.000845000000000001	0.000934893042010689	100
529_Teno_3455_2002	North-Norway	M0.75	-0.0175	-0.0131	8.60000000000016e-05	-9.29999999999995e-05	0.00012666885963014	100
530_Teno_3457_2002	North-Norway	M0.75	-0.0089	-0.0064	-0.00072	0.000433	0.000840172006198731	100
531_Teno_3459_2002	North-Norway	M0.75	-0.0114	-0.0147	-0.000685	-0.000619000000000001	0.000923247529105819	100
532_Teno_3468_2002	North-Norway	M0.75	-0.0124	-0.0142	-0.000316	-0.000500999999999999	0.000592331832674895	100
533_Teno_3469_2002	North-Norway	M0.75	-0.0142	-0.0134	-8.89999999999992e-05	0.000559000000000001	0.000566040634583773	100
534_Teno_3470_2002	North-Norway	M0.75	-0.0093	-0.0114	8.99999999999917e-06	-0.000623	0.000623065004634347	100
535_Teno_3471_2002	North-Norway	M0.75	-0.0106	-0.0108	-5.99999999999984e-06	-0.001262	0.00126201426299389	100
536_Teno_3477_2002	North-Norway	M0.75	-0.01	-0.0106	-0.000462	-0.001019	0.00111884091809336	100
537_Teno_3478_2002	North-Norway	M0.75	-0.0085	-0.0124	-0.000116999999999999	-0.000321	0.000341657723460191	100
538_Teno_3479_2002	North-Norway	M0.75	-0.0084	-0.0132	-0.000379000000000001	0.001038	0.00110502714898775	100
539_Teno_3480_2002	North-Norway	M0.75	-0.0131	-0.0103	-0.001489	-0.000141	0.00149566105786037	100
540_Teno_3486_2002	North-Norway	M0.75	-0.0088	-0.0136	0.001073	0.001275	0.00166641951500815	100
541_Teno_3490_2002	North-Norway	M0.75	-0.0116	-0.0169	7.09999999999992e-05	-0.000254000000000002	0.000263736611034571	100
542_Teno_3492_2002	North-Norway	M0.75	-0.0135	-0.0137	-5.00000000000003e-05	-0.000107	0.000118105884696741	100
543_Teno_3493_2002	North-Norway	M0.75	-0.0122	-0.013	-0.000550999999999999	-3.10000000000007e-05	0.000551871361822662	100
544_Teno_3502_2002	North-Norway	M0.75	-0.0017	0.0019	-4e-05	0.001217	0.00121765717671272	100
545_Teno_3506_2002	North-Norway	M0.75	-0.0109	-0.0158	1.8e-05	-0.000667999999999999	0.000668242470963944	100
546_Teno_3508_2002	North-Norway	M0.75	-0.0132	-0.009	-0.000314	-0.000579000000000001	0.000658663039801081	100
547_Teno_3510_2002	North-Norway	M0.75	-0.0075	-0.0132	-0.000902	-0.000401	0.000987119546964804	100
548_Teno_3511_2002	North-Norway	M0.75	-0.0157	-0.0124	0.000347999999999999	-0.00012	0.00036810867960427	100
549_Teno_3512_2002	North-Norway	M0.75	-0.0089	-0.0117	0.000121	-0.000401	0.000418857971154901	100
550_Teno_3520_2002	North-Norway	M0.75	-0.0113	-0.0148	-0.000725000000000001	-0.000823999999999999	0.00109754316543815	100
551_Teno_3526_2002	North-Norway	M0.75	-0.0115	-0.0039	0.001195	-0.000877	0.00148228000053971	100
552_Teno_3528_2002	North-Norway	M0.75	-0.0129	-0.0116	-0.00098	0.000185999999999999	0.000997494862142157	100
553_Teno_3533_2002	North-Norway	M0.75	-0.009	-0.0098	-0.000203000000000001	0.00087	0.000893369464443463	100
554_Teno_3537_2002	North-Norway	M0.75	-0.0074	-0.0151	-3.39999999999996e-05	-0.001051	0.00105154980861583	100
555_Teno_3538_2002	North-Norway	M0.75	-0.0114	-0.0128	-0.000512	0.000645000000000001	0.000823510169943274	100
556_Teno_3725_2002	North-Norway	M0.75	-0.0163	-0.0075	0.000307999999999998	-0.000133	0.000335489195057008	100
557_Teno_3732_2002	North-Norway	M0.75	-0.0109	-0.0164	-0.000599	-0.001274	0.00140779153286273	100
558_Teno_3733_2002	North-Norway	M0.75	-0.0139	-0.01	-0.000386000000000001	-0.000378	0.000540259197052674	100
559_Teno_3734_2002	North-Norway	M0.75	-0.0146	-0.0127	-0.000183	-9.40000000000006e-05	0.00020573040611441	100
560_Teno_3739_2002	North-Norway	M0.75	-0.0114	-0.0108	-0.000571	0.000154000000000001	0.000591402570166887	100
561_Teno_3740_2002	North-Norway	M0.75	-0.0113	-0.0119	0.000887999999999999	-0.000378999999999999	0.000965497281197621	100
562_Teno_3741_2002	North-Norway	M0.75	-0.0141	-0.0121	0.000328	-0.000367	0.00049221235254715	100
563_Teno_3743_2002	North-Norway	M0.75	-0.013	-0.0146	7.09999999999994e-05	0.000386	0.000392475476940917	100
564_Teno_3747_2002	North-Norway	M0.75	-0.0081	-0.0138	-7.20000000000005e-05	0.000613	0.000617213901334051	100
565_Teno_3748_2002	North-Norway	M0.75	-0.006	-0.0064	-0.000485	-0.000434	0.000650831007251498	100
566_Teno_3813_2002	North-Norway	M0.75	-0.0105	-0.0045	-0.000346999999999999	0.000328	0.000477486125452876	100
567_Teno_3816_2002	North-Norway	M0.75	-0.0128	-0.0113	-0.000767999999999999	0.000968999999999999	0.00123644045550119	100
568_Teno_3821_2002	North-Norway	M0.75	-0.0148	-0.0165	-0.000274999999999999	-0.000736999999999999	0.000786634603866368	100
569_Teno_3822_2002	North-Norway	M0.75	-0.0198	-0.0141	-0.000502999999999998	0.000625	0.000802268035010743	100
570_Teno_3930_2002	North-Norway	M0.75	-0.0095	-0.0113	-0.000791	0.000633999999999999	0.00101372432149969	100
571_Teno_3931_2002	North-Norway	M0.75	-0.0062	-0.008	6.19999999999998e-05	0.000128	0.000142225173580488	100
572_Teno_3938_2002	North-Norway	M0.75	-0.0127	-0.0087	-0.000787	0.000569999999999999	0.000971735046193148	100
573_Teno_3941_2002	North-Norway	M0.75	-0.0161	-0.0115	-6.70000000000003e-05	-0.00025	0.000258822332884935	100
574_Teno_3980_2002	North-Norway	M0.75	-0.0124	-0.0113	5.69999999999996e-05	0.000763999999999999	0.000766123358213283	100
575_Teno_3982_2002	North-Norway	M0.75	-0.0098	-0.0129	0.001274	-0.000578	0.00139898534659946	100
576_Teno_3984_2002	North-Norway	M0.75	-0.0139	-0.0146	0.000341999999999999	0.000274	0.000438223687173571	100
577_Teno_3989_2002	North-Norway	M0.75	-0.0067	-0.0142	0.000111	2.40000000000007e-05	0.000113564959384487	100
578_Teno_3990_2002	North-Norway	M0.75	-0.0047	-0.0145	-0.000212	0.000223000000000001	0.000307689778835762	100
579_Teno_3993_2002	North-Norway	M0.75	-0.0134	-0.0146	-0.000854	-0.000357	0.000925616011097474	100
580_Teno_3994_2002	North-Norway	M0.75	-0.0065	-0.006	0.00117	0.000418	0.00124242665779514	100
581_Teno_3996_2002	North-Norway	M0.75	-0.0103	-0.0155	0.000323	-0.000176	0.000367838279682798	100
582_Teno_4001_2002	North-Norway	M0.75	-0.0147	-0.0084	-0.000141000000000001	0.000673	0.000687611809089983	100
583_Teno_4124_2002	North-Norway	M0.75	-0.014	-0.0168	-0.000416	0.000169999999999999	0.000449395149061491	100
584_Teno_4134_2002	North-Norway	M0.75	-0.0155	-0.0146	-0.000562	0.001332	0.00144570674758057	100
585_Teno_4135_2002	North-Norway	M0.75	-0.0172	-0.0159	0.000425	8.4000000000001e-05	0.000433221652275138	100
586_Teno_4144_2002	North-Norway	M0.75	-0.0079	-0.0105	-0.00121	0.000198000000000001	0.00122609298179216	100
587_Teno_4146_2002	North-Norway	M0.75	-0.0122	-0.0066	-0.000617999999999999	-0.001587	0.00170308338022541	100
588_Teno_4160_2002	North-Norway	M0.75	-0.0133	-0.0097	0.000755999999999999	2.40000000000002e-05	0.000756380856447332	100
589_Teno_4191_2002	North-Norway	M0.75	-0.0113	-0.012	0.000402999999999999	0.000635	0.000752086431203223	100
590_Teno_4233_2002	North-Norway	M0.75	-0.0058	-0.0114	-0.000612	-0.000123	0.000624237935406044	100
591_Teno_4235_2002	North-Norway	M0.75	-0.0131	-0.0138	0.000112000000000001	0.000108	0.000155589202710214	100
592_Teno_4236_2002	North-Norway	M0.75	-0.0082	-0.0103	-0.000551999999999999	0.000373	0.00066620792550074	100
593_Teno_4243_2002	North-Norway	M0.75	-0.0081	-0.0121	0.00019	-0.000135	0.000233077240416133	100
594_Teno_4244_2002	North-Norway	M0.75	-0.0114	-0.0173	-0.000352	0.000222999999999999	0.00041669293250546	100
595_Teno_4288_2002	North-Norway	M0.75	-0.0083	-0.0125	-0.000116	-0.000998999999999999	0.00100571218546859	100
596_Teno_4290_2002	North-Norway	M0.75	-0.012	-0.0066	-0.000187	0.000367	0.000411895617845104	100
597_Teno_4294_2002	North-Norway	M0.75	-0.007	-0.012	-0.001037	1.50000000000002e-05	0.00103710848034331	100
598_Teno_4300_2002	North-Norway	M0.75	-0.0179	-0.0106	0.000215999999999999	-0.000593	0.000631114094280899	100
599_Teno_4313_2002	North-Norway	M0.75	-0.0121	-0.0069	-0.000492	-0.000105	0.000503079516577648	100
5_64	Spain-Cant	M0.75	-4e-04	0.0198	0.000859	0.001457	0.00169136926778276	100
5_65	Spain-Cant	M0.75	-0.0048	0.0406	0.00025	-0.000905999999999997	0.00093985956397751	100
5_66	Spain-Cant	M0.75	4e-04	0.026	-0.000392	0.001285	0.00134346157369685	100
5_67	Spain-Cant	M0.75	-0.0014	0.0387	0.000426	-7.29999999999985e-05	0.000432209439970947	100
5_68	Spain-Cant	M0.75	-6e-04	0.0297	0.000703	0.0012	0.00139075842618335	100
5_69	Spain-Cant	M0.75	0.0033	0.029	-6e-05	0.000887999999999998	0.000890024718757854	100
5_70	Spain-Cant	M0.75	-0.0012	0.0289	0.000473	0.001291	0.001374921815959	100
5_71	Spain-Cant	M0.75	-0.0024	0.0308	-0.000291	-0.000121000000000001	0.000315153930643424	100
5_72	Spain-Cant	M0.75	-5e-04	0.0263	0.000381	0.000882	0.000960773126185365	100
5_73	Spain-Cant	M0.75	2e-04	0.022	0.001364	0.000946000000000001	0.00165994337252811	100
5_74	Spain-Cant	M0.75	0.0012	0.0266	-2.29999999999998e-05	-0.000547999999999999	0.000548482451861496	100
5_75	Spain-Cant	M0.75	-0.003	0.0209	0.000769	0.000759000000000002	0.0010804822997162	100
5_76	Spain-Cant	M0.75	-7e-04	0.0261	-0.000163	0.001122	0.00113377819700327	100
5_77	Spain-Cant	M0.75	-3e-04	0.0067	-0.001429	0.00079	0.00163283220203424	100
5_78	Spain-Cant	M0.75	-8e-04	0.0241	0.000999	-0.000394	0.00107388872794159	100
5_79	Spain-Cant	M0.75	0.0072	0.0177	0.000815	0.000478999999999999	0.000945339092601168	100
600_Teno_4318_2002	North-Norway	M0.75	-0.0117	-0.0097	-0.000612	0.000383	0.00072196468057655	100
601_Teno_4337_2002	North-Norway	M0.75	-0.01	-0.0141	-0.000778	-5.90000000000004e-05	0.000780233939277189	100
602_Teno_4342_2002	North-Norway	M0.75	-0.0138	-0.0101	-0.000242	-9.80000000000003e-05	0.000261090022789076	100
603_Teno_4367_2002	North-Norway	M0.75	-0.0106	-0.0085	0.000325	-0.000673999999999999	0.000748265327273688	100
604_Teno_4410_2002	North-Norway	M0.75	-0.0112	-0.0119	0.000114	-0.000508999999999999	0.000521610007572707	100
605_Teno_4417_2002	North-Norway	M0.75	-0.0091	-0.0127	0.000504	0.00035	0.000613608996022712	100
606_Teno_4425_2002	North-Norway	M0.75	-0.0108	-0.0124	0.000573	0.000104	0.000582361571534387	100
607_Teno_4432_2002	North-Norway	M0.75	-0.0098	-0.011	-0.000873	-0.000219000000000001	0.000900049998611189	100
608_Teno_4443_2002	North-Norway	M0.75	-0.0137	-0.0148	0.000372	-0.000704999999999999	0.000797125460639666	100
609_Teno_4444_2002	North-Norway	M0.75	-0.0135	-0.0102	0.000376	0.000116000000000001	0.000393486975642143	100
610_Teno_4451_2002	North-Norway	M0.75	-0.0127	-0.0151	-0.000603000000000001	-0.000120999999999999	0.000615020324867399	100
611_Teno_4453_2002	North-Norway	M0.75	-0.0156	-0.0127	0.000846999999999999	0.000418	0.000944527924415154	100
612_Teno_4461_2002	North-Norway	M0.75	-0.0141	-0.01	0.000201	-0.000741	0.000767777311464724	100
613_Teno_4468_2002	North-Norway	M0.75	-0.0141	-0.0077	-8.20000000000004e-05	-0.000331	0.000341005865052201	100
614_Teno_4475_2002	North-Norway	M0.75	-0.0112	-0.0139	-0.000209	-0.000121000000000001	0.000241499482401102	100
615_Teno_4477_2002	North-Norway	M0.75	-0.0144	-0.0126	0.000167	-0.000605	0.000627625684624203	100
616_Teno_4478_2002	North-Norway	M0.75	-0.0138	-0.008	-0.000808	-6.49999999999998e-05	0.000810610263936992	100
617_Teno_4479_2002	North-Norway	M0.75	-0.0035	-0.0208	0.000544	0.000259999999999999	0.000602939466281649	100
618_Teno_4485_2002	North-Norway	M0.75	-0.0105	-0.0182	0.000708000000000001	-0.000188999999999999	0.000732792603674464	100
619_Teno_4532_2002	North-Norway	M0.75	-0.0069	-0.0119	0.00017	0.000105000000000001	0.000199812412026881	100
620_Teno_4536_2002	North-Norway	M0.75	-0.012	-0.0149	-0.001708	-0.001096	0.00202940385335201	100
621_Teno_4537_2002	North-Norway	M0.75	-0.0114	-0.0123	0.000978	-0.000785	0.00125407695138696	100
622_Teno_4540_2002	North-Norway	M0.75	-0.0115	-0.0176	-0.000151	0.000200000000000001	0.000250601276932103	100
623_Teno_4542_2002	North-Norway	M0.75	-0.0103	-0.0082	0.000563	-0.000234999999999999	0.000610077044314896	100
624_Teno_4548_2002	North-Norway	M0.75	-0.0153	-0.0157	0.000152999999999999	-0.000611000000000001	0.000629865064914702	100
625_Teno_4556_2002	North-Norway	M0.75	-0.0022	-0.003	-0.000928	-0.001024	0.00138194066442811	100
626_Teno_4562_2002	North-Norway	M0.75	-0.0114	-0.016	-0.000134	0.000298	0.00032674148802991	100
627_Teno_4563_2002	North-Norway	M0.75	-0.0101	-0.013	-0.00097	-0.001327	0.00164372412527164	100
628_Teno_4570_2002	North-Norway	M0.75	-0.0067	-0.0157	-0.000298	-0.000127000000000001	0.000323933635178566	100
629_Teno_4579_2002	North-Norway	M0.75	-0.0162	-0.0132	0.000892999999999999	-0.000683	0.00112424997220369	100
630_Teno_4580_2002	North-Norway	M0.75	-0.0099	-0.0101	-0.001121	0.00081	0.001383018799583	100
631_Teno_4583_2002	North-Norway	M0.75	-0.0134	-0.0119	0.000223	-0.000518999999999999	0.00056488051833994	100
632_Teno_4592_2002	North-Norway	M0.75	-0.014	-0.0126	-0.001138	-0.000265	0.00116844726025611	100
633_Teno_4595_2002	North-Norway	M0.75	-0.0066	-0.0126	-0.000109	-0.000319	0.000337108291206253	100
634_Teno_4596_2002	North-Norway	M0.75	-0.0126	-0.0097	-0.000512	-0.001283	0.00138138807002232	100
635_Teno_4599_2002	North-Norway	M0.75	-0.0165	-0.0124	-0.000561999999999999	-0.000612	0.000830895902023833	100
636_Teno_4650_2002	North-Norway	M0.75	-0.0175	-0.0146	7.60000000000018e-05	0.000145	0.000163710109645068	100
637_Teno_4695_2002	North-Norway	M0.75	-0.0086	-0.0144	3.6e-05	-8.00000000000031e-06	3.68781778291717e-05	100
638_Teno_4775_2002	North-Norway	M0.75	-0.0109	-0.0137	-0.000107	-0.000577	0.000586837285795645	100
639_Teno_4788_2002	North-Norway	M0.75	-0.0137	-0.0099	-0.001151	6.50000000000008e-05	0.00115283389957097	100
640_Teno_4793_2002	North-Norway	M0.75	-0.0057	-0.0087	0.000356	-0.000298000000000001	0.000464262856580193	100
641_Teno_4794_2002	North-Norway	M0.75	-0.0146	-0.0117	0.00018	-0.000268	0.000322837420383697	100
642_Teno_2303_2003	North-Norway	M0.75	-0.0127	-0.0087	-0.000234000000000001	-0.000565000000000001	0.000611539859698451	100
643_Teno_2519_2003	North-Norway	M0.75	-0.0126	-0.0139	-0.001007	-1.70000000000008e-05	0.00100714348530882	100
644_Teno_2520_2003	North-Norway	M0.75	-0.0152	-0.0088	-0.000351	-0.000647999999999999	0.000736956579453633	100
645_Teno_2605_2003	North-Norway	M0.75	-0.0137	-0.0096	-0.000708	0.000525999999999999	0.000882009070248146	100
646_Teno_2608_2003	North-Norway	M0.75	-0.0057	-0.0179	0.000508	-0.001304	0.0013994570375685	100
647_Teno_2632_2003	North-Norway	M0.75	-0.0157	-0.0127	-0.000288000000000001	0.000346999999999999	0.000450946781782507	100
648_Teno_2635_2003	North-Norway	M0.75	-0.016	-0.0104	-0.000178	-7.30000000000005e-05	0.000192387629539947	100
649_Teno_2683_2003	North-Norway	M0.75	-0.0108	-0.0099	-0.000441999999999999	-7.79999999999992e-05	0.000448829589042433	100
650_Teno_2684_2003	North-Norway	M0.75	-0.0091	-0.0097	-0.000972999999999999	-0.000763	0.00123648615034702	100
651_Teno_2687_2003	North-Norway	M0.75	-0.014	-0.0134	-0.00076	-0.000765	0.00107834363725113	100
652_Teno_2689_2003	North-Norway	M0.75	-0.0148	-0.0118	-9.89999999999993e-05	-0.001347	0.00135063318484332	100
653_Teno_2690_2003	North-Norway	M0.75	-0.0081	-0.0125	-0.000296	0.000250000000000001	0.000387448061035283	100
654_Teno_2691_2003	North-Norway	M0.75	-0.0014	-0.0064	-0.000201	0.001022	0.0010415781295707	100
655_Teno_2692_2003	North-Norway	M0.75	-0.0124	-0.0152	-0.000410000000000001	-0.000199	0.000455742251716911	100
656_Teno_2776_2003	North-Norway	M0.75	-0.0144	-0.0075	-0.000804	-0.000549	0.000973558935041942	100
657_Teno_2788_2003	North-Norway	M0.75	-0.0055	-0.0107	0.00093	-0.000198	0.000950843835758533	100
658_Teno_2790_2003	North-Norway	M0.75	-0.0134	-0.0173	2.50000000000003e-05	-0.000245000000000001	0.000246272207120496	100
659_Teno_2792_2003	North-Norway	M0.75	-0.0118	-0.0114	-0.000561	-0.000473	0.000733791523526948	100
660_Teno_2798_2003	North-Norway	M0.75	-0.0113	-0.0143	-0.001032	-0.000337	0.00108563023170875	100
661_Teno_2799_2003	North-Norway	M0.75	-0.0101	-0.0071	-0.001169	-0.000639	0.00133224697410052	100
662_Teno_2800_2003	North-Norway	M0.75	-0.0086	-0.0114	0.000349	-0.000353	0.000496397018524487	100
663_Teno_2801_2003	North-Norway	M0.75	-0.0099	-0.0072	-0.000781999999999999	0.000541	0.000950896944994566	100
664_Teno_2804_2003	North-Norway	M0.75	-0.0127	-0.0159	0.000601999999999999	-2.19999999999991e-05	0.000602401859226878	100
665_Teno_2805_2003	North-Norway	M0.75	-0.0156	-0.0116	-0.000290000000000001	-0.000344000000000001	0.000449928883269346	100
666_Teno_2806_2003	North-Norway	M0.75	-0.0093	-0.0045	0.000266999999999999	-0.001024	0.00105823674099891	100
667_Teno_2808_2003	North-Norway	M0.75	-0.0157	-0.0112	-0.000938000000000001	1.59999999999999e-05	0.000938136450629653	100
668_Teno_2809_2003	North-Norway	M0.75	-0.0098	-0.0076	0.00028	0.000409	0.000495662183346682	100
669_Teno_2814_2003	North-Norway	M0.75	-0.0154	-0.0066	0.000848	-0.000278	0.000892405737319074	100
670_Teno_2816_2003	North-Norway	M0.75	-0.0137	-0.0053	-0.001468	-8.4e-05	0.00147040130576656	100
671_Teno_2820_2003	North-Norway	M0.75	-0.0041	-0.0219	0.000694	0.000428999999999999	0.000815890311255134	100
672_Teno_2822_2003	North-Norway	M0.75	-0.0079	-0.0094	1.80000000000007e-05	0.001381	0.00138111730131803	100
673_Teno_2824_2003	North-Norway	M0.75	-0.0175	-0.0157	-0.000112999999999998	-0.000290000000000001	0.000311237851168524	100
674_Teno_2827_2003	North-Norway	M0.75	-0.0059	-0.0136	-0.000789	-0.002325	0.00245522829895715	100
675_Teno_2853_2003	North-Norway	M0.75	-0.01	-0.0157	-0.000176	-0.000443000000000001	0.000476681235208605	100
676_Teno_2895_2003	North-Norway	M0.75	-0.0104	-0.0124	0.001563	-0.000408	0.00161537395051425	100
677_Teno_2929_2003	North-Norway	M0.75	-0.0155	-0.0144	-0.000562	0.000517	0.000763631455611933	100
678_Teno_2955_2003	North-Norway	M0.75	-0.0125	-0.0088	-0.000189999999999999	0.000660000000000001	0.000686804193347711	100
679_Teno_2989_2003	North-Norway	M0.75	-0.0111	-0.0141	-0.000807999999999999	-0.001732	0.00191120066973617	100
680_Teno_3022_2003	North-Norway	M0.75	-0.014	-0.0109	-0.000334	0.000271	0.00043011277590883	100
681_Teno_3024_2003	North-Norway	M0.75	-0.0082	-0.0143	0.000304000000000001	0.000288	0.000418760074505677	100
682_Teno_3025_2003	North-Norway	M0.75	-0.0042	-0.0054	0.000938	-0.000344	0.000999089585572785	100
683_Teno_3026_2003	North-Norway	M0.75	-0.0077	-0.0143	0.000501	-0.000154	0.000524134524716699	100
684_Teno_3033_2003	North-Norway	M0.75	-0.0087	-0.0109	0.001367	0.000191	0.00138027895731261	100
685_Teno_3035_2003	North-Norway	M0.75	-0.0107	-0.0067	-0.000338000000000001	0.000795	0.000863868624271076	100
686_Teno_3058_2003	North-Norway	M0.75	-0.0127	-0.0067	-0.001209	-0.00046	0.0012935536324405	100
687_Teno_3060_2003	North-Norway	M0.75	-0.0073	-0.0133	0.000838	-0.000432000000000001	0.000942797963510741	100
688_Teno_3061_2003	North-Norway	M0.75	-0.0163	-0.0108	-0.000603000000000002	-0.001212	0.00135371821292321	100
689_Teno_3062_2003	North-Norway	M0.75	-0.0113	-0.0124	6.49999999999993e-05	-0.000876	0.000878408219451526	100
690_Teno_3063_2003	North-Norway	M0.75	-0.0127	-0.0085	-0.000542	0.000422000000000001	0.000686911930308392	100
691_Teno_3069_2003	North-Norway	M0.75	-0.0143	-0.0127	-0.000688	-0.000182	0.000711665651833781	100
692_Teno_3086_2003	North-Norway	M0.75	-0.0125	-0.0059	-0.000272999999999999	0.000366	0.000456601576869813	100
693_Teno_3089_2003	North-Norway	M0.75	-0.0079	-0.0096	-0.000354999999999999	-0.000485000000000001	0.000601040764008566	100
694_Teno_3091_2003	North-Norway	M0.75	-0.0065	-0.0166	-0.000334	0.000865	0.000927243765144852	100
695_Teno_3137_2003	North-Norway	M0.75	-0.0109	-0.013	-0.000469	0.000199999999999999	0.000509863707278719	100
696_Teno_3139_2003	North-Norway	M0.75	-0.0158	-0.0044	-5.49999999999983e-05	-0.000239	0.000245246814454336	100
697_Teno_3141_2003	North-Norway	M0.75	-0.0161	-0.0131	-0.000861	-0.000578999999999999	0.00103757505752596	100
698_Teno_3144_2003	North-Norway	M0.75	-0.0195	-0.0124	0.000425	-0.000929	0.00102159972592009	100
699_Teno_3147_2003	North-Norway	M0.75	-0.0072	-0.0075	-0.000958	0.001988	0.00220678680438324	100
6_80	Spain-Cant	M0.75	0.0027	0.0281	0.000955	0.001591	0.00185561472294224	100
6_81	Spain-Cant	M0.75	-5e-04	0.0313	0.000196	0.000321999999999999	0.000376961536499414	100
6_82	Spain-Cant	M0.75	0.0058	0.0236	0.000433	-0.000121999999999999	0.00044985886675712	100
6_83	Spain-Cant	M0.75	-0.0031	0.0192	0.000188	0.000155000000000002	0.000243657546568951	100
6_84	Spain-Cant	M0.75	-0.0011	0.0288	0.000384	0.001133	0.00119630472706581	100
6_85	Spain-Cant	M0.75	-0.0018	0.0284	-7.80000000000001e-05	-0.000563000000000002	0.000568377515389202	100
6_86	Spain-Cant	M0.75	0.0031	0.0223	-0.000307	0.000775	0.000833591026823105	100
6_87	Spain-Cant	M0.75	8e-04	0.0233	-7.50000000000002e-05	0.000931999999999999	0.000935012834136515	100
6_88	Spain-Cant	M0.75	0.0012	0.0264	0.000449	0.001054	0.0011456513431232	100
6_89	Spain-Cant	M0.75	0.0061	0.0276	0.000365999999999999	-0.000113	0.000383046994505896	100
6_90	Spain-Cant	M0.75	-0.0048	0.0239	-0.000744	0.000502999999999999	0.000898078504363622	100
6_91	Spain-Cant	M0.75	0.0037	0.0235	0.000517	0.000392	0.000648808908693461	100
6_92	Spain-Cant	M0.75	-0.0016	0.0243	-0.001267	0.000868000000000001	0.00153581020962878	100
6_93	Spain-Cant	M0.75	9e-04	0.0283	-0.000131	0.000447000000000001	0.000465800386431786	100
6_94	Spain-Cant	M0.75	0.0037	0.033	-0.000578	9.29999999999987e-05	0.000585434027026103	100
6_95	Spain-Cant	M0.75	-0.0055	0.0275	0.000318	0.000422	0.000528401362602331	100
700_Teno_3151_2003	North-Norway	M0.75	-0.0096	-0.0141	0.000106999999999999	-0.000779	0.000786314186569211	100
701_Teno_3153_2003	North-Norway	M0.75	-0.0115	-0.0084	-0.000275	0.001395	0.00142184738984182	100
702_Teno_3154_2003	North-Norway	M0.75	-0.0113	-0.0123	-0.000169000000000001	-0.000471	0.000500401838525799	100
703_Teno_3155_2003	North-Norway	M0.75	-0.0165	-0.0088	-0.001331	-4.99999999999951e-06	0.00133100939140188	100
704_Teno_3159_2003	North-Norway	M0.75	-0.007	-0.0034	-0.000193	-0.000123	0.00022886240407721	100
705_Teno_3160_2003	North-Norway	M0.75	-0.0157	-0.0168	0.000507999999999999	0.000352999999999999	0.000618605690242175	100
706_Teno_3161_2003	North-Norway	M0.75	-0.0104	-0.0189	0.000914999999999999	0.000858	0.00125434803782682	100
707_Teno_3168_2003	North-Norway	M0.75	-0.0093	-0.0152	0.000620999999999999	0.000297	0.000688367634335025	100
708_Teno_3173_2003	North-Norway	M0.75	-0.0129	-0.0091	0.000122	-8.49999999999996e-05	0.000148690954667727	100
709_Teno_3179_2003	North-Norway	M0.75	-0.0142	-0.0121	-8.69999999999991e-05	-0.00158	0.00158239344033019	100
710_Teno_3184_2003	North-Norway	M0.75	-0.0152	-0.002	-0.00016	0.000144	0.000215257984753179	100
711_Teno_3186_2003	North-Norway	M0.75	-0.0086	-0.0094	-0.001268	-0.000413	0.00133356402171024	100
712_Teno_3189_2003	North-Norway	M0.75	-0.0105	-0.0041	0.000700000000000001	0.000241	0.000740324928663084	100
713_Teno_3192_2003	North-Norway	M0.75	-0.0034	-0.0085	-0.000589	-0.000196999999999999	0.000621071654481188	100
714_Teno_3193_2003	North-Norway	M0.75	-0.0127	-0.0089	-0.000507000000000001	-0.00063	0.000808671132166841	100
715_Teno_3196_2003	North-Norway	M0.75	-0.0083	-0.0115	0.000442	-0.000463	0.000640103897816597	100
716_Teno_3197_2003	North-Norway	M0.75	-0.0092	-0.0109	-0.000673	-0.000591	0.000895661766516803	100
717_Teno_3204_2003	North-Norway	M0.75	-0.0097	-0.017	-0.00065	0.000360000000000001	0.000743034319530397	100
718_Teno_3210_2003	North-Norway	M0.75	-0.0101	-0.0151	-0.000865	-0.00113	0.00142306886692106	100
719_Teno_3215_2003	North-Norway	M0.75	-0.0067	-0.0119	-0.000238	-8.79999999999992e-05	0.000253747906395303	100
720_Teno_3216_2003	North-Norway	M0.75	-0.0149	-0.0141	-0.000896	0.000977	0.0013256488977101	100
721_Teno_3217_2003	North-Norway	M0.75	-0.0037	-0.007	-0.000669	-0.000214	0.000702393764209222	100
722_Teno_3218_2003	North-Norway	M0.75	-0.006	-0.0142	0.00039	-0.001065	0.00113416268674295	100
723_Teno_3223_2003	North-Norway	M0.75	-0.007	-0.0149	0.000189	-5.70000000000001e-05	0.000197408206516345	100
724_Teno_3224_2003	North-Norway	M0.75	-0.0148	-0.0078	0.000873000000000001	0.000184	0.000892179914591223	100
725_Teno_3230_2003	North-Norway	M0.75	-0.0124	-0.0131	-0.000475	-0.000395999999999999	0.000618418143330223	100
726_Teno_3231_2003	North-Norway	M0.75	-0.0127	-0.0111	0.000654	-0.000166999999999999	0.000674985185022604	100
727_Teno_3233_2003	North-Norway	M0.75	-0.0127	-0.0133	0.000831	-0.000424000000000001	0.000932918538780316	100
728_Teno_3235_2003	North-Norway	M0.75	-0.0083	-0.0053	0.000175	-0.000244	0.000300268213435921	100
729_Teno_3244_2003	North-Norway	M0.75	-0.0094	-0.0154	-0.000721	-0.000103	0.000728319984622144	100
730_Teno_3245_2003	North-Norway	M0.75	-0.0167	-0.0145	-7.40000000000003e-05	-0.000123999999999999	0.000144402216049477	100
731_Teno_3249_2003	North-Norway	M0.75	-0.0144	-0.0148	4.19999999999996e-05	-3.39999999999991e-05	5.40370243444243e-05	100
732_Teno_3250_2003	North-Norway	M0.75	-0.0118	-0.0143	0.000257	-0.000377	0.000456265273716946	100
733_Teno_3251_2003	North-Norway	M0.75	-0.0101	-0.0113	-0.000681000000000001	0.00105	0.00125150349580015	100
734_Teno_3253_2003	North-Norway	M0.75	-0.0171	-0.0073	-0.000313999999999999	-0.00075	0.000813078102029565	100
735_Teno_3254_2003	North-Norway	M0.75	-0.0171	-0.011	-0.000645999999999999	0.000483999999999999	0.000807200099108021	100
736_Teno_3257_2003	North-Norway	M0.75	-0.0185	-0.0146	-0.000854000000000001	-0.000613	0.00105123023168096	100
737_Teno_3259_2003	North-Norway	M0.75	-0.0076	-0.0064	0.000385	-0.00049	0.00062315728351677	100
738_Teno_3265_2003	North-Norway	M0.75	-0.0055	-0.013	3.59999999999996e-05	0.000146999999999999	0.000151343979067553	100
739_Teno_3269_2003	North-Norway	M0.75	-0.0144	-0.0119	-0.000934	0.000773000000000001	0.00121238813916996	100
740_Teno_3272_2003	North-Norway	M0.75	-0.0121	-0.0126	0.000112	0.000492	0.000504586959799795	100
741_Teno_3277_2003	North-Norway	M0.75	-0.011	-0.0166	-0.000929000000000001	0.000439	0.00102750279804972	100
742_Teno_3278_2003	North-Norway	M0.75	-0.007	-0.0171	0.000363	-0.001313	0.00136225474856944	100
743_Teno_3294_2003	North-Norway	M0.75	-0.0153	-0.0149	0.000549999999999999	-0.001212	0.00133095604735844	100
744_Teno_3300_2003	North-Norway	M0.75	-0.0099	-0.017	-0.000193999999999999	-0.00108	0.00109728574218387	100
745_Teno_3302_2003	North-Norway	M0.75	-0.0134	-0.0132	-0.000963	0.000158	0.000975875504354935	100
746_Teno_3303_2003	North-Norway	M0.75	-0.0134	-0.0109	-0.000198	0.000621	0.000651801350105996	100
747_Teno_3305_2003	North-Norway	M0.75	-0.0106	-0.0077	-0.000403	-7e-04	0.000807718391520213	100
748_Teno_3307_2003	North-Norway	M0.75	-0.0176	-0.0081	0.000633000000000001	9.49999999999995e-05	0.000640089056303887	100
749_Teno_3308_2003	North-Norway	M0.75	-0.0101	-0.0145	0.000406	-0.000204999999999999	0.000454819744514241	100
750_Teno_3309_2003	North-Norway	M0.75	-0.0078	-0.0117	0.000606	-0.001387	0.00151360661996438	100
751_Teno_3317_2003	North-Norway	M0.75	-0.0106	-0.0124	0.000491	0.000437	0.000657305104194391	100
752_Teno_3319_2003	North-Norway	M0.75	-0.0075	-0.0143	0.000908	0.000223	0.000934982887543938	100
753_Teno_3320_2003	North-Norway	M0.75	-0.0092	-0.0089	4.79999999999998e-05	9.00000000000008e-06	4.8836461788299e-05	100
754_Teno_3321_2003	North-Norway	M0.75	-0.0133	-0.0184	-0.000894000000000001	-0.001442	0.00169664374575218	100
755_Teno_3347_2003	North-Norway	M0.75	-0.0175	-0.013	-0.000231999999999998	-0.001306	0.00132644638037125	100
756_Teno_3348_2003	North-Norway	M0.75	-0.0122	-0.0128	-0.000170999999999999	-0.000329999999999999	0.000371673243589042	100
757_Teno_3349_2003	North-Norway	M0.75	-0.0094	-0.0028	-8.99999999999953e-06	0.000181	0.00018122361876974	100
758_Teno_3351_2003	North-Norway	M0.75	-0.0137	-0.0145	-0.001321	0.000453000000000001	0.00139651351586728	100
759_Teno_3352_2003	North-Norway	M0.75	-0.0131	-0.0173	-0.001118	-0.000464	0.00121046272144168	100
760_Teno_3355_2003	North-Norway	M0.75	-0.0117	-0.0159	0.000443	-0.000335999999999999	0.000556008093466273	100
761_Teno_3360_2003	North-Norway	M0.75	-0.0179	-0.0212	0.000252999999999999	0.000534	0.000590901853102526	100
762_Teno_3402_2003	North-Norway	M0.75	-0.0069	-0.0057	-0.000137	-0.000238	0.000274614274938503	100
763_Teno_3409_2003	North-Norway	M0.75	-0.0182	-0.0074	0.000342000000000001	-0.000714	0.000791681754242196	100
764_Teno_3410_2003	North-Norway	M0.75	-0.0138	-0.0184	0.000902	-0.001015	0.00135787665124635	100
765_Teno_3498_2003	North-Norway	M0.75	-0.0131	-0.0156	-0.000657999999999999	0.000138999999999999	0.000672521375124984	100
766_Teno_3503_2003	North-Norway	M0.75	-0.0077	-0.0137	0.000437	-0.000658999999999999	0.000790727513116876	100
767_Teno_3504_2003	North-Norway	M0.75	-0.0116	-0.0101	3.99999999999913e-06	0.000753	0.000753010624095039	100
768_Teno_3505_2003	North-Norway	M0.75	-0.0077	-0.0126	-0.000618	0.000503	0.000796826831877542	100
769_Teno_3506_2003	North-Norway	M0.75	-0.0118	-0.0138	0.000727	0.000433	0.000846178468173233	100
770_Teno_3507_2003	North-Norway	M0.75	-0.0091	-0.0104	-0.00066	-0.000404	0.000773832023116128	100
771_Teno_3508_2003	North-Norway	M0.75	-0.0081	-0.0181	-0.000655000000000001	-0.000601999999999998	0.000889622953840557	100
772_Teno_3509_2003	North-Norway	M0.75	-0.0155	-0.0116	0.000153	0.000562999999999999	0.000583419231770773	100
773_Teno_3511_2003	North-Norway	M0.75	-0.0128	-0.0128	-0.000833999999999999	0.000374000000000001	0.000914019693442105	100
774_Teno_3513_2003	North-Norway	M0.75	-0.01	-0.0188	-0.00059	-0.000691999999999999	0.000909375609965431	100
775_Teno_3517_2003	North-Norway	M0.75	-0.0149	-0.0121	-0.000371	0.000144	0.000397966078956486	100
776_Teno_3548_2003	North-Norway	M0.75	-0.0126	-0.0086	0.000298	-0.000213	0.000366296328127924	100
777_Teno_3549_2003	North-Norway	M0.75	-0.0072	-0.011	0.000467	-0.000266000000000001	0.000537443020235634	100
778_Teno_3550_2003	North-Norway	M0.75	-8e-04	-0.0123	0.000326	0.000382	0.000502195181179589	100
779_Teno_3551_2003	North-Norway	M0.75	-0.0095	-0.014	0.000115	0.000582	0.000593252897169496	100
780_Teno_3557_2003	North-Norway	M0.75	-0.0174	-0.0087	-0.000868000000000001	0.000151999999999999	0.000881208261422918	100
781_Teno_3558_2003	North-Norway	M0.75	-0.005	-0.0093	0.001161	0.000168999999999999	0.00117323569669525	100
782_Teno_3566_2003	North-Norway	M0.75	-0.0124	-0.0136	-0.000202	-0.000689000000000001	0.000718000696378493	100
783_Teno_3567_2003	North-Norway	M0.75	-0.0095	-0.0135	0.000441	-0.00118	0.00125971465022838	100
784_Teno_3574_2003	North-Norway	M0.75	-0.0114	-0.0069	-0.000653	-0.001009	0.00120186937726194	100
785_Teno_3598_2003	North-Norway	M0.75	-0.0082	-0.0142	0.000592000000000001	-0.001489	0.00160236855935206	100
786_Teno_3649_2003	North-Norway	M0.75	-0.0134	-0.008	-0.000972999999999999	0.000173	0.000988260087224005	100
787_Teno_3650_2003	North-Norway	M0.75	-0.0109	-0.0113	0.000395	0.000333999999999999	0.000517282321368128	100
788_Teno_3653_2003	North-Norway	M0.75	-0.0118	-0.0084	-0.000181	-0.001597	0.00160722431539596	100
789_Teno_3657_2003	North-Norway	M0.75	-0.0166	-0.0115	0.000354	2.09999999999998e-05	0.000354622334322022	100
790_Teno_3660_2003	North-Norway	M0.75	-0.0155	-0.0099	0.000526	-0.000191999999999999	0.000559946426008774	100
791_Teno_3677_2003	North-Norway	M0.75	-0.0091	-0.0112	2.10000000000004e-05	0.000807	0.000807273187960556	100
792_Teno_3679_2003	North-Norway	M0.75	-0.0164	-0.0108	5.30000000000014e-05	-1.29999999999994e-05	5.45710545985702e-05	100
793_Teno_3681_2003	North-Norway	M0.75	-0.0137	-0.0114	-0.000514	-0.000391999999999999	0.000646420915503203	100
794_Teno_3683_2003	North-Norway	M0.75	-0.011	-0.0144	-0.000630000000000001	0.000497	0.000802439405812053	100
795_Teno_3684_2003	North-Norway	M0.75	-0.0101	-0.0075	-0.000502	-0.000207	0.000543003683228761	100
796_Teno_3685_2003	North-Norway	M0.75	-0.0148	-0.0131	-0.000599999999999999	-0.000195	0.000630892225344392	100
797_Teno_3687_2003	North-Norway	M0.75	-0.0156	-0.0137	-0.000498000000000001	-0.00082	0.000959376881105648	100
798_Teno_3688_2003	North-Norway	M0.75	-0.0058	-0.0142	-0.000454	0.000124000000000001	0.000470629365849604	100
799_Teno_3690_2003	North-Norway	M0.75	-0.0091	-0.0061	0.000257	0.000724	0.000768261023350789	100
7_100	Spain-Atl	M0.75	-4e-04	0.0425	-0.000478	-0.000176000000000003	0.000509372162568785	100
7_101	Spain-Atl	M0.75	-0.0021	0.0312	0.000375	7.90000000000014e-05	0.000383231000833701	100
7_102	Spain-Atl	M0.75	-0.0017	0.0193	-0.000123	0.000239999999999999	0.000269683147415628	100
7_103	Spain-Atl	M0.75	-4e-04	0.0474	1e-05	0.000627000000000002	0.000627079739746073	100
7_104	Spain-Atl	M0.75	0.0063	0.0295	0.00081	0.000813000000000002	0.00114763626641894	100
7_105	Spain-Atl	M0.75	0.0054	0.0502	1.79999999999997e-05	-0.000508000000000002	0.000508318797606386	100
7_106	Spain-Atl	M0.75	0.0037	0.0433	0.000126	-0.000862999999999998	0.000872149643123241	100
7_107	Spain-Atl	M0.75	0.0034	0.0424	0.000154	2.09999999999999e-05	0.000155425223178222	100
7_108	Spain-Atl	M0.75	0.0044	0.0489	-0.000264	0.000488000000000001	0.000554833308300791	100
7_109	Spain-Atl	M0.75	0.0015	0.043	0.000647	-0.000384999999999996	0.000752883789173334	100
7_110	Spain-Atl	M0.75	0.0015	0.0435	-0.000594	-0.000856999999999997	0.0010427295910254	100
7_111	Spain-Atl	M0.75	6e-04	0.0425	0.000521	-0.000333000000000003	0.000618328391714308	100
7_112	Spain-Atl	M0.75	0.0015	0.0464	0.000296	0.000636000000000003	0.000701506949359737	100
7_96	Spain-Atl	M0.75	-0.0015	0.0389	-0.000259	0.000942000000000003	0.000976957010313149	100
7_97	Spain-Atl	M0.75	-0.0055	0.0482	0.000376	0.000501	0.000626400031928479	100
7_98	Spain-Atl	M0.75	0.0014	0.0538	0.000799	0.000209999999999999	0.000826136187320226	100
7_99	Spain-Atl	M0.75	0.0013	0.0465	7.5e-05	-0.000251	0.000261965646602756	100
800_Teno_3692_2003	North-Norway	M0.75	-0.0128	-0.0144	0.000204000000000001	-0.001294	0.0013099816792612	100
801_Teno_3695_2003	North-Norway	M0.75	-0.0127	-0.0157	0.000178999999999999	0.000878999999999999	0.000897040690269955	100
802_Teno_3858_2003	North-Norway	M0.75	-0.0071	-0.0132	-0.000526	-0.000233	0.000575295576204093	100
803_Teno_3865_2003	North-Norway	M0.75	-0.0049	-0.0104	-0.000373	-0.000451	0.000585260625704481	100
804_Teno_3866_2003	North-Norway	M0.75	-0.0093	-0.0197	-0.000538000000000001	0.000340999999999999	0.000636965462172008	100
805_Teno_3870_2003	North-Norway	M0.75	-0.007	-0.0125	-0.000255	-0.000647999999999999	0.000696368436964226	100
806_Teno_3892_2003	North-Norway	M0.75	-0.0115	-0.0028	-9.30000000000003e-05	-0.001343	0.00134621617877665	100
807_Teno_3893_2003	North-Norway	M0.75	-0.0103	-0.0178	0.000524	0.000555	0.00076328304055573	100
808_Teno_3999_2003	North-Norway	M0.75	-0.0128	-0.0108	-0.000527999999999999	0.000232000000000001	0.000576721770006994	100
809_Teno_4000_2003	North-Norway	M0.75	-0.0121	-0.0169	0.000491	0.000388999999999998	0.00062641998690974	100
810_Teno_4006_2003	North-Norway	M0.75	-5e-04	-0.0056	4e-04	-0.000646	0.000759813134922002	100
811_Teno_4088_2003	North-Norway	M0.75	-0.0131	-0.0172	0.000650000000000001	0.001001	0.00119352461223052	100
812_Teno_4099_2003	North-Norway	M0.75	-0.0122	-0.0123	8.10000000000009e-05	0.000431	0.000438545322629258	100
813_Teno_4103_2003	North-Norway	M0.75	-0.0022	-0.0133	0.000694	-0.000730000000000001	0.00100724177832336	100
814_Teno_4105_2003	North-Norway	M0.75	-0.0057	-0.0115	-5.09999999999998e-05	-0.000549	0.000551363763771251	100
815_Teno_4112_2003	North-Norway	M0.75	-0.0102	-0.0144	-0.001044	-8.90000000000004e-05	0.00104778671493773	100
816_Teno_4115_2003	North-Norway	M0.75	-0.0068	-0.0119	0.000231	-0.000150999999999999	0.000275974636515749	100
817_Teno_4119_2003	North-Norway	M0.75	-0.0107	-0.0154	0.000519999999999999	-0.000634	0.000819973170292784	100
818_Teno_4123_2003	North-Norway	M0.75	-0.0013	-0.0093	-0.000591	-0.000334000000000001	0.000678849762465894	100
819_Teno_4124_2003	North-Norway	M0.75	-0.0126	-0.0159	-0.000509	-0.000924999999999999	0.00105579638188431	100
820_Teno_4139_2003	North-Norway	M0.75	-0.0073	-0.0099	-0.000197	-0.000100999999999999	0.000221382022757043	100
821_Teno_4152_2003	North-Norway	M0.75	-0.0067	-0.0157	0.000256	0.000836999999999999	0.000875274242737668	100
822_Teno_4154_2003	North-Norway	M0.75	-0.0179	-0.0116	2.59999999999991e-05	-0.000842000000000001	0.000842401329533614	100
823_Teno_4155_2003	North-Norway	M0.75	-0.0143	-0.0159	0.000407	-0.000490999999999999	0.000637753871019219	100
824_Teno_4158_2003	North-Norway	M0.75	-0.0138	-0.0119	0.000597	-0.000404999999999999	0.00072141111718631	100
8_113	Spain-Atl	M0.75	-0.001	0.0402	2.10000000000001e-05	-0.00029	0.000290759350666491	100
8_114	Spain-Atl	M0.75	-0.0036	0.0339	3.3e-05	0.001377	0.00137739536807701	100
8_115	Spain-Atl	M0.75	0.0043	0.0409	-0.001297	0.000850000000000001	0.00155071241692327	100
8_116	Spain-Atl	M0.75	-0.0011	0.0465	0.000326	0.000151	0.000359272876794227	100
8_117	Spain-Atl	M0.75	1e-04	0.0484	0.000358	0.000406000000000001	0.000541294744108975	100
8_118	Spain-Atl	M0.75	0.0024	0.0479	-0.000348	0.000808000000000002	0.000879754511213215	100
8_119	Spain-Atl	M0.75	-0.0015	0.0456	-1e-04	0.000634999999999998	0.000642825792886376	100
8_120	Spain-Atl	M0.75	-7e-04	0.0434	0.00011	-0.000150000000000001	0.000186010752377384	100
8_121	Spain-Atl	M0.75	0.0036	0.04	0.000479	0.000137999999999999	0.000498482697794016	100
8_122	Spain-Atl	M0.75	0.0062	0.0399	0.000118	-1.39999999999979e-05	0.000118827606220104	100
8_123	Spain-Atl	M0.75	8e-04	0.0472	-0.000348	0.000389000000000001	0.000521943483530546	100
8_124	Spain-Atl	M0.75	0.0042	0.0388	-0.000722	-7.50000000000013e-05	0.000725884977114143	100
8_125	Spain-Atl	M0.75	-0.001	0.0445	-0.000438	-0.000171999999999998	0.000470561366880027	100
8_126	Spain-Atl	M0.75	0.0019	0.0404	-0.00084	0.000206000000000002	0.000864890744545229	100
8_127	Spain-Atl	M0.75	-0.0027	0.0423	-0.000653	0.000144000000000002	0.000668689015910984	100
8_128	Spain-Atl	M0.75	0.0076	0.0378	-0.000286	0.000222	0.000362049720342386	100
8_129	Spain-Atl	M0.75	0.0017	0.0271	-0.000716	0.000491000000000001	0.000868180280817297	100
8_130	Spain-Atl	M0.75	-0.0061	0.0427	-0.000241	0.000273999999999998	0.000364906837425662	100
8_131	Spain-Atl	M0.75	-0.0017	0.0403	-0.000768	0.000574999999999998	0.000959400333541738	100
8_132	Spain-Atl	M0.75	4e-04	0.0398	5.1e-05	0.001046	0.00104724256979937	100
8_133	Spain-Atl	M0.75	6e-04	0.0434	8.80000000000001e-05	0.000151999999999999	0.0001756359872008	100
8_134	Spain-Atl	M0.75	0.0022	0.0492	0.000133	0.000722999999999999	0.000735131280792757	100
8_135	Spain-Atl	M0.75	0.0014	0.0421	0.000702	0.001143	0.00134136236714767	100
8_136	Spain-Atl	M0.75	-0.0037	0.0348	-0.001293	-0.000266999999999998	0.00132027951586018	100
8_137	Spain-Atl	M0.75	0.001	0.0453	-6e-04	0.000459	0.000755434312167511	100
8_138	Spain-Atl	M0.75	0.0037	0.033	-4.00000000000012e-06	-0.000330000000000002	0.000330024241533863	100
8_139	Spain-Atl	M0.75	0.0017	0.034	-0.000334	-0.000414000000000002	0.000531932326522841	100
8_140	Spain-Atl	M0.75	0.0029	0.0434	-0.000296	0.000954999999999999	0.000999820483886981	100
8_141	Spain-Atl	M0.75	-0.0014	0.0469	0.00053	-1.9999999999997e-05	0.000530377224247045	100
8_142	Spain-Atl	M0.75	0.004	0.0489	0.000712	0.001703	0.00184584750182674	100
8_143	Spain-Atl	M0.75	-3e-04	0.0444	-0.000519	0.000592999999999998	0.000788041877059841	100
8_144	Spain-Atl	M0.75	-0.0012	0.0425	-0.000133	0.000129999999999997	0.000185981181843753	100
8_145	Spain-Atl	M0.75	4e-04	0.0418	0.000119	-0.000814999999999997	0.000823641912483814	100
8_146	Spain-Atl	M0.75	0.0026	0.0363	0.000632	7.0000000000001e-05	0.000635864765496564	100
8_147	Spain-Atl	M0.75	2e-04	0.0399	9.99999999999999e-06	0.000688000000000002	0.000688072670580661	100
8_148	Spain-Atl	M0.75	-0.0057	0.0354	-0.00017	0.000340999999999999	0.000381026245815166	100
8_149	Spain-Atl	M0.75	1e-04	0.0374	8.50000000000001e-05	-0.000896000000000003	0.000900022777489551	100
8_150	Spain-Atl	M0.75	6e-04	0.0485	-7.39999999999999e-05	-0.000339000000000002	0.000346982708502889	100
8_151	Spain-Atl	M0.75	-0.002	0.0403	-5.89999999999999e-05	0.000364999999999998	0.000369737744894943	100
8_152	Spain-Atl	M0.75	0.0021	0.043	0.000481	0.001726	0.00179176923737406	100
8_153	Spain-Atl	M0.75	-0.0015	0.037	-0.000145	0.001353	0.00136074758864383	100
8_154	Spain-Atl	M0.75	0.0067	0.0382	5.99999999999996e-05	0.000607000000000002	0.000609958195288827	100
8_155	Spain-Atl	M0.75	-4e-04	0.0368	0.000113	0.000388	0.000404120031673759	100
8_156	Spain-Atl	M0.75	0.0019	0.0305	2.4e-05	0.001367	0.00136721066408948	100
900_Tornio_5_1_1	Finland	M0.75	0.0589	-0.0123	0.000248999999999999	-0.000459	0.000522189620731779	100
901_Tornio_7_1_1	Finland	M0.75	0.0615	-0.0146	-0.000105999999999999	3.80000000000002e-05	0.000112605506082073	100
902_Tornio_8_1	Finland	M0.75	0.0595	-0.0088	-0.000619999999999997	0.000728000000000001	0.000956234280916553	100
903_Tornio_5_1_2	Finland	M0.75	0.0624	-0.0139	-0.000757999999999996	-0.000614000000000001	0.000975479369335915	100
904_Tornio_7_1_2	Finland	M0.75	0.0611	-0.016	-0.000686000000000002	-0.000439	0.000814442754280497	100
905_Tornio_8_2_1	Finland	M0.75	0.0596	-0.0204	-0.000588	0.000555000000000001	0.000808559830810313	100
906_Tornio_5_2	Finland	M0.75	0.0624	-0.0199	-0.000531999999999997	7.80000000000012e-05	0.000537687641665676	100
907_Tornio_7_2	Finland	M0.75	0.06	-0.02	5.40000000000022e-05	0.000224	0.000230417013260741	100
908_Tornio_8_2_2	Finland	M0.75	0.0579	-0.0177	-4.90000000000001e-05	-0.001064	0.00106512769187549	100
909_Tornio_7_3	Finland	M0.75	0.0622	-0.0162	0.000210000000000002	-1.20000000000009e-05	0.000210342577715499	100
910_Tornio_8_3	Finland	M0.75	0.0601	-0.011	-0.000697000000000001	0.000164999999999999	0.000716263917840345	100
911_Tornio_5_4	Finland	M0.75	0.0545	-0.0174	-0.000551	-0.000716000000000001	0.000903469423943058	100
912_Tornio_5_5	Finland	M0.75	0.0642	-0.0178	-0.000573999999999993	-0.000861	0.00103479321605816	100
913_Tornio_7_5	Finland	M0.75	0.0572	-0.0178	-0.000866000000000001	0.000185	0.000885539948280145	100
914_Tornio_5_6	Finland	M0.75	0.0648	-0.0176	-0.000896999999999996	0.000747000000000001	0.00116731229754509	100
915_Tornio_5_7_3	Finland	M0.75	0.0582	-0.0138	-1.80000000000012e-05	-0.000352	0.000352459926800197	100
916_Tornio_8_7	Finland	M0.75	0.0578	-0.0146	-0.000825999999999997	0.000998	0.00129548446536421	100
917_Tornio_5_7_1	Finland	M0.75	0.0566	-0.0113	-0.000759999999999997	-0.000344000000000001	0.000834227786638635	100
918_Tornio_5_7_2	Finland	M0.75	0.0614	-0.0173	-0.001495	-0.001538	0.00214487039235475	100
919_Tornio_5_8	Finland	M0.75	0.0599	-0.0134	-0.000966000000000002	-0.000349	0.00102711099692292	100
920_Tornio_8_8	Finland	M0.75	0.0584	-0.0132	-0.000322000000000001	7.09999999999998e-05	0.000329734741875951	100
921_Tornio_5_9_1	Finland	M0.75	0.06	-0.014	-0.000194999999999998	-0.000381	0.000428002336442219	100
922_Tornio_5_9_2	Finland	M0.75	0.0588	-0.0196	-0.000351999999999998	-4.40000000000005e-05	0.000354739340925134	100
923_Tornio_5_10_1	Finland	M0.75	0.0589	-0.0211	-0.001359	8.20000000000006e-05	0.00136147163025896	100
924_Tornio_5_11	Finland	M0.75	0.0662	-0.0121	-0.000450999999999995	0.000625	0.000770730822012455	100
925_Tornio_8_11	Finland	M0.75	0.0573	-0.0115	6.3000000000003e-05	0.00064	0.000643093305827389	100
926_Tornio_5_13_2	Finland	M0.75	0.0584	-0.0132	-0.000835000000000001	-0.001263	0.00151406538828414	100
927_Tornio_8_13_2	Finland	M0.75	0.0531	-0.0104	0.000498999999999998	0.000328999999999999	0.00059769724777683	100
928_Tornio_5_13_1	Finland	M0.75	0.0616	-0.0152	-0.001127	0.000215	0.00114732471428101	100
929_Tornio_8_13_1	Finland	M0.75	0.0592	-0.016	-0.001189	0.00028	0.00122152404806455	100
930_Tornio_5_14	Finland	M0.75	0.0555	-0.0143	-0.000466000000000001	0.000602	0.000761288381626832	100
931_Tornio_8_15	Finland	M0.75	0.0535	-0.013	0.000792000000000001	-7.20000000000006e-05	0.000795265993237484	100
932_Tornio_5_16	Finland	M0.75	0.055	-0.0135	-0.000157	4.99999999999998e-05	0.000164769536019254	100
933_Tornio_8_16	Finland	M0.75	0.0601	-0.0161	-0.000253000000000001	-0.000539	0.000595424218519872	100
934_Tornio_5_17	Finland	M0.75	0.0598	-0.0103	0.000584000000000001	-0.000446	0.000734827871001094	100
935_Tornio_8_18	Finland	M0.75	0.0601	-0.0136	-0.001326	-0.000478000000000001	0.00140952474259943	100
936_Tornio_5_18_1	Finland	M0.75	0.0567	-0.0114	0.000174	0.000897	0.000913720416757774	100
937_Tornio_5_18_2	Finland	M0.75	0.0595	-0.0137	-0.000714999999999998	-0.000175	0.000736104612130638	100
938_Tornio_8_19	Finland	M0.75	0.0578	-0.0114	0.000654000000000002	-0.000187	0.000680209526543111	100
939_Tornio_7_19	Finland	M0.75	0.0598	-0.0155	-0.000784999999999998	-0.001446	0.00164533917476002	100
940_Tornio_8_23	Finland	M0.75	0.0646	-0.0166	-0.000622000000000005	-0.000578	0.000849098345305187	100
941_Tornio_8_24	Finland	M0.75	0.0621	-0.0135	-0.000647000000000003	-0.000177	0.000670774179586546	100
942_Tornio_5_25	Finland	M0.75	0.0568	-0.0172	0.000226999999999997	-0.000739	0.000773078262532325	100
943_Tornio_8_27	Finland	M0.75	0.0587	-0.0176	-0.000336000000000002	-0.000370999999999999	0.000500536711940294	100
944_Tornio_8_29	Finland	M0.75	0.0624	-0.014	0.000113000000000002	0.000711	0.000719923607058416	100
945_Tornio_5_30	Finland	M0.75	0.0622	-0.0159	-0.000743999999999998	0.000480000000000001	0.000885401603793441	100
946_Tornio_8_30	Finland	M0.75	0.0588	-0.0095	-0.00111	0.00018	0.00112449988883948	100
947_Tornio_7_31	Finland	M0.75	0.0626	-0.0097	0.000422999999999997	0.000157	0.000451196187927156	100
948_Tornio_5_32	Finland	M0.75	0.0562	-0.0076	-0.000214	-0.000256	0.000333664502157482	100
949_Tornio_8_35_2	Finland	M0.75	0.0582	-0.0184	-0.000649000000000002	-6e-04	0.000883855757462722	100
950_Tornio_5_36	Finland	M0.75	0.0612	-0.0177	-0.000517999999999998	-0.000102	0.000527946967033619	100
951_Tornio_8_36_1	Finland	M0.75	0.0538	-0.0085	0.000566999999999999	-0.000707	0.000906276999597804	100
952_Tornio_8_38	Finland	M0.75	0.0613	-0.0098	-0.000242	-0.000321	0.000402001243779171	100
953_Tornio_5_40	Finland	M0.75	0.0513	-0.0075	-0.000878999999999998	-0.000839	0.00121513867521366	100
954_Tornio_5_43_1	Finland	M0.75	0.063	-0.018	-0.000631000000000001	0.000130999999999999	0.000644454808345784	100
955_Tornio_5_43_2	Finland	M0.75	0.0606	-0.0122	1.19999999999985e-05	0.000343000000000001	0.000343209848343547	100
956_Tornio_5_45	Finland	M0.75	0.0594	-0.0168	-2.70000000000008e-05	-0.000319000000000001	0.000320140594114525	100
957_Tornio_5_49	Finland	M0.75	0.0571	-0.0171	-0.001407	0.000586000000000001	0.00152415386362401	100
958_Tornio_8_49	Finland	M0.75	0.0567	-0.0153	-0.000538	-2.20000000000006e-05	0.000538449626241862	100
959_Tornio_5_52	Finland	M0.75	0.062	-0.0095	-0.000222999999999999	-0.000864	0.000892314406473414	100
960_Tornio_8_54	Finland	M0.75	0.0621	-0.0165	-0.000141000000000002	0.000388000000000001	0.000412825629049362	100
961_Tornio_8_56	Finland	M0.75	0.0623	-0.0168	-0.001001	0.000385999999999999	0.00107284528241494	100
962_Tornio_5_60	Finland	M0.75	0.0516	-0.0126	-0.000972	-0.000622	0.00115397920258556	100
963_Tornio_7_60	Finland	M0.75	0.0585	-0.0144	0.000136999999999996	-0.00043	0.000451297019710965	100
964_Tornio_7_61	Finland	M0.75	0.0602	-0.0167	-0.000556999999999997	0.000316	0.000640394409719508	100
965_Tornio_5_62	Finland	M0.75	0.0592	-0.0122	-0.000609000000000002	0.000231000000000001	0.000651338621609377	100
966_Tornio_7_62	Finland	M0.75	0.0553	-0.0124	0.000192999999999999	0.001647	0.00165826958001406	100
967_Tornio_8_62	Finland	M0.75	0.0584	-0.0228	-6e-04	-3.99999999999991e-05	0.000601331855134916	100
968_Tornio_5_64	Finland	M0.75	0.0625	-0.0158	0.000537	-5.29999999999983e-05	0.000539609117788052	100
969_Tornio_8_64	Finland	M0.75	0.0574	-0.0143	-0.000272	-0.000282	0.000391800969881393	100
970_Tornio_7_65	Finland	M0.75	0.0489	-0.0165	0.000264000000000001	-0.000478999999999999	0.000546934182511936	100
971_Tornio_5_66	Finland	M0.75	0.0631	-0.0148	8.09999999999964e-05	-0.000112999999999999	0.000139032370331514	100
972_Tornio_8_67_1	Finland	M0.75	0.0607	-0.0144	-0.001272	-0.000601	0.00140683510050041	100
973_Tornio_8_67_2	Finland	M0.75	0.0545	-0.0086	1.70000000000003e-05	2.7e-05	3.19061122670879e-05	100
974_Tornio_5_69	Finland	M0.75	0.059	-0.0147	-0.000943999999999997	-0.000584000000000001	0.00111004144066787	100
975_Tornio_5_70	Finland	M0.75	0.0574	-0.0126	1.80000000000002e-05	0.000617	0.000617262504936109	100
976_Tornio_8_72	Finland	M0.75	0.0593	-0.013	-0.001048	0.000333999999999999	0.00109993636179553	100
977_Tornio_5_76	Finland	M0.75	0.0575	-0.0118	-2.40000000000024e-05	-0.000811	0.000811355039424789	100
978_Tornio_8_79	Finland	M0.75	0.0591	-0.0138	-0.000498	-0.000349	0.000608115942892472	100
979_Tornio_7_87	Finland	M0.75	0.0633	-0.0113	-0.000713999999999996	0.000100999999999999	0.000721108174964057	100
980_Tornio_7_93	Finland	M0.75	0.0566	-0.015	0.000253000000000003	-0.000272000000000001	0.00037147409061737	100
981_Tornio_7_94	Finland	M0.75	0.0605	-0.011	-0.000928999999999998	0.000172999999999999	0.000944970899022819	100
982_Tornio_7_95	Finland	M0.75	0.0608	-0.0122	-0.000451	0.000260000000000001	0.000520577563865367	100
983_Tornio_7_103	Finland	M0.75	0.0634	-0.0131	-0.000161999999999998	-0.000649	0.000668913297819679	100
984_Tornio_8_106	Finland	M0.75	0.0632	-0.014	0.000450999999999994	-0.000309	0.000546701015181053	100
985_Tornio_8_107	Finland	M0.75	0.0619	-0.0127	-0.000945999999999996	0.000508	0.00107376906269458	100
986_Tornio_8_108_1	Finland	M0.75	0.052	-0.0111	-0.000372999999999998	-0.000124	0.000393071240362352	100
987_Tornio_7_109	Finland	M0.75	0.0581	-0.013	-0.000329999999999999	-0.000117000000000001	0.000350127119772233	100
988_Tornio_8_109	Finland	M0.75	0.0596	-0.0167	-0.000606000000000001	-0.000647	0.000886478990162768	100
989_Tornio_7_110	Finland	M0.75	0.0584	-0.0184	3.79999999999992e-05	-0.000486	0.000487483333048424	100
990_Tornio_5_113	Finland	M0.75	0.0576	-0.0138	-0.001103	0.000407	0.00117569468825882	100
991_Tornio_7_114	Finland	M0.75	0.0604	-0.0189	-0.000265000000000002	-0.000456	0.000527409707912171	100
992_Tornio_7_118	Finland	M0.75	0.057	-0.0124	-0.000623000000000002	-0.000392	0.00073606589378941	100
993_Tornio_8_118	Finland	M0.75	0.059	-0.0087	-0.00113	-0.000968000000000001	0.00148792607343241	100
994_Tornio_7_121	Finland	M0.75	0.0578	-0.0138	-0.000137999999999997	-0.000308	0.000337502592582634	100
995_Tornio_7_125	Finland	M0.75	0.0599	-0.0119	3.69999999999988e-05	-0.001045	0.00104565481876191	100
996_Tornio_7_126	Finland	M0.75	0.054	-0.0087	0.000433000000000001	0.000131999999999999	0.000452673171283654	100
997_Tornio_7_130	Finland	M0.75	0.0625	-0.0154	-0.000552	5.20000000000004e-05	0.000554443865508493	100
998_Tornio_7_132	Finland	M0.75	0.0656	-0.0121	-9.2000000000006e-05	-0.000631	0.000637671545546766	100
999_Tornio_7_133	Finland	M0.75	0.0561	-0.0155	-1.69999999999973e-05	0.000947	0.000947152574826252	100
9_157	Spain-Atl	M0.75	7e-04	0.0331	-0.000728	-0.001095	0.00131491786815755	100
9_158	Spain-Atl	M0.75	9e-04	0.0409	-0.000189	0.000931000000000001	0.000949990526268553	100
9_159	Spain-Atl	M0.75	0.0015	0.0373	-0.000925	-4.19999999999999e-05	0.00092595302256648	100
9_160	Spain-Atl	M0.75	0.0029	0.0419	-0.000311	0.001885	0.0019104831849561	100
9_161	Spain-Atl	M0.75	-0.0011	0.0444	-0.001077	4.99999999999982e-05	0.00107816000667804	100
9_162	Spain-Atl	M0.75	-2e-04	0.0432	-0.00011	0.000329999999999998	0.00034785054261852	100
9_163	Spain-Atl	M0.75	-0.0018	0.0408	7e-04	0.001014	0.00123215096477664	100
9_164	Spain-Atl	M0.75	-2e-04	0.0422	-0.000593	-9.0000000000014e-06	0.000593068292863478	100
9_165	Spain-Atl	M0.75	0.0024	0.0359	-0.00077	0.001574	0.00175224884077576	100
9_166	Spain-Atl	M0.75	0.0041	0.0439	-0.000197	0.001184	0.00120027705135106	100
9_167	Spain-Atl	M0.75	-0.0043	0.0429	-0.000139	0.000902999999999999	0.000913635594753181	100
9_168	Spain-Atl	M0.75	-0.0026	0.0353	0.001504	0.000240000000000002	0.00152302856178077	100
9_169	Spain-Atl	M0.75	-0.0036	0.0371	0.001223	0.000205999999999999	0.00124022780165581	100
9_170	Spain-Atl	M0.75	-0.0033	0.0437	-0.000268	0.000383999999999998	0.000468273424400743	100
9_171	Spain-Atl	M0.75	-0.0013	0.0433	0.000235	0.000376000000000002	0.000443397113206662	100
SRR12588279	South-Norway	M0.75	0.0029	0.0014	0.001317	0.000778	0.00152963165500718	100
SRR12588280	South-Norway	M0.75	0.0153	-0.005	1.10000000000005e-05	-0.000541	0.000541111818388769	100
SRR12588286	South-Norway	M0.75	-0.0052	0.0053	0.001779	-0.000133	0.00178396468574913	100
SRR12588290	South-Norway	M0.75	-0.0047	-0.0013	-0.000527	0.000754	0.000919915757012565	100
SRR12588291	South-Norway	M0.75	-3e-04	-0.0013	0.000637	0.000214	0.000671985862946535	100
SRR2170984	South-Norway	M0.75	-0.0052	-0.0027	-5.70000000000002e-05	0.002604	0.00260462377321563	100
SRR2174328	South-Norway	M0.75	0.0044	-0.0013	8.59999999999997e-05	-0.000268	0.000281460476799141	100
SRR2174330	South-Norway	M0.75	0.0072	0.0024	0.000769	0.000253	0.0008095492573031	100
SRR2174331	South-Norway	M0.75	7e-04	-0.0041	-5.99999999999997e-06	-0.000918	0.000918019607633737	100
SRR2174333	South-Norway	M0.75	-0.0027	-0.001	0.001141	-0.000863	0.00143061175725631	100
SRR2174334	South-Norway	M0.75	0.0021	0.0083	-0.000702	0.000971	0.0011981840426245	100
SRR2174358	South-Norway	M0.75	-0.0039	-0.0018	0.001252	0.000511	0.00135226661572339	100
SRR2174359	South-Norway	M0.75	0.0033	-0.0054	8.9e-05	-0.000513	0.000520663038826456	100
SRR2174361	South-Norway	M0.75	1e-04	6e-04	0.000621	0.000384	0.00073013491903894	100
SRR2174362	South-Norway	M0.75	0.005	-0.0046	-0.001113	0.000315	0.00115671690572931	100
SRR2174364	South-Norway	M0.75	-0.008	0.0053	5.10000000000001e-05	0.000943	0.00094437810224507	100
SRR2174366	South-Norway	M0.75	-0.0046	8e-04	0.000346	0.000806	0.000877127128756146	100
SRR2174368	South-Norway	M0.75	0.0017	0.0018	0.001237	-7.39999999999999e-05	0.00123921144281353	100
SRR2174369	South-Norway	M0.75	0.0069	-0.0072	-0.000439	0.000157	0.000466229557192591	100
SRR2174450	South-Norway	M0.75	9e-04	-9e-04	0.000552	0.001372	0.00147888065779494	100
SRR2174451	South-Norway	M0.75	0.002	1e-04	0.000527	0.00072	0.000892260612153198	100
SRR3669078	South-Norway	M0.75	-0.003	-0.0121	-0.000104	-0.000711	0.000718565932952572	100
SRR3669756	South-Norway	M0.75	-0.0066	-0.0057	-0.000173	0.001494	0.0015039830451172	100
SRR5585853	UK-Scotland	M0.75	-0.0024	0.0055	0.000846	-0.000327	0.000906997794925654	100
SRR5585854	UK-Scotland	M0.75	0.0041	0.0063	0.000342	0.001171	0.00121992007934946	100
SRR5585855	UK-Scotland	M0.75	-0.0065	0.0055	-0.000459	0.000513	0.000688367634335026	100
SRR5585857	UK-Scotland	M0.75	-0.0019	-0.0018	0.001351	-0.001856	0.00229563433499327	100
SRR5585858	UK-Scotland	M0.75	0.0016	-8e-04	-0.001152	0.000244	0.0011775567926856	100
SRR5585860	UK-Scotland	M0.75	3e-04	-0.0016	0.000224	0.000586	0.000627353170072488	100
SRR5585861	UK-Scotland	M0.75	0.0041	0.0028	0.00056	0.000588	0.000812	100
1000_Tornio_7_134	Finland	M0.80	0.0556	-0.0088	-0.000687999999999997	-0.001169	0.00135643097870846	100
1001_Tornio_7_135	Finland	M0.80	0.0575	-0.017	-0.000262000000000003	0.000293000000000001	0.000393055975657415	100
1002_Tornio_7_141	Finland	M0.80	0.0687	-0.0117	-0.001321	-0.000687	0.00148896272619565	100
1003_Tornio_7_156	Finland	M0.80	0.0645	-0.0151	-0.000829000000000002	-0.000248	0.000865300525829034	100
1004_Tornio_7_181	Finland	M0.80	0.0611	-0.0125	-0.000697000000000002	0.000401000000000001	0.000804120637715513	100
1005_Tornio_7_202	Finland	M0.80	0.0536	-0.0114	-0.000524000000000001	0.001492	0.00158134120290341	100
1006_Tornio_7_205	Finland	M0.80	0.0604	-0.0103	-0.001108	-0.000582	0.00125155423374299	100
1007_Tornio_7_207	Finland	M0.80	0.0567	-0.0127	-0.001202	-0.000316	0.00124284351388258	100
1008_Tornio_7_218	Finland	M0.80	0.0632	-0.0138	-0.00112300000000001	-0.000604	0.00127512548402109	100
1009_Tornio_7_238	Finland	M0.80	0.0555	-0.0165	-0.00091	-0.000707999999999999	0.00115298048552436	100
1010_Tornio_7_246	Finland	M0.80	0.0588	-0.0102	-4.19999999999976e-05	0.000777000000000001	0.000778134307173254	100
1011_Tornio_7_267	Finland	M0.80	0.0583	-0.012	0.000481000000000002	-0.000407	0.000630087295539279	100
1012_Tornio_7_276	Finland	M0.80	0.0592	-0.0158	-0.000923000000000003	-0.001327	0.00161643372892303	100
1013_Tornio_7_279	Finland	M0.80	0.0581	-0.0119	-0.001482	-0.000826999999999999	0.00169713081405058	100
10_172	Spain-Atl	M0.80	1e-04	0.0425	0.00036	-0.000618000000000003	0.000715209060345298	100
10_173	Spain-Atl	M0.80	-0.0051	0.034	-0.000306	0.000800999999999997	0.000857459620040498	100
10_174	Spain-Atl	M0.80	4e-04	0.0411	0.000169	5.00000000000222e-06	0.00016907394831848	100
10_175	Spain-Atl	M0.80	-0.0024	0.039	0.000747	0.000162	0.000764364441873116	100
10_176	Spain-Atl	M0.80	0.0044	0.0394	0.000136	-0.000367999999999998	0.000392326394727653	100
10_177	Spain-Atl	M0.80	3e-04	0.0486	-0.000637	-8.69999999999974e-05	0.000642913680053551	100
10_178	Spain-Atl	M0.80	9e-04	0.0476	-0.00059	-0.000408000000000003	0.000717331164804655	100
10_179	Spain-Atl	M0.80	0.0047	0.0348	-0.000931	-6.49999999999977e-05	0.000933266307117106	100
10_180	Spain-Atl	M0.80	-0.0014	0.0438	-6.59999999999999e-05	0.000121000000000002	0.00013782960494756	100
10_181	Spain-Atl	M0.80	0.0053	0.0354	0.000215	0.000665999999999999	0.000699843553946165	100
10_182	Spain-Atl	M0.80	-3e-04	0.0381	-0.00024	-0.001267	0.0012895305347296	100
10_183	Spain-Atl	M0.80	1e-04	0.0444	0.000202	-0.000220000000000002	0.000298670386881594	100
10_184	Spain-Atl	M0.80	0.0012	0.0495	6.10000000000002e-05	-0.000486000000000002	0.000489813229711083	100
10_185	Spain-Atl	M0.80	0.0018	0.0434	-0.000237	2.99999999999873e-06	0.000237018986581244	100
10_186	Spain-Atl	M0.80	0.0037	0.0452	-0.000792	-0.000133999999999997	0.000803255874550569	100
10_187	Spain-Atl	M0.80	0.0061	0.0466	0.000873	0.000589999999999998	0.00105367404827109	100
10_188	Spain-Atl	M0.80	-0.0043	0.0469	-5.5e-05	0.000857000000000003	0.000858763063947213	100
11_189	UK-Scotland	M0.80	9e-04	-7e-04	-0.000955	0.000117	0.000962140322406249	100
11_190	UK-Scotland	M0.80	0	0.0086	0.000512	-0.001365	0.00145786453417319	100
11_191	UK-Scotland	M0.80	-0.0011	0.0077	0.000248	0.000817	0.000853810868986803	100
11_192	UK-Scotland	M0.80	0.0053	0.0051	-0.000204	-5.00000000000003e-05	0.000210038091783372	100
11_193	UK-Scotland	M0.80	0.0105	0.0048	0.000118999999999999	-0.000692999999999999	0.00070314294421547	100
11_194	UK-Scotland	M0.80	0.0074	0.0035	8e-04	0.000485	0.000935534606521854	100
11_195	UK-Scotland	M0.80	-0.0011	-0.003	-0.000562	-0.000619	0.000836065188845942	100
11_196	UK-Scotland	M0.80	-0.0052	0.0049	-0.001148	0.001536	0.00191760267000231	100
11_197	UK-Scotland	M0.80	0.0022	0.0023	-0.00062	0.001499	0.00162215936331792	100
11_198	UK-Scotland	M0.80	0.0043	0.0079	0.000451	0.001711	0.00176944115471524	100
11_199	UK-Scotland	M0.80	-0.0041	-3e-04	-0.000275	-0.000729	0.000779144402533959	100
11_200	UK-Scotland	M0.80	-0.0028	3e-04	-0.000732	-0.000214	0.000762640151054218	100
11_201	UK-Scotland	M0.80	-0.0039	0.007	-0.000388	0.00066	0.000765600417972718	100
11_202	UK-Scotland	M0.80	0.008	0.0035	7e-04	0.000164	0.00071895479691007	100
11_203	UK-Scotland	M0.80	-0.002	0.0086	-9.5e-05	0.00108	0.00108417018959202	100
11_204	UK-Scotland	M0.80	-0.0037	0.0048	0.001287	0.000116	0.00129221708702524	100
12_235	UK-Scotland	M0.80	8e-04	0.0018	-0.001231	0.000615	0.00137607630602376	100
12_236	UK-Scotland	M0.80	0.0096	0.0041	-0.000889999999999999	0.000572	0.0010579621921411	100
12_237	UK-Scotland	M0.80	-0.0052	0.0088	0.000786	0.001142	0.00138634771972979	100
12_238	UK-Scotland	M0.80	0.0046	0.0067	-0.00062	-4.40000000000003e-05	0.000621559329428816	100
12_239	UK-Scotland	M0.80	0.0065	0.004	-0.000549	0.000829	0.000994304782247375	100
12_240	UK-Scotland	M0.80	-8e-04	0.0036	-0.000403	0.001172	0.0012393518467328	100
12_241	UK-Scotland	M0.80	-0.003	0.0069	3.4e-05	0.000744	0.000744776476535074	100
12_242	UK-Scotland	M0.80	-0.002	-0.0016	0.000644	0.000378	0.000746739579773297	100
12_243	UK-Scotland	M0.80	-0.0055	0.0078	4.89999999999997e-05	0.000442	0.000444707769214796	100
12_244	UK-Scotland	M0.80	0.0041	0.0102	-0.00036	0.000515999999999999	0.000629170882988079	100
12_245	UK-Scotland	M0.80	0.0038	0.005	0.000931	-4.40000000000002e-05	0.000932039162267338	100
12_246	UK-Scotland	M0.80	0.0013	0.004	0.001006	-0.000377	0.00107432071561522	100
12_247	UK-Scotland	M0.80	-0.0076	0.007	0.000591	6.4e-05	0.000594455212778894	100
12_248	UK-Scotland	M0.80	0.0056	0.009	-0.000283	0.00113	0.00116489870804289	100
12_249	UK-Scotland	M0.80	0.0047	0.0057	0.001714	-0.000214	0.00172730773170272	100
12_250	UK-Scotland	M0.80	-0.0011	-9e-04	0.000717	0.000415	0.000828440703973435	100
13_251	Spain-Atl	M0.80	-0.0042	0.0309	-0.000104	0.001218	0.0012224320021989	100
14_252	Spain-Atl	M0.80	6e-04	0.0403	7.50000000000001e-05	-3.50000000000023e-05	8.27647267862353e-05	100
14_253	Spain-Atl	M0.80	0.0017	0.0322	0.000758	0.001458	0.00164326747670609	100
14_254	Spain-Atl	M0.80	7e-04	0.0458	-0.000718	6.19999999999996e-05	0.000720671908707423	100
14_255	Spain-Atl	M0.80	-0.0027	0.0284	-0.000384	0.000113999999999999	0.000400564601531388	100
14_256	Spain-Atl	M0.80	0.0014	0.0396	-0.000137	0.000616999999999997	0.000632026898161776	100
15_257	Spain-Atl	M0.80	0.0046	0.0364	0.000729	-0.000226000000000002	0.000763228013112727	100
15_258	Spain-Atl	M0.80	2e-04	0.0393	0.000326	-0.000778000000000001	0.000843540159091434	100
15_259	Spain-Atl	M0.80	0.0045	0.0421	-0.000766	-0.000299999999999999	0.000822651809698367	100
15_260	Spain-Atl	M0.80	0.0023	0.0416	0.000245	-0.000255999999999998	0.000354345876228296	100
15_261	Spain-Atl	M0.80	-0.0022	0.035	-1.59999999999998e-05	-0.000841000000000003	0.000841152185992526	100
15_262	Spain-Atl	M0.80	0.0011	0.0429	-0.000129	-0.000240000000000001	0.00027247201691183	100
15_263	Spain-Atl	M0.80	-8e-04	0.0442	0.000354	-0.000110000000000003	0.000370696641473862	100
15_264	Spain-Atl	M0.80	0.0014	0.0447	5e-04	-0.001219	0.00131755872734387	100
15_265	Spain-Atl	M0.80	-1e-04	0.0439	0.00096	0.000734999999999998	0.0012090595518832	100
15_266	Spain-Atl	M0.80	-0.0072	0.0478	0.000641	-0.000650000000000002	0.000912897036910517	100
15_267	Spain-Atl	M0.80	0.0038	0.0423	-0.000104	-0.001278	0.00128222462930642	100
15_268	Spain-Atl	M0.80	0.0026	0.0422	0.001007	0.000235999999999999	0.00103428477703194	100
16_269	Spain-Atl	M0.80	-0.0036	0.0416	-0.000177	-0.000788999999999998	0.000808609918316612	100
16_270	Spain-Atl	M0.80	-0.0017	0.0438	1.2e-05	9.00000000000017e-05	9.0796475702531e-05	100
16_271	Spain-Atl	M0.80	0.0015	0.0402	0.000512	-5.09999999999994e-05	0.000514533769542875	100
16_272	Spain-Atl	M0.80	0.0011	0.0477	0.000596	0.000673000000000001	0.000898968853742999	100
16_273	Spain-Atl	M0.80	-0.0022	0.0465	-0.000145	-0.000391999999999999	0.000417958131874473	100
16_274	Spain-Atl	M0.80	0.0028	0.0505	-0.00038	0.000613999999999997	0.000722077558161169	100
16_275	Spain-Atl	M0.80	-0.0029	0.0443	0.000435	0.000244000000000001	0.000498759461063146	100
16_276	Spain-Atl	M0.80	0.0068	0.0426	0.000421	0.000165000000000001	0.000452179168029666	100
16_277	Spain-Atl	M0.80	-0.001	0.0373	2.70000000000001e-05	0.000546	0.000546667174796512	100
16_278	Spain-Atl	M0.80	0.0025	0.0351	-0.000393	-0.00133	0.00138684858582327	100
16_279	Spain-Atl	M0.80	-0.0026	0.0496	-0.001361	-0.000964999999999998	0.0016683962359104	100
16_280	Spain-Atl	M0.80	0.0016	0.0431	0.001115	0.000569	0.00125179311389702	100
16_281	Spain-Atl	M0.80	0.0083	0.0438	-0.000105	-0.000195999999999999	0.000222353322439759	100
16_282	Spain-Atl	M0.80	5e-04	0.0409	0.000188	-0.000668999999999999	0.000694913663702189	100
1_1	Spain-Atl	M0.80	0.0027	0.034	0.000699	-0.000804000000000003	0.00106537176609858	100
1_10	Spain-Atl	M0.80	0.0046	0.04	0.000712	-0.00156	0.00171480144623219	100
1_11	Spain-Atl	M0.80	-0.001	0.0378	-0.000497	-0.000455	0.000673820450862097	100
1_12	Spain-Atl	M0.80	4e-04	0.0357	0.000389	-0.000606000000000003	0.000720109019524129	100
1_13	Spain-Atl	M0.80	9e-04	0.0435	0.00019	0.000103000000000004	0.000216122650363169	100
1_14	Spain-Atl	M0.80	7e-04	0.0442	-0.000413	-0.000252000000000003	0.000483810913477571	100
1_15	Spain-Atl	M0.80	-0.0012	0.035	0.000995	-0.002045	0.00227421414998676	100
1_16	Spain-Atl	M0.80	0.0061	0.0422	0.000834	-9.80000000000013e-05	0.000839738054395536	100
1_2	Spain-Atl	M0.80	0.0032	0.0388	0.000565	4.29999999999985e-05	0.000566633920622477	100
1_3	Spain-Atl	M0.80	0.0058	0.0399	0.000213	-0.000527999999999998	0.00056934435976832	100
1_4	Spain-Atl	M0.80	-0.0033	0.0472	0.000132	-0.001027	0.00103544821212845	100
1_5	Spain-Atl	M0.80	-0.001	0.0428	1.40000000000001e-05	-0.001097	0.00109708933091157	100
1_6	Spain-Atl	M0.80	-0.0017	0.0374	4.2e-05	-0.001204	0.00120473233541729	100
1_7	Spain-Atl	M0.80	0.0064	0.0285	-0.000861	0.001274	0.00153765958521384	100
1_8	Spain-Atl	M0.80	-0.0012	0.0485	-0.000972	-7.80000000000011e-05	0.000975124607422047	100
1_9	Spain-Atl	M0.80	-7e-04	0.0417	-0.000285	-0.001141	0.00117605527081001	100
200_Teno_120_1982	North-Norway	M0.80	-0.007	-0.0095	0.000239	0.000465	0.000522825018529144	100
201_Teno_144_1982	North-Norway	M0.80	-0.0084	-0.011	0.000797999999999999	-1.60000000000006e-05	0.000798160384885143	100
202_Teno_171_1982	North-Norway	M0.80	-0.0123	-0.0118	0.000657	-0.000119	0.000667690047851546	100
203_Teno_696_1982	North-Norway	M0.80	-0.0118	-0.0171	0.001234	-0.000174999999999999	0.00124634706241881	100
204_Teno_332_1983	North-Norway	M0.80	-0.0144	-0.0071	0.001081	-0.000385	0.00114751296288974	100
205_Teno_360_1983	North-Norway	M0.80	-0.0141	-0.021	-0.000801	-0.000481999999999998	0.000934839558427006	100
206_Teno_567_1983	North-Norway	M0.80	-0.0116	-0.012	-0.000737000000000001	0.000196	0.000762617204107016	100
207_Teno_671_1983	North-Norway	M0.80	-0.0107	-0.0154	0.000849	0.000394	0.000935968482375341	100
208_Teno_674_1983	North-Norway	M0.80	-0.0077	-0.0099	-0.000131	-0.000234999999999999	0.000269046464388588	100
209_Teno_740_1983	North-Norway	M0.80	-0.0062	-0.0073	-0.000825	-0.001435	0.00165524922594756	100
210_Teno_765_1983	North-Norway	M0.80	-0.0052	-0.007	0.000887	-0.000184	0.000905883546599672	100
211_Teno_766_1983	North-Norway	M0.80	-0.0047	-0.0241	0.000897	-9e-05	0.000901503743752626	100
212_Teno_769_1983	North-Norway	M0.80	-0.0138	-0.0145	0.000868	0.001392	0.00164045359580818	100
213_Teno_772_1983	North-Norway	M0.80	-0.0058	-0.0143	0.000387	-0.00042	0.000571112073064473	100
214_Teno_774_1983	North-Norway	M0.80	-0.0137	-0.0111	0.000563	0.000450000000000001	0.000720741978796851	100
215_Teno_776_1983	North-Norway	M0.80	-0.0124	-0.013	-0.000626	-0.000949000000000001	0.00113687158465677	100
216_Teno_781_1983	North-Norway	M0.80	-0.0194	-0.0078	0.000122000000000001	-0.001469	0.00147405732588662	100
217_Teno_782_1983	North-Norway	M0.80	-0.0073	-0.0209	-0.000723	-0.000872000000000001	0.0011327457790696	100
218_Teno_166_1985	North-Norway	M0.80	-0.0148	-0.0105	0.001294	0.000501000000000001	0.00138760116748293	100
219_Teno_345_1985	North-Norway	M0.80	-0.0121	-0.0088	0.001198	-0.000712999999999999	0.00139412086993919	100
220_Teno_403_1985	North-Norway	M0.80	-0.0135	-0.0083	-0.000768	0.000248	0.000807048945231948	100
221_Teno_785_1985	North-Norway	M0.80	-0.0099	-0.0132	0.000558000000000001	-0.001292	0.00140734786033873	100
222_Teno_790_1985	North-Norway	M0.80	-0.0091	-0.0167	-0.001099	-0.000266000000000001	0.00113073294813585	100
223_Teno_894_1985	North-Norway	M0.80	-3e-04	-0.0105	-9.5e-05	-0.001508	0.001510989410949	100
224_Teno_1076_1985	North-Norway	M0.80	-0.0099	-0.0126	-0.000867999999999999	0.001007	0.00132946342559696	100
225_Teno_214_1986	North-Norway	M0.80	-0.0107	-0.0165	-5.40000000000007e-05	-0.001705	0.00170585491762928	100
226_Teno_219_1986	North-Norway	M0.80	-0.0119	-0.012	0.000233000000000001	-0.000755	0.000790135431429321	100
227_Teno_221_1986	North-Norway	M0.80	-0.0115	-0.014	9.49999999999998e-05	0.000197	0.000218709853458869	100
228_Teno_223_1986	North-Norway	M0.80	-0.0105	-0.0126	-0.000159999999999999	-0.000135	0.000209344214154583	100
229_Teno_225_1986	North-Norway	M0.80	-0.0104	-0.0102	0.000574	-0.000325999999999999	0.000660115141471546	100
230_Teno_429_1986	North-Norway	M0.80	-0.0078	-0.0146	-0.001098	0.000355	0.00115396230441033	100
231_Teno_432_1986	North-Norway	M0.80	-0.0089	-0.0188	-0.000697	-0.00146	0.00161784084507717	100
232_Teno_433_1986	North-Norway	M0.80	-0.0132	-0.0113	0.000204	0.001068	0.00108730860384713	100
233_Teno_434_1986	North-Norway	M0.80	-0.0109	-0.0074	-9.80000000000001e-05	-8.99999999999997e-05	0.000133056379027839	100
234_Teno_435_1986	North-Norway	M0.80	-0.0121	-0.0128	0.000243	0.000661000000000001	0.000704251375575512	100
235_Teno_507_1986	North-Norway	M0.80	-0.0132	-0.0123	0.00064	-0.000835	0.00105205750793386	100
236_Teno_512_1986	North-Norway	M0.80	-0.0077	-0.0201	-0.001184	-0.000961	0.00152491868635675	100
237_Teno_513_1986	North-Norway	M0.80	-0.0094	-0.0122	-0.000629	-6.89999999999994e-05	0.000632773261129134	100
238_Teno_559_1986	North-Norway	M0.80	-0.014	-0.0135	-0.000536	5.39999999999998e-05	0.000538713281811391	100
239_Teno_685_1986	North-Norway	M0.80	-0.0157	-0.0035	-0.000361000000000001	-1.80000000000001e-05	0.000361448474889577	100
240_Teno_772_1986	North-Norway	M0.80	-0.0097	-0.0166	-0.001336	0.000419	0.00140016320477293	100
241_Teno_929_1986	North-Norway	M0.80	-0.0141	-0.0154	4.69999999999998e-05	-0.001401	0.00140178814376496	100
242_Teno_1005_1986	North-Norway	M0.80	-0.0028	-0.0127	-0.000101	-0.000301	0.00031749330701607	100
243_Teno_1047_1986	North-Norway	M0.80	-0.0132	-0.0162	-0.000332	-0.000179000000000001	0.000377180328225108	100
244_Teno_1048_1986	North-Norway	M0.80	-0.0051	-0.0162	0.000557	-0.001973	0.00205011658205089	100
245_Teno_1050_1986	North-Norway	M0.80	-0.0113	-0.0061	-0.000459000000000001	0.000665	0.000808025989681026	100
246_Teno_1057_1986	North-Norway	M0.80	-0.0086	-0.0163	0.000207	0.001645	0.00165797285864395	100
247_Teno_1112_1986	North-Norway	M0.80	-0.0138	-0.0135	-0.000719	-0.000489	0.000869529757972664	100
248_Teno_1113_1986	North-Norway	M0.80	-0.0103	-0.009	-0.000676	-5.80000000000007e-05	0.000678483603339093	100
249_Teno_1142_1986	North-Norway	M0.80	-0.0121	-0.0139	-1.30000000000003e-05	-6.5000000000001e-05	6.62872536767072e-05	100
250_Teno_1190_1986	North-Norway	M0.80	-0.0112	-0.011	-0.000734	-0.000358000000000001	0.000816651700543139	100
251_Teno_1197_1986	North-Norway	M0.80	-0.0084	-0.0055	-0.001018	-0.000892	0.0013535095123419	100
252_Teno_1275_1986	North-Norway	M0.80	-0.0101	-0.0126	0.000518	0.000104	0.000528337013657003	100
253_Teno_1295_1986	North-Norway	M0.80	-0.0092	-0.0147	0.00015	0.000663999999999999	0.000680731958997078	100
254_Teno_1384_1986	North-Norway	M0.80	-0.0144	-0.0101	-0.000953	-3e-04	0.000999104098680413	100
255_Teno_1161_1987	North-Norway	M0.80	-0.0148	-0.0128	-0.000645999999999999	-0.000856999999999999	0.00107320314945494	100
256_Teno_1358_1987	North-Norway	M0.80	-0.0101	-0.0127	0.001165	0.000559	0.00129217104130993	100
257_Teno_1365_1987	North-Norway	M0.80	-0.0189	-0.0144	-0.000137	-0.000382	0.000405823853414262	100
258_Teno_145_1987	North-Norway	M0.80	-0.0138	-0.0119	-0.000436	-0.000167999999999999	0.000467247257883875	100
259_Teno_156_1987	North-Norway	M0.80	-0.0138	-0.0174	0.000535	-0.001006	0.00113941256794894	100
260_Teno_245_1987	North-Norway	M0.80	-0.01	-0.009	0.00017	0.000542999999999999	0.000568989455086823	100
261_Teno_256_1987	North-Norway	M0.80	-0.0067	-0.0133	-0.000297	-0.000133000000000001	0.000325419728965531	100
262_Teno_288_1987	North-Norway	M0.80	-0.0092	-0.0168	0.000189	-7.00000000000011e-05	0.000201546520684432	100
263_Teno_389_1987	North-Norway	M0.80	-0.0095	-0.0108	-0.000454	-7.19999999999994e-05	0.000459673797382448	100
264_Teno_390_1987	North-Norway	M0.80	-0.0125	-0.0113	-0.000134999999999999	0.001134	0.00114200744305806	100
265_Teno_396_1987	North-Norway	M0.80	-0.0089	-0.014	-0.000138	6.60000000000005e-05	0.000152970585407784	100
266_Teno_402_1987	North-Norway	M0.80	-0.0097	-0.0101	0.001268	-0.000376	0.00132257324938924	100
267_Teno_411_1987	North-Norway	M0.80	-0.0104	-0.0101	-0.000307	-0.000241	0.000390294760405518	100
268_Teno_626_1987	North-Norway	M0.80	-0.0125	-0.0137	-0.000298999999999999	-3.19999999999994e-05	0.000300707499075097	100
269_Teno_637_1987	North-Norway	M0.80	-0.0109	-0.0072	-0.000291	-7.40000000000003e-05	0.000300261552650352	100
270_Teno_638_1987	North-Norway	M0.80	-0.0135	-0.0155	-0.000545	-1.80000000000001e-05	0.00054529716668987	100
271_Teno_639_1987	North-Norway	M0.80	-0.012	-0.0144	3e-04	-0.001528	0.00155717179527501	100
272_Teno_640_1987	North-Norway	M0.80	-0.0085	-0.0142	-0.000135999999999999	-0.000142999999999999	0.000197344875788554	100
273_Teno_641_1987	North-Norway	M0.80	-0.01	-0.0107	-0.001048	-0.000418000000000001	0.00112828542488149	100
274_Teno_644_1987	North-Norway	M0.80	-0.0138	-0.0061	0.000144	-0.000337999999999999	0.000367396243856683	100
275_Teno_650_1987	North-Norway	M0.80	-0.0104	-0.0149	-0.001311	-0.000826	0.00154951508543802	100
276_Teno_721_1987	North-Norway	M0.80	-0.0091	-0.0122	0.000501	-0.000447999999999999	0.00067209002373194	100
277_Teno_734_1987	North-Norway	M0.80	-0.0121	-0.0145	0.001279	-0.000883999999999999	0.00155476589877705	100
278_Teno_750_1987	North-Norway	M0.80	-0.0051	-0.0179	-0.000244	9.69999999999992e-05	0.000262573799149876	100
279_Teno_751_1987	North-Norway	M0.80	-0.0056	-0.0154	0.001	0.000703	0.00122237841931212	100
280_Teno_755_1987	North-Norway	M0.80	-0.0033	-0.0142	-0.001046	-0.000507999999999999	0.00116283274807687	100
281_Teno_756_1987	North-Norway	M0.80	-0.0117	-0.0119	-0.000749	-0.000873999999999999	0.00115103301429629	100
282_Teno_760_1987	North-Norway	M0.80	-0.0123	-0.011	-0.001065	-0.000421000000000001	0.00114519256022732	100
283_Teno_766_1987	North-Norway	M0.80	-0.0142	-0.0124	-0.001305	-0.001311	0.00184979620499124	100
284_Teno_835_1987	North-Norway	M0.80	-0.0153	-0.0056	0.000654999999999999	-0.000371	0.000752772209901507	100
285_Teno_838_1987	North-Norway	M0.80	-0.0155	-0.0148	-0.000127	0.001153	0.00115997327555423	100
286_Teno_842_1987	North-Norway	M0.80	-0.0153	-0.009	0.000386999999999999	-0.000889000000000001	0.000969582384328429	100
287_Teno_843_1987	North-Norway	M0.80	-0.0095	-0.0113	0.000462	-0.000244000000000001	0.000522474879778923	100
288_Teno_844_1987	North-Norway	M0.80	-0.012	-0.019	0.000276	-0.001602	0.00162560142716473	100
289_Teno_846_1987	North-Norway	M0.80	-0.0113	-0.013	-6.60000000000007e-05	-0.001502	0.00150344936728844	100
290_Teno_905_1987	North-Norway	M0.80	-0.0063	-0.01	-0.00101	0.001069	0.00147066685554547	100
291_Teno_965_1987	North-Norway	M0.80	-0.0082	-0.0142	0.000827000000000001	-0.000816999999999999	0.00116250505375246	100
292_Teno_286_1988	North-Norway	M0.80	-0.0137	-0.0064	-0.000299	-4.09999999999999e-05	0.000301797945652385	100
293_Teno_372_1989	North-Norway	M0.80	-0.0132	-0.014	-0.000454	6.10000000000003e-05	0.000458079687390742	100
2_17	Spain-Atl	M0.80	6e-04	0.0316	0.000125	0.000194999999999997	0.000231624696438007	100
2_18	Spain-Atl	M0.80	0.0029	0.0354	-0.000809	0.000843999999999999	0.00116910949016762	100
2_19	Spain-Atl	M0.80	0.0068	0.0431	0.000296	0.000332000000000001	0.000444792086260536	100
2_20	Spain-Atl	M0.80	0.0037	0.0407	-0.001142	7.30000000000003e-05	0.00114433080881361	100
2_21	Spain-Atl	M0.80	0.0012	0.0484	-5.99999999999981e-06	-0.000292999999999999	0.000293061427008058	100
2_22	Spain-Atl	M0.80	-0.0024	0.0412	-0.000547	0.000251999999999999	0.000602256589835263	100
2_23	Spain-Atl	M0.80	0	0.0376	0.00085	0.000697999999999999	0.00109986544631605	100
2_24	Spain-Atl	M0.80	-8e-04	0.0424	0.00086	-0.000208	0.000884796021690876	100
2_25	Spain-Atl	M0.80	0.0026	0.0419	-0.000697	0.000357000000000001	0.00078310791082711	100
2_26	Spain-Atl	M0.80	-0.003	0.0412	0.000507	-5.80000000000006e-05	0.000510306770482227	100
2_27	Spain-Atl	M0.80	8e-04	0.0367	0.00055	-0.000571000000000004	0.000792805776971891	100
2_28	Spain-Atl	M0.80	0.0028	0.0505	-0.000275	-0.000301000000000004	0.000407708229006973	100
2_29	Spain-Atl	M0.80	0.0039	0.0414	0.000727	0.000985000000000001	0.00122423608834244	100
2_30	Spain-Atl	M0.80	0.0054	0.0407	0.000163	8.89999999999999e-05	0.000185714835164022	100
2_31	Spain-Atl	M0.80	-3e-04	0.0494	-9.3e-05	0.000872000000000001	0.00087694526625098	100
2_32	Spain-Atl	M0.80	0.0044	0.0434	5.19999999999997e-05	-0.000125000000000001	0.000135384637237761	100
300_Teno_3692_2001	North-Norway	M0.80	-0.0107	-0.0106	0.000991999999999999	0.000468	0.00109685368212902	100
301_Teno_3693_2001	North-Norway	M0.80	-0.0113	-0.0112	-0.000411000000000001	-0.000743	0.000849099523024245	100
302_Teno_3695_2001	North-Norway	M0.80	-0.0105	-0.0193	-0.000691999999999999	0.000172000000000001	0.000713055397567398	100
303_Teno_3731_2001	North-Norway	M0.80	-0.0067	-0.0081	0.001563	1.99999999999958e-06	0.00156300127959001	100
304_Teno_3733_2001	North-Norway	M0.80	-0.0137	-0.0129	0.000115	-0.000129	0.000172817823154905	100
305_Teno_3734_2001	North-Norway	M0.80	-0.0083	-0.0141	0.000876	-0.000793	0.00118161965115684	100
306_Teno_3736_2001	North-Norway	M0.80	-0.0073	-0.0041	-0.000997	0.000593	0.00116002499973061	100
307_Teno_3738_2001	North-Norway	M0.80	-0.0144	-0.0145	-0.001072	-0.001789	0.00208559463942541	100
308_Teno_3741_2001	North-Norway	M0.80	-0.008	-0.0145	0.000483	-0.001294	0.00138120418476053	100
309_Teno_3742_2001	North-Norway	M0.80	-0.0113	-0.0153	0.000475999999999999	0.000286	0.000555312524620145	100
310_Teno_3744_2001	North-Norway	M0.80	-0.0028	-0.0109	-0.00109	0.000296	0.00112947598469379	100
311_Teno_3751_2001	North-Norway	M0.80	-0.0119	-0.0097	4.90000000000009e-05	0.000983	0.000984220503749033	100
312_Teno_3902_2001	North-Norway	M0.80	-0.0053	-0.0162	-0.000919	0.000286999999999999	0.000962772039477674	100
313_Teno_3903_2001	North-Norway	M0.80	-0.0084	-0.01	-0.000212	-0.000309	0.000374733238451035	100
314_Teno_3910_2001	North-Norway	M0.80	-0.01	-0.0166	-0.000611	-0.00042	0.000741431723087163	100
315_Teno_3912_2001	North-Norway	M0.80	-0.0118	-0.007	-0.000932	0.000361	0.000999472360798437	100
316_Teno_3914_2001	North-Norway	M0.80	-0.0115	-0.0199	-0.000441	0.001051	0.00113977278437415	100
317_Teno_3916_2001	North-Norway	M0.80	-0.0145	-0.0136	-0.000967999999999999	-0.000400000000000001	0.0010473891349446	100
318_Teno_4165_2001	North-Norway	M0.80	-0.0135	-0.0129	-0.000165	-0.000947	0.000961266872413691	100
319_Teno_4167_2001	North-Norway	M0.80	-0.0134	-0.0147	-0.000633999999999999	-0.000592000000000001	0.000867421466185844	100
320_Teno_4168_2001	North-Norway	M0.80	-0.0155	-0.01	-0.000196	-0.000749	0.000774220252899651	100
321_Teno_4169_2001	North-Norway	M0.80	-0.0114	-0.0072	-0.001107	0.000129	0.00111449091517159	100
322_Teno_4890_2001	North-Norway	M0.80	-0.0157	-0.0148	0.000898999999999999	0.000275000000000001	0.000940120205080179	100
323_Teno_4898_2001	North-Norway	M0.80	-0.0085	-0.0099	-0.000922999999999999	0.000348000000000001	0.000986424350875423	100
324_Teno_4899_2001	North-Norway	M0.80	-0.0099	-0.0123	-4.49999999999991e-05	-0.00035	0.000352880999771877	100
325_Teno_4919_2001	North-Norway	M0.80	-0.0113	-0.0204	0.000583999999999999	-2.49999999999983e-05	0.000584534857814313	100
326_Teno_4920_2001	North-Norway	M0.80	-0.0117	-0.0125	0.001156	-0.000601999999999999	0.00130335720353248	100
327_Teno_4925_2001	North-Norway	M0.80	-0.0068	-0.0168	-0.000664	0.000645999999999999	0.000926397322966771	100
328_Teno_4928_2001	North-Norway	M0.80	-0.011	-0.0158	0.001196	-0.000266999999999998	0.00122544073704117	100
329_Teno_4929_2001	North-Norway	M0.80	-0.0084	-0.0151	0.000276999999999999	-0.001351	0.00137910478209598	100
330_Teno_4992_2001	North-Norway	M0.80	-0.0104	-0.0139	0.000788999999999999	0.000206999999999999	0.000815702151523458	100
331_Teno_4993_2001	North-Norway	M0.80	-0.0126	-0.0073	-0.000685	-7.99999999999989e-06	0.00068504671373564	100
332_Teno_4995_2001	North-Norway	M0.80	-0.0169	-0.0205	-8.50000000000015e-05	-0.000639999999999999	0.000645619857191521	100
333_Teno_4996_2001	North-Norway	M0.80	-0.0092	-0.0115	5.19999999999999e-05	-0.000258	0.0002631881456297	100
334_Teno_4997_2001	North-Norway	M0.80	-0.0117	-0.0111	0.001393	-0.000569	0.00150472921151947	100
335_Teno_4999_2001	North-Norway	M0.80	-0.0132	-0.0124	-0.001223	-0.000656	0.00138782743884101	100
336_Teno_5000_2001	North-Norway	M0.80	-0.0105	-0.0091	0.000677000000000001	0.000317	0.00074754130320672	100
337_Teno_5068_2001	North-Norway	M0.80	-0.007	-0.0112	-0.000831	-0.000738	0.00111139776857793	100
338_Teno_5069_2001	North-Norway	M0.80	-0.0053	-0.015	0.000414	0.000757	0.000862812262314346	100
339_Teno_5072_2001	North-Norway	M0.80	-0.0159	-0.0149	0.000722000000000001	-0.000755	0.00104465736009469	100
340_Teno_5073_2001	North-Norway	M0.80	-0.0092	-0.0135	-0.000535	-0.000944	0.00108506267100108	100
341_Teno_5076_2001	North-Norway	M0.80	-0.0124	-0.0153	-0.001593	-0.001618	0.00227058869018587	100
342_Teno_5111_2001	North-Norway	M0.80	-0.0111	-0.0205	-0.000188	-0.000744999999999999	0.000768354735782893	100
343_Teno_5113_2001	North-Norway	M0.80	-0.0077	-0.0132	0.000875	0.000938	0.00128275835604373	100
344_Teno_5115_2001	North-Norway	M0.80	-0.0162	-0.0161	-0.000451000000000001	-4.00000000000004e-05	0.000452770361220786	100
345_Teno_5118_2001	North-Norway	M0.80	-0.01	-0.0178	-0.000111	0.000767	0.000774990322520223	100
346_Teno_5119_2001	North-Norway	M0.80	-0.0061	-0.0121	-8.39999999999996e-05	0.000332	0.000342461676688064	100
347_Teno_5120_2001	North-Norway	M0.80	-0.008	-0.0067	-0.000836	0.000349	0.000905923285935404	100
348_Teno_5121_2001	North-Norway	M0.80	-0.0127	-0.0198	-0.000105000000000001	0.000151000000000002	0.000183918460193643	100
349_Teno_5124_2001	North-Norway	M0.80	-0.0129	-0.0113	-0.001692	5.49999999999994e-05	0.00169289367651959	100
350_Teno_5143_2001	North-Norway	M0.80	-0.0107	-0.0121	0.000442999999999999	-0.001192	0.00127165757969667	100
351_Teno_5145_2001	North-Norway	M0.80	-0.0118	-0.0047	-0.000898	0.000808	0.00120800165562801	100
352_Teno_5154_2001	North-Norway	M0.80	-0.0121	-0.0075	0.000599	0.000216	0.000636755054946562	100
353_Teno_5155_2001	North-Norway	M0.80	-0.0103	-0.0136	-0.000321	-0.000169000000000001	0.0003627698995231	100
354_Teno_5159_2001	North-Norway	M0.80	-0.0101	-0.0129	0.000258	0.000528	0.000587663168830581	100
355_Teno_5160_2001	North-Norway	M0.80	-0.0086	-0.0126	-0.000563	6.90000000000001e-05	0.000567212482232188	100
356_Teno_5164_2001	North-Norway	M0.80	-0.0102	-0.0136	0.000607000000000001	-7.30000000000007e-05	0.000611373862705956	100
357_Teno_5165_2001	North-Norway	M0.80	-0.0041	-0.0102	-0.000187	0.000819000000000001	0.000840077377388536	100
358_Teno_5166_2001	North-Norway	M0.80	-0.0197	-0.0095	0.001135	-0.00076	0.00136595204893876	100
359_Teno_5169_2001	North-Norway	M0.80	-0.0142	-0.0167	-7.19999999999993e-05	-0.000458	0.000463624848341846	100
360_Teno_5172_2001	North-Norway	M0.80	-0.011	-0.0165	-0.000114000000000001	-1.79999999999993e-05	0.000115412304370029	100
361_Teno_5178_2001	North-Norway	M0.80	-0.0083	-0.0135	0.001004	0.000115	0.00101056469362431	100
362_Teno_5241_2001	North-Norway	M0.80	-0.0107	-0.0116	-0.000690000000000001	0.000860999999999999	0.00110336802563786	100
363_Teno_5242_2001	North-Norway	M0.80	-0.0059	-0.0179	-0.000431	-0.000883000000000001	0.000982573152492985	100
364_Teno_5244_2001	North-Norway	M0.80	-0.0126	-0.0121	-0.000386	-0.00021	0.00043942689949524	100
365_Teno_5248_2001	North-Norway	M0.80	-0.0121	-0.0108	-4.90000000000002e-05	1.80000000000006e-05	5.22015325445532e-05	100
366_Teno_5249_2001	North-Norway	M0.80	-0.0139	-0.0158	0.000241999999999999	-0.001052	0.00107947579870972	100
367_Teno_5250_2001	North-Norway	M0.80	-0.0099	-0.0148	0.001903	0.000108000000000001	0.00190606217107418	100
368_Teno_5251_2001	North-Norway	M0.80	-0.0094	-0.0165	-0.000758	-0.000741999999999999	0.00106072050984225	100
369_Teno_5253_2001	North-Norway	M0.80	-0.0087	-0.0138	-0.000468000000000001	-0.000225	0.00051927738252306	100
370_Teno_5322_2001	North-Norway	M0.80	-0.0077	-0.0111	5.50000000000002e-05	-0.000395	0.000398810732052185	100
371_Teno_5325_2001	North-Norway	M0.80	-0.0125	-0.0186	-0.000789999999999999	-0.000309000000000002	0.00084828120337539	100
372_Teno_5326_2001	North-Norway	M0.80	-0.0138	-0.0129	-2.60000000000003e-05	0.000196	0.000197716969428524	100
373_Teno_5329_2001	North-Norway	M0.80	-0.0075	-0.0137	-0.000289	-0.000538	0.000610708604819025	100
374_Teno_5330_2001	North-Norway	M0.80	-0.0075	-0.0105	-0.000665	-0.000496999999999999	0.000830201180437609	100
375_Teno_5336_2001	North-Norway	M0.80	-0.0138	-0.0113	-3.80000000000002e-05	-0.000146000000000001	0.00015086417732517	100
376_Teno_5338_2001	North-Norway	M0.80	-0.0144	-0.0085	0.000201	0.000105000000000001	0.000226773014267571	100
377_Teno_5342_2001	North-Norway	M0.80	-0.0181	-0.0141	-0.000886999999999998	0.000261	0.000924602617344336	100
378_Teno_5343_2001	North-Norway	M0.80	-0.0161	-0.0122	-0.000111	-0.000427999999999999	0.000442159473493444	100
379_Teno_5352_2001	North-Norway	M0.80	-0.0121	-0.0182	0.000808	0.000531000000000001	0.000966863485710367	100
380_Teno_5353_2001	North-Norway	M0.80	-0.0122	-0.0142	0.000341000000000001	0.000245000000000001	0.000419888080326176	100
381_Teno_5356_2001	North-Norway	M0.80	-0.0174	-0.0116	-0.000410000000000001	0.000169999999999999	0.000443846820423444	100
382_Teno_5366_2001	North-Norway	M0.80	-0.0143	-0.011	-0.00021	0.000538999999999999	0.000578464346351613	100
383_Teno_5367_2001	North-Norway	M0.80	-0.0141	-0.0129	-0.00016	-0.000533	0.0005564970799564	100
384_Teno_5692_2001	North-Norway	M0.80	-0.0123	-0.0129	0.000959	-0.000441	0.00105553872501202	100
385_Teno_5695_2001	North-Norway	M0.80	-0.0122	-0.0079	-0.000723999999999999	6.70000000000008e-05	0.000727093529059363	100
386_Teno_5698_2001	North-Norway	M0.80	-0.01	-0.0066	0.000581	0.000188	0.00061065947957925	100
387_Teno_5699_2001	North-Norway	M0.80	-0.0101	-0.0142	-0.000412	-0.000280999999999999	0.000498703318617392	100
388_Teno_5702_2001	North-Norway	M0.80	-0.013	-0.0101	0.000155999999999999	0.000936	0.000948910954726522	100
389_Teno_5705_2001	North-Norway	M0.80	-0.0098	-0.0174	0.00076	-0.000881000000000001	0.00116351235489788	100
390_Teno_5709_2001	North-Norway	M0.80	-0.0126	-0.004	0.000375	-0.000133	0.000397886918608793	100
391_Teno_5797_2001	North-Norway	M0.80	-0.0145	-0.0116	0.000603000000000001	0.001018	0.00118318764361364	100
392_Teno_5800_2001	North-Norway	M0.80	-0.0128	-0.0092	-0.000383999999999999	0.000962	0.00103580886267689	100
393_Teno_5803_2001	North-Norway	M0.80	-0.0081	-0.0142	-0.000243	0.000291000000000001	0.00037911739606618	100
394_Teno_5805_2001	North-Norway	M0.80	-0.015	-0.0152	-0.000371	-0.000944	0.00101428644869189	100
395_Teno_5809_2001	North-Norway	M0.80	-0.0125	-0.0133	0.000300000000000001	-0.000230000000000001	0.000378021163428717	100
396_Teno_5820_2001	North-Norway	M0.80	-0.0137	-0.0127	-0.000654	0.000878	0.00109480591887329	100
397_Teno_5832_2001	North-Norway	M0.80	-0.012	-0.0101	0.000559	-0.000596000000000001	0.000817127285066409	100
398_Teno_5835_2001	North-Norway	M0.80	-0.0153	-0.0145	0.000695999999999999	-0.000595999999999999	0.000916314356539282	100
399_Teno_5841_2001	North-Norway	M0.80	-0.0111	-0.0133	-0.000353	1.59999999999993e-05	0.000353362420186414	100
3_205	Spain-Atl	M0.80	0.0025	0.035	0.000735	-0.000106000000000003	0.000742604201442464	100
3_206	Spain-Atl	M0.80	-0.0048	0.0273	-0.000238	0.002033	0.00204688372898902	100
3_207	Spain-Atl	M0.80	0.0057	0.0288	0.000185	0.000787000000000001	0.000808451606467574	100
3_208	Spain-Atl	M0.80	0.0083	0.0292	3.89999999999999e-05	-0.000755	0.000756006613727684	100
3_209	Spain-Atl	M0.80	0.0011	0.036	-0.000133	0.001283	0.00128987518776043	100
3_210	Spain-Atl	M0.80	-0.0041	0.033	0.000637	-0.001768	0.00187925330916298	100
3_211	Spain-Atl	M0.80	-0.0018	0.0369	0.000325	0.001095	0.00114221276476845	100
3_212	Spain-Atl	M0.80	-4e-04	0.0368	7.8e-05	-0.00024	0.000252356890137757	100
3_213	Spain-Atl	M0.80	-2e-04	0.0314	9.3e-05	0.000151000000000003	0.000177341478509684	100
3_214	Spain-Atl	M0.80	0.0026	0.0355	0.000578	-0.001209	0.00134006156574987	100
3_215	Spain-Atl	M0.80	0.0031	0.0293	0.000488	0.000404	0.000633529794090223	100
3_216	Spain-Atl	M0.80	-3e-04	0.0321	-0.000332	1.20000000000036e-05	0.000332216796685538	100
3_217	Spain-Atl	M0.80	0.0047	0.0282	0.000253	0.000850000000000001	0.000886853426446558	100
3_218	Spain-Atl	M0.80	3e-04	0.0316	0.000864	0.000136999999999997	0.000874794261526674	100
3_219	Spain-Atl	M0.80	-0.0021	0.0316	-3.70000000000002e-05	-0.000362000000000003	0.000363885971150307	100
3_220	Spain-Atl	M0.80	0.0041	0.034	-7.20000000000004e-05	0.000414999999999998	0.000421199477682485	100
3_221	Spain-Atl	M0.80	0.0032	0.0341	-0.000639	3.70000000000018e-05	0.000640070308638043	100
3_222	Spain-Atl	M0.80	0	0.033	0.000472	-0.001041	0.00114300699910368	100
3_223	Spain-Atl	M0.80	5e-04	0.0349	-0.00076	-0.000734	0.00105657749360849	100
3_224	Spain-Atl	M0.80	0.0087	0.0349	-0.000707999999999999	-0.000204	0.00073680390878442	100
3_225	Spain-Atl	M0.80	0.003	0.0249	-0.001133	0.000442000000000001	0.00121616322917608	100
3_226	Spain-Atl	M0.80	0.0039	0.0234	-0.000883	0.001205	0.00149389223172222	100
3_227	Spain-Atl	M0.80	0.0085	0.0367	-0.000103000000000001	-0.000879000000000003	0.000885014124181081	100
3_228	Spain-Atl	M0.80	3e-04	0.0437	3.70000000000001e-05	0.000485999999999998	0.000487406401271052	100
3_229	Spain-Atl	M0.80	1e-04	0.0262	-0.000168	-0.000948000000000001	0.000962771000809643	100
3_230	Spain-Atl	M0.80	0.0029	0.0363	0.000231	0.000473000000000001	0.000526393389016239	100
3_231	Spain-Atl	M0.80	0.003	0.0381	-0.000744	0.000697999999999998	0.00102016665305233	100
3_232	Spain-Atl	M0.80	0.0015	0.0374	-0.00148	0.000393999999999997	0.00153154693039423	100
3_233	Spain-Atl	M0.80	0.0043	0.0355	-0.000759	-0.000282999999999997	0.000810043208724077	100
3_234	Spain-Atl	M0.80	-0.0013	0.029	-0.000525	0.000805999999999999	0.000961904880952373	100
3_33	Spain-Atl	M0.80	0.0042	0.0368	2.10000000000003e-05	-0.000336999999999999	0.000337653668719888	100
3_34	Spain-Atl	M0.80	-0.0052	0.035	0.000738	0.001227	0.00143184251927368	100
3_35	Spain-Atl	M0.80	0.0053	0.0351	0.000472	-0.001225	0.00131278673058498	100
3_36	Spain-Atl	M0.80	-0.0032	0.0325	-0.001481	-0.000127000000000001	0.00148643533327219	100
3_37	Spain-Atl	M0.80	-0.0036	0.0408	0.000822	0.001593	0.00179257719499049	100
3_38	Spain-Atl	M0.80	0.004	0.031	5.59999999999998e-05	-0.000997	0.000998571479664826	100
3_39	Spain-Atl	M0.80	-0.0095	0.0298	0.000759	0.000798	0.00110131058289658	100
3_40	Spain-Atl	M0.80	0.0051	0.0311	0.000443	-0.001051	0.00114054811384702	100
3_41	Spain-Atl	M0.80	0.0051	0.036	0.000491	-0.000112999999999997	0.000503835290546424	100
3_42	Spain-Atl	M0.80	-0.0013	0.0258	-0.001121	3.1e-05	0.00112142855323021	100
3_43	Spain-Atl	M0.80	9e-04	0.0296	-0.000195	0.000204999999999999	0.000282931087015901	100
3_44	Spain-Atl	M0.80	0.0048	0.0415	0.000657	9.99999999999786e-06	0.000657076099093553	100
3_45	Spain-Atl	M0.80	-0.0035	0.0305	0.000853	-0.000668999999999999	0.00108405258175053	100
3_46	Spain-Atl	M0.80	-0.0039	0.0232	0.001012	0.001319	0.00166249962406011	100
3_47	Spain-Atl	M0.80	0.0035	0.0331	-0.000123	0.000256000000000002	0.000284015844628431	100
3_48	Spain-Atl	M0.80	0.0083	0.0289	0.000963	0.000391000000000001	0.00103935075888749	100
400_Teno_5842_2001	North-Norway	M0.80	-0.014	-0.0099	-0.000941	0.000644000000000001	0.00114027058192343	100
401_Teno_5843_2001	North-Norway	M0.80	-0.0044	-0.006	0.00043	0.000803	0.000910883636915276	100
402_Teno_5844_2001	North-Norway	M0.80	-0.0029	-0.0149	0.000378	-0.000982	0.00105223951646001	100
403_Teno_5847_2001	North-Norway	M0.80	-0.0086	-0.0084	0.000156	0.000170999999999999	0.000231467060291524	100
404_Teno_5858_2001	North-Norway	M0.80	-0.0114	-0.015	0.001257	-0.000121000000000001	0.00126281035789227	100
405_Teno_5859_2001	North-Norway	M0.80	-0.0135	-0.0112	0.000243	0.001623	0.00164109049110645	100
406_Teno_5875_2001	North-Norway	M0.80	-0.012	-0.0125	0.001459	1.70000000000007e-05	0.00145909903707733	100
407_Teno_5895_2001	North-Norway	M0.80	-0.0169	-0.0093	0.000211999999999998	0.000468999999999999	0.000514689226621268	100
408_Teno_5897_2001	North-Norway	M0.80	-0.0155	-0.0068	-0.000194	-0.000383	0.000429330874734162	100
409_Teno_5898_2001	North-Norway	M0.80	-0.0121	-0.0072	0.001069	1.49999999999999e-05	0.00106910523336106	100
410_Teno_5902_2001	North-Norway	M0.80	-0.0142	-0.0175	0.000634000000000001	-0.000706999999999998	0.000949634140077113	100
411_Teno_5903_2001	North-Norway	M0.80	-0.0142	-0.0169	0.000312000000000001	-0.000272000000000002	0.000413917866248851	100
412_Teno_5907_2001	North-Norway	M0.80	-0.0161	-0.0169	-0.001334	-0.000646000000000002	0.00148218487375901	100
413_Teno_5921_2001	North-Norway	M0.80	-0.0129	-0.0134	-0.000173	-0.00183	0.0018381591334811	100
414_Teno_5924_2001	North-Norway	M0.80	-0.0104	-0.0124	-4.80000000000005e-05	0.000208999999999999	0.00021444113411377	100
415_Teno_5926_2001	North-Norway	M0.80	-0.0128	-0.0036	-6.49999999999994e-05	7.39999999999999e-05	9.84936546179494e-05	100
416_Teno_5927_2001	North-Norway	M0.80	-0.0144	-0.0087	-0.000149	0.000111999999999999	0.000186400107296106	100
417_Teno_5931_2001	North-Norway	M0.80	-0.0149	-0.0187	-0.001064	-0.000572999999999999	0.00120848045081416	100
418_Teno_5933_2001	North-Norway	M0.80	-0.0066	-0.016	-0.001145	-0.000631	0.00130735840533497	100
419_Teno_5934_2001	North-Norway	M0.80	-0.0157	-0.0099	0.000385999999999999	-5.69999999999993e-05	0.000390185853152057	100
420_Teno_5937_2001	North-Norway	M0.80	-0.0065	-0.0129	-0.000448	-0.0011	0.00118773060918712	100
421_Teno_5939_2001	North-Norway	M0.80	-0.009	-0.0172	0.000229999999999999	-6e-04	0.000642572953056693	100
422_Teno_5943_2001	North-Norway	M0.80	-0.012	-0.0091	-3.19999999999997e-05	-0.000410999999999999	0.000412243859869373	100
423_Teno_5944_2001	North-Norway	M0.80	-0.0112	-0.0141	0.000472	-7.00000000000019e-06	0.000472051903925829	100
424_Teno_5945_2001	North-Norway	M0.80	-0.0126	-0.0082	0.000686	-0.000714999999999999	0.0009908688106909	100
425_Teno_5948_2001	North-Norway	M0.80	-0.0141	-0.0154	-0.000332	-0.000985999999999999	0.0010403941560774	100
426_Teno_5952_2001	North-Norway	M0.80	-0.0133	-0.0182	0.000535999999999999	0.001065	0.00119227555539816	100
427_Teno_5953_2001	North-Norway	M0.80	-0.0094	-0.0081	-0.000272	-0.000234000000000001	0.000358803567429311	100
428_Teno_5956_2001	North-Norway	M0.80	-0.0061	-0.01	0.000788	-3.99999999999988e-06	0.000788010152218866	100
429_Teno_5957_2001	North-Norway	M0.80	-0.0089	-0.0129	0.000833	9.6e-05	0.000838513565781735	100
430_Teno_5958_2001	North-Norway	M0.80	-0.011	-0.0148	0.000488999999999999	-0.000338999999999999	0.000595014285542792	100
431_Teno_5959_2001	North-Norway	M0.80	-0.0149	-0.0136	-0.000233	-0.000292000000000001	0.000373567932242585	100
432_Teno_5961_2001	North-Norway	M0.80	-0.0029	-0.0092	8.39999999999998e-05	0.000477	0.000484339756782364	100
433_Teno_5965_2001	North-Norway	M0.80	-0.0078	-0.0089	7.79999999999996e-05	0.000237	0.000249505510961181	100
434_Teno_5966_2001	North-Norway	M0.80	-0.0107	-0.0195	0.000297	0.000265	0.000398037686657934	100
435_Teno_5967_2001	North-Norway	M0.80	-0.0126	-0.0026	0.000115	-0.000538	0.000550153614911326	100
436_Teno_5971_2001	North-Norway	M0.80	-0.0084	-0.0104	0.000621	0.000499	0.00079664421167796	100
437_Teno_5974_2001	North-Norway	M0.80	-0.0111	-0.0192	0.000154000000000001	-4.30000000000016e-05	0.00015989058759039	100
438_Teno_5976_2001	North-Norway	M0.80	-0.021	-0.0167	-0.000613999999999999	0.000517	0.000802673657223157	100
439_Teno_5978_2001	North-Norway	M0.80	-0.0109	-0.0121	0.000451	-0.001001	0.00109790801071857	100
440_Teno_5982_2001	North-Norway	M0.80	-0.0121	-0.008	7.99999999999997e-05	-0.000996	0.000999207686119357	100
441_Teno_5985_2001	North-Norway	M0.80	-0.012	-0.0118	2.10000000000003e-05	-0.000665	0.00066533149632345	100
442_Teno_5988_2001	North-Norway	M0.80	-0.013	-0.0075	-0.000780000000000001	0.00014	0.000792464510246358	100
443_Teno_5989_2001	North-Norway	M0.80	-0.0114	-0.014	0.000966	-0.00017	0.000980844534062356	100
444_Teno_5990_2001	North-Norway	M0.80	-0.0158	-0.0201	-0.000939999999999998	-0.000499	0.00106423728557122	100
445_Teno_5991_2001	North-Norway	M0.80	-0.0136	-0.011	-0.000540000000000001	-0.001567	0.00165743446325941	100
446_Teno_5992_2001	North-Norway	M0.80	-0.0098	-0.0136	0.001363	-1.00000000000069e-06	0.00136300036683781	100
447_Teno_5994_2001	North-Norway	M0.80	-0.0081	-0.013	7.19999999999996e-05	0.000402999999999999	0.000409381240410451	100
448_Teno_5997_2001	North-Norway	M0.80	-0.0062	-0.0088	-0.000706	-0.000494999999999999	0.000862241845423892	100
449_Teno_6003_2001	North-Norway	M0.80	-0.0079	-0.0093	-0.000727999999999999	0.000750999999999999	0.00104593737862264	100
450_Teno_6006_2001	North-Norway	M0.80	-0.0112	-0.0084	-0.000376	-0.000189	0.000420828943871498	100
451_Teno_6007_2001	North-Norway	M0.80	-0.0112	-0.0127	0.000508	0.000325	0.00060306633134341	100
452_Teno_6012_2001	North-Norway	M0.80	-0.0116	-0.0091	0.000448999999999999	0.00013	0.00046744090535596	100
453_Teno_6013_2001	North-Norway	M0.80	-0.0166	-0.0128	0.000477	0.001299	0.0013838099580506	100
454_Teno_6015_2001	North-Norway	M0.80	-0.0064	-0.0161	-8e-04	-0.000393	0.000891318685992838	100
455_Teno_6019_2001	North-Norway	M0.80	-0.0126	-0.0138	-0.001215	0.000782	0.00144490449511378	100
456_Teno_6024_2001	North-Norway	M0.80	-0.015	-0.0176	0.000497	0.000275000000000001	0.00056800880274869	100
457_Teno_6025_2001	North-Norway	M0.80	-0.001	-0.0152	-0.00017	0.000239	0.00029329336848964	100
458_Teno_6037_2001	North-Norway	M0.80	-0.0148	-0.0154	0.000389000000000001	-0.001485	0.00153510455669964	100
459_Teno_6058_2001	North-Norway	M0.80	-0.0082	-0.0169	-0.000407999999999999	-0.000688000000000002	0.000799879990998651	100
460_Teno_6062_2001	North-Norway	M0.80	-0.0162	-0.0085	0.000918999999999999	0.000261000000000001	0.000955343917131417	100
461_Teno_6064_2001	North-Norway	M0.80	-0.0209	-0.0097	0.000139999999999998	0.000348	0.000375105318544005	100
462_Teno_6065_2001	North-Norway	M0.80	-0.0113	-0.0113	0.000973999999999999	-0.000206000000000001	0.000995546081304125	100
463_Teno_6066_2001	North-Norway	M0.80	-0.0106	-0.0219	-0.000302	-0.001006	0.00105035232184253	100
464_Teno_6069_2001	North-Norway	M0.80	-0.0147	-0.0105	0.001183	-0.000433999999999999	0.00126009721847165	100
465_Teno_6074_2001	North-Norway	M0.80	-0.0064	-0.0112	-0.000426	-0.000386	0.000574866941126379	100
466_Teno_6076_2001	North-Norway	M0.80	-0.01	-0.0082	0.001406	0.000192000000000001	0.00141904897730839	100
467_Teno_6094_2001	North-Norway	M0.80	-0.0141	-0.0134	-0.000462	-0.000636	0.000786091597716195	100
468_Teno_6095_2001	North-Norway	M0.80	-0.0137	-0.0219	9.20000000000005e-05	-0.000769000000000001	0.000774483698989205	100
469_Teno_6096_2001	North-Norway	M0.80	-0.0143	-0.0152	-6e-04	0.000596	0.00084570444009713	100
470_Teno_6102_2001	North-Norway	M0.80	-0.0132	-0.0101	-0.001563	-0.000997	0.00185390884349798	100
471_Teno_6103_2001	North-Norway	M0.80	-0.0146	-0.0104	-0.000527	0.00013	0.000542797383928847	100
472_Teno_6107_2001	North-Norway	M0.80	-0.0124	-0.0119	0.000661	0.001198	0.00136825618946161	100
473_Teno_6108_2001	North-Norway	M0.80	-0.006	-0.0101	-0.000748	-8.40000000000004e-05	0.000752701800183844	100
474_Teno_6110_2001	North-Norway	M0.80	-0.011	-0.0121	0.000561999999999999	-0.000356	0.000665266863747173	100
475_Teno_6129_2001	North-Norway	M0.80	-0.0129	-0.0098	1.20000000000001e-05	0.000366	0.000366196668472011	100
476_Teno_6170_2001	North-Norway	M0.80	-0.0057	-0.0166	0.000113	0.00043	0.000444599820062942	100
477_Teno_6213_2001	North-Norway	M0.80	-0.007	-0.0061	0.000698	-0.001297	0.00147289273200732	100
478_Teno_6230_2001	North-Norway	M0.80	-0.0082	-0.0228	-0.000585999999999999	-0.000421999999999999	0.000722135721315598	100
479_Teno_6282_2001	North-Norway	M0.80	-0.0176	-0.0123	-0.000609999999999999	-0.000313	0.000685615781615329	100
480_Teno_6283_2001	North-Norway	M0.80	-0.0092	-0.0092	-0.000252	0.000572	0.000625050397968036	100
481_Teno_1996_2002	North-Norway	M0.80	-0.0036	-0.0143	-0.000138	0.000502	0.00052062270407657	100
482_Teno_1999_2002	North-Norway	M0.80	-0.0072	-0.0106	0.000822	0.00016	0.000837427011744904	100
483_Teno_2397_2002	North-Norway	M0.80	-0.0128	-0.0156	-0.000358999999999999	-0.000701000000000001	0.000787579837222869	100
484_Teno_2448_2002	North-Norway	M0.80	-0.0062	-0.0159	0.000235	-0.000599999999999999	0.0006443795465407	100
485_Teno_2548_2002	North-Norway	M0.80	-0.0071	-0.0163	0.00042	9.59999999999986e-05	0.00043083175370439	100
486_Teno_2552_2002	North-Norway	M0.80	-0.0059	-0.0087	-0.000699	-6.10000000000005e-05	0.00070165661117102	100
487_Teno_2553_2002	North-Norway	M0.80	-0.0124	-0.0199	0.000934	-0.000270999999999999	0.000972520950931135	100
488_Teno_2646_2002	North-Norway	M0.80	-0.0065	-0.0152	-7.90000000000004e-05	-0.000993	0.000996137540704094	100
489_Teno_2647_2002	North-Norway	M0.80	-0.0077	-0.0094	3.00000000000029e-06	-0.000199	0.000199022611780671	100
490_Teno_2649_2002	North-Norway	M0.80	-0.0106	-0.0098	0.00022	-0.000746	0.000777763460185679	100
491_Teno_2655_2002	North-Norway	M0.80	-0.0058	-0.0141	-0.001088	-0.000352	0.00114352437665316	100
492_Teno_2656_2002	North-Norway	M0.80	-0.0116	-0.0087	0.000149999999999999	-0.000463000000000001	0.000486691894323298	100
493_Teno_2657_2002	North-Norway	M0.80	-0.015	-0.0121	9.69999999999995e-05	-0.001056	0.00106044566103125	100
494_Teno_2658_2002	North-Norway	M0.80	-0.0119	-0.0122	0.000446000000000001	8.70000000000008e-05	0.000454406205943538	100
495_Teno_2693_2002	North-Norway	M0.80	-0.0072	-0.0047	0.000707	0.00028	0.000760426853813041	100
496_Teno_2697_2002	North-Norway	M0.80	-0.0117	-0.0135	0.000916	0.001364	0.00164303134480143	100
497_Teno_2702_2002	North-Norway	M0.80	-0.0109	-0.01	-0.000168	0.000572	0.000596161052065631	100
498_Teno_2703_2002	North-Norway	M0.80	-0.0105	-0.0122	0.000459000000000001	0.000110000000000001	0.000471996822023201	100
499_Teno_2704_2002	North-Norway	M0.80	-0.0125	-0.0124	0.000117000000000001	-0.000757000000000001	0.000765988250562632	100
4_49	Spain-Cant	M0.80	6e-04	0.0222	-0.001001	0.000618999999999999	0.00117692905478623	100
4_50	Spain-Cant	M0.80	-0.0012	0.025	0.000774	0.001547	0.00172982224520324	100
4_51	Spain-Cant	M0.80	0.0013	0.0282	-0.000117	-0.000646999999999999	0.000657493726205809	100
4_52	Spain-Cant	M0.80	-0.0061	0.027	-0.000359	0.000389	0.00052934109985906	100
4_53	Spain-Cant	M0.80	0.0032	0.0259	0.000417	0.001033	0.00111399192097609	100
4_54	Spain-Cant	M0.80	0.0014	0.0185	-5e-04	-0.000127999999999999	0.000516124016104657	100
4_55	Spain-Cant	M0.80	-0.0013	0.0219	0.000844	-0.001217	0.00148102160686467	100
4_56	Spain-Cant	M0.80	0.001	0.0224	8e-05	0.00064	0.000644980619863884	100
4_57	Spain-Cant	M0.80	0	0.0133	-0.000516	-0.000214999999999999	0.000559	100
4_58	Spain-Cant	M0.80	0.003	0.0145	0.000343	0.000298999999999999	0.000455027471698138	100
4_59	Spain-Cant	M0.80	0.001	0.0212	0.001199	0.000375	0.00125627465149942	100
4_60	Spain-Cant	M0.80	0.0028	0.0222	0.000672	0.000277999999999999	0.000727233112557452	100
4_61	Spain-Cant	M0.80	-0.01	0.0283	-0.00099	-0.001638	0.00191393416814686	100
4_62	Spain-Cant	M0.80	0.0015	0.0216	-0.000646	0.000749999999999999	0.000989856555264448	100
4_63	Spain-Cant	M0.80	-0.007	0.0311	0.000936	-0.001044	0.00140215263077883	100
500_Teno_2705_2002	North-Norway	M0.80	-0.0077	-0.0128	-0.000431	0.000516000000000001	0.000672322095427482	100
501_Teno_2708_2002	North-Norway	M0.80	-0.0082	-0.0115	0.000136000000000001	0.000749	0.000761247003278174	100
502_Teno_2711_2002	North-Norway	M0.80	-0.0138	-0.0177	0.000277	-0.000685999999999999	0.000739814165855182	100
503_Teno_2714_2002	North-Norway	M0.80	-0.0126	-0.0154	-0.001477	-0.000259	0.00149953659508529	100
504_Teno_2716_2002	North-Norway	M0.80	-0.0105	-0.0215	-0.000706999999999999	-0.000371000000000002	0.000798429708866097	100
505_Teno_2718_2002	North-Norway	M0.80	-0.0062	-0.0113	0.000897	7.19999999999992e-05	0.000899884992651839	100
506_Teno_2719_2002	North-Norway	M0.80	-0.0148	-0.0144	8.10000000000006e-05	-0.000513	0.000519355369665127	100
507_Teno_2723_2002	North-Norway	M0.80	-0.0154	-0.0104	5.90000000000004e-05	-0.000260000000000001	0.000266610202355424	100
508_Teno_2742_2002	North-Norway	M0.80	-0.0139	-0.0123	0.000629999999999999	0.000428	0.000761632457291572	100
509_Teno_2744_2002	North-Norway	M0.80	-0.0128	-0.0137	0.000470000000000001	-0.000239	0.000527276967067594	100
510_Teno_2748_2002	North-Norway	M0.80	-0.0157	-0.0181	2.59999999999987e-05	0.000213000000000001	0.00021458098704219	100
511_Teno_2928_2002	North-Norway	M0.80	-0.0149	-0.0155	0.00137	0.000999	0.00169555330202268	100
512_Teno_2931_2002	North-Norway	M0.80	-0.0174	-0.0101	0.001167	6.09999999999996e-05	0.00116859317129615	100
513_Teno_2960_2002	North-Norway	M0.80	-0.0106	-0.0168	0.000604	-0.000898000000000001	0.00108222918090393	100
514_Teno_2973_2002	North-Norway	M0.80	-0.013	-0.0104	0.000341999999999999	0.000836	0.000903249688624357	100
515_Teno_2975_2002	North-Norway	M0.80	-0.0093	-0.0124	-0.001285	-0.002162	0.00251504850847852	100
516_Teno_3170_2002	North-Norway	M0.80	-0.014	-0.014	-9.99999999999638e-07	-9.99999999999997e-05	0.000100004999875006	100
517_Teno_3173_2002	North-Norway	M0.80	-0.009	-0.0126	-0.001141	-0.00124	0.00168507596267943	100
518_Teno_3343_2002	North-Norway	M0.80	-0.0157	-0.0152	0.000703999999999999	-0.000161	0.000722175186502554	100
519_Teno_3434_2002	North-Norway	M0.80	-0.013	-0.021	2.09999999999995e-05	0.000440000000000001	0.000440500851304513	100
520_Teno_3439_2002	North-Norway	M0.80	-0.0139	-0.014	0.00144	0.000296	0.00147010747906403	100
521_Teno_3440_2002	North-Norway	M0.80	-0.0147	-0.0127	0.000463999999999999	0.00072	0.000856560564116746	100
522_Teno_3441_2002	North-Norway	M0.80	-0.017	-0.0143	0.000538000000000001	0.001075	0.00120211022789094	100
523_Teno_3442_2002	North-Norway	M0.80	-0.0157	-0.0141	0.000502999999999999	0.000715	0.00087420478150145	100
524_Teno_3444_2002	North-Norway	M0.80	-0.0116	-0.016	-0.000360000000000001	-0.00038	0.000523450093132096	100
525_Teno_3445_2002	North-Norway	M0.80	-0.0131	-0.0151	0.000191	0.000725	0.000749737287321366	100
526_Teno_3449_2002	North-Norway	M0.80	-0.007	-0.015	0.000127	-0.000787000000000001	0.000797181284276043	100
527_Teno_3451_2002	North-Norway	M0.80	-0.0147	-0.0152	0.000683	-0.00063	0.000929187279293039	100
528_Teno_3453_2002	North-Norway	M0.80	-0.0153	-0.0151	0.000427999999999999	-0.000826999999999999	0.000931189024849412	100
529_Teno_3455_2002	North-Norway	M0.80	-0.0175	-0.0131	0.000310000000000002	-0.000547999999999999	0.000629606226144564	100
530_Teno_3457_2002	North-Norway	M0.80	-0.0089	-0.0064	-0.001014	-0.00036	0.00107600929364016	100
531_Teno_3459_2002	North-Norway	M0.80	-0.0114	-0.0147	0.000122000000000001	-0.000179000000000001	0.000216621790224345	100
532_Teno_3468_2002	North-Norway	M0.80	-0.0124	-0.0142	-0.000821000000000001	0.001079	0.00135583258553555	100
533_Teno_3469_2002	North-Norway	M0.80	-0.0142	-0.0134	-0.000425999999999999	-0.000820999999999999	0.000924941619779323	100
534_Teno_3470_2002	North-Norway	M0.80	-0.0093	-0.0114	-0.000955000000000001	4.20000000000004e-05	0.000955923114063051	100
535_Teno_3471_2002	North-Norway	M0.80	-0.0106	-0.0108	0.000621	0.000497	0.000795392984630868	100
536_Teno_3477_2002	North-Norway	M0.80	-0.01	-0.0106	-0.000361	-0.000527	0.000638787914726007	100
537_Teno_3478_2002	North-Norway	M0.80	-0.0085	-0.0124	-0.000663999999999999	-0.000595	0.000891583422905563	100
538_Teno_3479_2002	North-Norway	M0.80	-0.0084	-0.0132	-5.80000000000005e-05	4.5e-05	7.34098086089322e-05	100
539_Teno_3480_2002	North-Norway	M0.80	-0.0131	-0.0103	-0.000459	-0.000819	0.000938851425945554	100
540_Teno_3486_2002	North-Norway	M0.80	-0.0088	-0.0136	-0.000181999999999999	-0.000612000000000001	0.00063848884093616	100
541_Teno_3490_2002	North-Norway	M0.80	-0.0116	-0.0169	0.000544999999999999	0.000298999999999998	0.000621631723772201	100
542_Teno_3492_2002	North-Norway	M0.80	-0.0135	-0.0137	-0.000396	-0.001551	0.00160075513430381	100
543_Teno_3493_2002	North-Norway	M0.80	-0.0122	-0.013	0.000779000000000001	-0.000671000000000001	0.00102814493141775	100
544_Teno_3502_2002	North-Norway	M0.80	-0.0017	0.0019	7.99999999999996e-06	-0.000921	0.00092103474418721	100
545_Teno_3506_2002	North-Norway	M0.80	-0.0109	-0.0158	-0.000159	0.001239	0.00124916051810806	100
546_Teno_3508_2002	North-Norway	M0.80	-0.0132	-0.009	-4e-04	-0.000965000000000001	0.00104461715475096	100
547_Teno_3510_2002	North-Norway	M0.80	-0.0075	-0.0132	-0.000205	-0.000687	0.00071693374868254	100
548_Teno_3511_2002	North-Norway	M0.80	-0.0157	-0.0124	-0.000304000000000001	0.000141	0.000335107445455932	100
549_Teno_3512_2002	North-Norway	M0.80	-0.0089	-0.0117	-0.00021	-0.000905	0.000929045208803102	100
550_Teno_3520_2002	North-Norway	M0.80	-0.0113	-0.0148	-0.000112000000000001	0.000471000000000001	0.000484133246121355	100
551_Teno_3526_2002	North-Norway	M0.80	-0.0115	-0.0039	-0.000559	-6.10000000000001e-05	0.000562318415135055	100
552_Teno_3528_2002	North-Norway	M0.80	-0.0129	-0.0116	3.2e-05	-4.50000000000008e-05	5.52177507691147e-05	100
553_Teno_3533_2002	North-Norway	M0.80	-0.009	-0.0098	-0.000803000000000001	5.39999999999997e-05	0.000804813643025515	100
554_Teno_3537_2002	North-Norway	M0.80	-0.0074	-0.0151	-0.000716	-0.000782999999999999	0.00106101131002454	100
555_Teno_3538_2002	North-Norway	M0.80	-0.0114	-0.0128	-0.000315	6.50000000000005e-05	0.000321636440721508	100
556_Teno_3725_2002	North-Norway	M0.80	-0.0163	-0.0075	-0.001104	0.000138	0.0011125915692652	100
557_Teno_3732_2002	North-Norway	M0.80	-0.0109	-0.0164	-0.000204	0.000646000000000001	0.000677445200735825	100
558_Teno_3733_2002	North-Norway	M0.80	-0.0139	-0.01	0.000866999999999999	0.00013	0.000876692078212184	100
559_Teno_3734_2002	North-Norway	M0.80	-0.0146	-0.0127	-0.000514	0.000227	0.000561894118139708	100
560_Teno_3739_2002	North-Norway	M0.80	-0.0114	-0.0108	-0.000941	-0.000726999999999999	0.00118912152448772	100
561_Teno_3740_2002	North-Norway	M0.80	-0.0113	-0.0119	-0.000736000000000001	-0.000965999999999999	0.00121443484798486	100
562_Teno_3741_2002	North-Norway	M0.80	-0.0141	-0.0121	-0.000816	-0.000111	0.000823515027185297	100
563_Teno_3743_2002	North-Norway	M0.80	-0.013	-0.0146	0.000590999999999999	1.10000000000002e-05	0.000591102360002055	100
564_Teno_3747_2002	North-Norway	M0.80	-0.0081	-0.0138	-0.000233	-0.000448	0.000504968315837737	100
565_Teno_3748_2002	North-Norway	M0.80	-0.006	-0.0064	-8.99999999999999e-05	0.000561	0.000568173389028385	100
566_Teno_3813_2002	North-Norway	M0.80	-0.0105	-0.0045	0.001024	0.000976	0.00141462079724568	100
567_Teno_3816_2002	North-Norway	M0.80	-0.0128	-0.0113	-0.000477999999999999	-0.000532000000000001	0.0007151978747172	100
568_Teno_3821_2002	North-Norway	M0.80	-0.0148	-0.0165	0.001088	0.000630000000000001	0.00125723665234514	100
569_Teno_3822_2002	North-Norway	M0.80	-0.0198	-0.0141	0.001149	-0.000604	0.00129808204671354	100
570_Teno_3930_2002	North-Norway	M0.80	-0.0095	-0.0113	0.000657	0.000470999999999999	0.000808387283422988	100
571_Teno_3931_2002	North-Norway	M0.80	-0.0062	-0.008	0.000606	0.000426	0.000740750970299736	100
572_Teno_3938_2002	North-Norway	M0.80	-0.0127	-0.0087	-0.000249000000000001	0.000489999999999999	0.000549637153038256	100
573_Teno_3941_2002	North-Norway	M0.80	-0.0161	-0.0115	-0.001812	-0.000699	0.00194214958229278	100
574_Teno_3980_2002	North-Norway	M0.80	-0.0124	-0.0113	-0.000369	0.001184	0.00124016813376251	100
575_Teno_3982_2002	North-Norway	M0.80	-0.0098	-0.0129	-0.000419	-0.000727	0.000839100709092776	100
576_Teno_3984_2002	North-Norway	M0.80	-0.0139	-0.0146	-0.000258000000000001	-0.000415	0.000488660413784461	100
577_Teno_3989_2002	North-Norway	M0.80	-0.0067	-0.0142	-0.000593	-6.0999999999999e-05	0.000596129180631178	100
578_Teno_3990_2002	North-Norway	M0.80	-0.0047	-0.0145	-0.000724	0.000370000000000001	0.000813065802995059	100
579_Teno_3993_2002	North-Norway	M0.80	-0.0134	-0.0146	-0.000615	-0.000934	0.00111829378966352	100
580_Teno_3994_2002	North-Norway	M0.80	-0.0065	-0.006	-0.000718	-0.00137	0.00154674626231971	100
581_Teno_3996_2002	North-Norway	M0.80	-0.0103	-0.0155	-0.000379	-0.000559	0.000675368047808008	100
582_Teno_4001_2002	North-Norway	M0.80	-0.0147	-0.0084	-0.000348	-0.000383000000000001	0.000517487197909282	100
583_Teno_4124_2002	North-Norway	M0.80	-0.014	-0.0168	0.000514	-0.001464	0.00155160948695218	100
584_Teno_4134_2002	North-Norway	M0.80	-0.0155	-0.0146	-0.000903	-0.000167	0.000918312582947659	100
585_Teno_4135_2002	North-Norway	M0.80	-0.0172	-0.0159	0.001156	0.000349000000000001	0.00120753343639007	100
586_Teno_4144_2002	North-Norway	M0.80	-0.0079	-0.0105	0.000195000000000001	0.000901000000000001	0.000921860076150389	100
587_Teno_4146_2002	North-Norway	M0.80	-0.0122	-0.0066	-0.000595999999999999	-0.001646	0.00175058047515674	100
588_Teno_4160_2002	North-Norway	M0.80	-0.0133	-0.0097	-0.001215	0.000894	0.00150846312517078	100
589_Teno_4191_2002	North-Norway	M0.80	-0.0113	-0.012	0.001279	-0.001261	0.00179609632258406	100
590_Teno_4233_2002	North-Norway	M0.80	-0.0058	-0.0114	0.000584	0.000793	0.000984837550055846	100
591_Teno_4235_2002	North-Norway	M0.80	-0.0131	-0.0138	0.000476000000000001	-0.000751	0.000889143970344511	100
592_Teno_4236_2002	North-Norway	M0.80	-0.0082	-0.0103	0.000228000000000001	0.000406	0.000465639345416601	100
593_Teno_4243_2002	North-Norway	M0.80	-0.0081	-0.0121	-0.000247	-0.001198	0.0012231978580753	100
594_Teno_4244_2002	North-Norway	M0.80	-0.0114	-0.0173	-0.000520999999999999	-0.000719	0.000887920041445174	100
595_Teno_4288_2002	North-Norway	M0.80	-0.0083	-0.0125	-7.59999999999999e-05	0.001214	0.00121637658642379	100
596_Teno_4290_2002	North-Norway	M0.80	-0.012	-0.0066	4.70000000000002e-05	0.000543	0.000545030274388497	100
597_Teno_4294_2002	North-Norway	M0.80	-0.007	-0.012	0.000564	0.000285	0.000631918507404238	100
598_Teno_4300_2002	North-Norway	M0.80	-0.0179	-0.0106	0.000772999999999999	0.000453	0.00089595647215699	100
599_Teno_4313_2002	North-Norway	M0.80	-0.0121	-0.0069	-0.000894	0.00056	0.0010549104227374	100
5_64	Spain-Cant	M0.80	-4e-04	0.0198	-0.001036	0.001209	0.00159216110993831	100
5_65	Spain-Cant	M0.80	-0.0048	0.0406	0.000787	0.000108000000000003	0.000794375855625031	100
5_66	Spain-Cant	M0.80	4e-04	0.026	-0.000416	0.00185	0.00189619513763748	100
5_67	Spain-Cant	M0.80	-0.0014	0.0387	-0.000961	-0.000143999999999999	0.000971728871650935	100
5_68	Spain-Cant	M0.80	-6e-04	0.0297	-0.000869	-0.000152000000000001	0.000882193289477992	100
5_69	Spain-Cant	M0.80	0.0033	0.029	-0.001154	-0.001336	0.00176539287412179	100
5_70	Spain-Cant	M0.80	-0.0012	0.0289	-0.000866	-0.001307	0.00156786638461318	100
5_71	Spain-Cant	M0.80	-0.0024	0.0308	-0.000312	-0.0015	0.00153210443508268	100
5_72	Spain-Cant	M0.80	-5e-04	0.0263	0.000465	9.99999999999977e-06	0.000465107514452304	100
5_73	Spain-Cant	M0.80	2e-04	0.022	0.000285	-3.59999999999986e-05	0.000287264686308637	100
5_74	Spain-Cant	M0.80	0.0012	0.0266	-0.001353	-0.000231999999999999	0.00137274651702344	100
5_75	Spain-Cant	M0.80	-0.003	0.0209	-0.000401	0.000586000000000001	0.00071006830657339	100
5_76	Spain-Cant	M0.80	-7e-04	0.0261	0.000639	-0.000167000000000002	0.000660461959540442	100
5_77	Spain-Cant	M0.80	-3e-04	0.0067	-0.001646	-0.001112	0.0019864188883516	100
5_78	Spain-Cant	M0.80	-8e-04	0.0241	1.10000000000001e-05	-0.000927	0.000927065261996155	100
5_79	Spain-Cant	M0.80	0.0072	0.0177	0.000414	0.000852	0.000947259204230816	100
600_Teno_4318_2002	North-Norway	M0.80	-0.0117	-0.0097	-3.39999999999998e-05	2e-04	0.000202869416127715	100
601_Teno_4337_2002	North-Norway	M0.80	-0.01	-0.0141	0.000592	-0.000222	0.000632256277153498	100
602_Teno_4342_2002	North-Norway	M0.80	-0.0138	-0.0101	0.000768	-0.000532	0.000934263346171731	100
603_Teno_4367_2002	North-Norway	M0.80	-0.0106	-0.0085	-0.000155	-0.000564	0.000584911104356892	100
604_Teno_4410_2002	North-Norway	M0.80	-0.0112	-0.0119	7.59999999999999e-05	-0.000655999999999999	0.000660387764877575	100
605_Teno_4417_2002	North-Norway	M0.80	-0.0091	-0.0127	-0.000580999999999999	0.001227	0.00135760450794773	100
606_Teno_4425_2002	North-Norway	M0.80	-0.0108	-0.0124	0.001269	-0.000306	0.00130537236066955	100
607_Teno_4432_2002	North-Norway	M0.80	-0.0098	-0.011	-0.000292	-0.001045	0.00108502949268672	100
608_Teno_4443_2002	North-Norway	M0.80	-0.0137	-0.0148	-0.000149	0.000384000000000001	0.000411894403943536	100
609_Teno_4444_2002	North-Norway	M0.80	-0.0135	-0.0102	-0.000537	-0.000889999999999999	0.00103945610777945	100
610_Teno_4451_2002	North-Norway	M0.80	-0.0127	-0.0151	-0.001197	0.000585	0.00133230401935895	100
611_Teno_4453_2002	North-Norway	M0.80	-0.0156	-0.0127	0.000261999999999999	-0.000755000000000001	0.000799167692039662	100
612_Teno_4461_2002	North-Norway	M0.80	-0.0141	-0.01	-0.000266	-0.000893	0.000931775187478181	100
613_Teno_4468_2002	North-Norway	M0.80	-0.0141	-0.0077	-0.001573	0.000123	0.00157780163518739	100
614_Teno_4475_2002	North-Norway	M0.80	-0.0112	-0.0139	-0.001328	0.000338999999999999	0.00137058564124975	100
615_Teno_4477_2002	North-Norway	M0.80	-0.0144	-0.0126	-0.000265	-0.000878	0.000917119948534541	100
616_Teno_4478_2002	North-Norway	M0.80	-0.0138	-0.008	-0.000758	-0.000817	0.00111447431554074	100
617_Teno_4479_2002	North-Norway	M0.80	-0.0035	-0.0208	-0.001039	0.000305999999999999	0.00108312372331142	100
618_Teno_4485_2002	North-Norway	M0.80	-0.0105	-0.0182	-0.000770999999999999	0.001077	0.00132452633042911	100
619_Teno_4532_2002	North-Norway	M0.80	-0.0069	-0.0119	-0.000349	-9.99999999999912e-06	0.00034914323708186	100
620_Teno_4536_2002	North-Norway	M0.80	-0.012	-0.0149	0.000695	-0.000196	0.000722108717576516	100
621_Teno_4537_2002	North-Norway	M0.80	-0.0114	-0.0123	-4.59999999999995e-05	0.000999	0.00100005849828898	100
622_Teno_4540_2002	North-Norway	M0.80	-0.0115	-0.0176	-0.000302	0.000580000000000001	0.000653914367482472	100
623_Teno_4542_2002	North-Norway	M0.80	-0.0103	-0.0082	0.000296	-0.000104999999999999	0.000314071647876722	100
624_Teno_4548_2002	North-Norway	M0.80	-0.0153	-0.0157	-0.000613000000000001	-0.000519000000000001	0.000803199850597597	100
625_Teno_4556_2002	North-Norway	M0.80	-0.0022	-0.003	-0.000453	-0.000608	0.000758203798460546	100
626_Teno_4562_2002	North-Norway	M0.80	-0.0114	-0.016	-0.000291	-3.59999999999995e-05	0.000293218348675522	100
627_Teno_4563_2002	North-Norway	M0.80	-0.0101	-0.013	0.000263	-1.80000000000006e-05	0.000263615249938238	100
628_Teno_4570_2002	North-Norway	M0.80	-0.0067	-0.0157	0.000518	-0.001982	0.00204857218569422	100
629_Teno_4579_2002	North-Norway	M0.80	-0.0162	-0.0132	0.000220999999999999	0.001531	0.00154686844948108	100
630_Teno_4580_2002	North-Norway	M0.80	-0.0099	-0.0101	-0.000474999999999999	0.000503	0.000691833795069306	100
631_Teno_4583_2002	North-Norway	M0.80	-0.0134	-0.0119	-0.000988999999999999	0.000130000000000001	0.000997507393456309	100
632_Teno_4592_2002	North-Norway	M0.80	-0.014	-0.0126	-0.00099	0.000255	0.00102231355268332	100
633_Teno_4595_2002	North-Norway	M0.80	-0.0066	-0.0126	0.000238	0.000155	0.000284022886401783	100
634_Teno_4596_2002	North-Norway	M0.80	-0.0126	-0.0097	-0.000375	0.000988	0.00105677291789674	100
635_Teno_4599_2002	North-Norway	M0.80	-0.0165	-0.0124	-0.000865999999999999	-0.000389	0.000949356097573508	100
636_Teno_4650_2002	North-Norway	M0.80	-0.0175	-0.0146	-0.000246999999999998	-0.00043	0.00049589212536599	100
637_Teno_4695_2002	North-Norway	M0.80	-0.0086	-0.0144	0.00032	-0.00113	0.0011744360348695	100
638_Teno_4775_2002	North-Norway	M0.80	-0.0109	-0.0137	0.000282	-0.000137	0.000313517144666763	100
639_Teno_4788_2002	North-Norway	M0.80	-0.0137	-0.0099	0.000796	0.000547000000000001	0.000965828659752858	100
640_Teno_4793_2002	North-Norway	M0.80	-0.0057	-0.0087	0.000372	0.000257999999999999	0.000452711828871303	100
641_Teno_4794_2002	North-Norway	M0.80	-0.0146	-0.0117	-7.99999999999999e-05	0.000797000000000001	0.000801004993742237	100
642_Teno_2303_2003	North-Norway	M0.80	-0.0127	-0.0087	-3.80000000000006e-05	0.000621999999999999	0.000623159690609076	100
643_Teno_2519_2003	North-Norway	M0.80	-0.0126	-0.0139	-1.09999999999998e-05	0.000293999999999999	0.000294205710345669	100
644_Teno_2520_2003	North-Norway	M0.80	-0.0152	-0.0088	0.00063	0.000733000000000001	0.000966534531198964	100
645_Teno_2605_2003	North-Norway	M0.80	-0.0137	-0.0096	-0.00024	0.00104	0.00106733312513011	100
646_Teno_2608_2003	North-Norway	M0.80	-0.0057	-0.0179	0.000547	-0.000237000000000001	0.000596135890548456	100
647_Teno_2632_2003	North-Norway	M0.80	-0.0157	-0.0127	-0.000484000000000001	0.000298	0.000568383673234903	100
648_Teno_2635_2003	North-Norway	M0.80	-0.016	-0.0104	0.000246	0.000572	0.000622655603042324	100
649_Teno_2683_2003	North-Norway	M0.80	-0.0108	-0.0099	0.000111000000000001	-0.000628999999999999	0.000638719030560386	100
650_Teno_2684_2003	North-Norway	M0.80	-0.0091	-0.0097	0.000315	-0.001358	0.00139405487696862	100
651_Teno_2687_2003	North-Norway	M0.80	-0.014	-0.0134	-6.59999999999997e-05	3.00000000000006e-05	7.24982758415674e-05	100
652_Teno_2689_2003	North-Norway	M0.80	-0.0148	-0.0118	-0.000693999999999999	-5.60000000000003e-05	0.000696255700156199	100
653_Teno_2690_2003	North-Norway	M0.80	-0.0081	-0.0125	0.000487	-0.001541	0.00161612190134284	100
654_Teno_2691_2003	North-Norway	M0.80	-0.0014	-0.0064	-0.000391	-0.001262	0.00132118318184875	100
655_Teno_2692_2003	North-Norway	M0.80	-0.0124	-0.0152	-0.000189	-0.000853	0.000873687587184344	100
656_Teno_2776_2003	North-Norway	M0.80	-0.0144	-0.0075	-0.000481000000000001	-0.000218	0.000528095635278309	100
657_Teno_2788_2003	North-Norway	M0.80	-0.0055	-0.0107	-0.000719	-0.000226	0.000753682293808207	100
658_Teno_2790_2003	North-Norway	M0.80	-0.0134	-0.0173	-0.000746	0.000260999999999999	0.000790339800339069	100
659_Teno_2792_2003	North-Norway	M0.80	-0.0118	-0.0114	-0.000688	0.000375	0.000783561739749971	100
660_Teno_2798_2003	North-Norway	M0.80	-0.0113	-0.0143	-0.000443000000000001	-0.000888	0.000992367371491022	100
661_Teno_2799_2003	North-Norway	M0.80	-0.0101	-0.0071	-0.000256000000000001	0.001066	0.00109630835078458	100
662_Teno_2800_2003	North-Norway	M0.80	-0.0086	-0.0114	-0.00061	-0.000771	0.00098312817068783	100
663_Teno_2801_2003	North-Norway	M0.80	-0.0099	-0.0072	-0.000251999999999999	0.001411	0.00143332655037155	100
664_Teno_2804_2003	North-Norway	M0.80	-0.0127	-0.0159	0.000462	-0.001841	0.00189808456081387	100
665_Teno_2805_2003	North-Norway	M0.80	-0.0156	-0.0116	9.99999999999993e-05	7.59999999999993e-05	0.00012560254774486	100
666_Teno_2806_2003	North-Norway	M0.80	-0.0093	-0.0045	8.99999999999921e-06	-0.002619	0.00261901546387187	100
667_Teno_2808_2003	North-Norway	M0.80	-0.0157	-0.0112	-0.000120000000000001	0.000182	0.000218000000000001	100
668_Teno_2809_2003	North-Norway	M0.80	-0.0098	-0.0076	-0.000238	-0.000121	0.000266992509258219	100
669_Teno_2814_2003	North-Norway	M0.80	-0.0154	-0.0066	-9.39999999999995e-05	0.000485	0.000494025302995707	100
670_Teno_2816_2003	North-Norway	M0.80	-0.0137	-0.0053	0.000293	0.001312	0.00134431878659788	100
671_Teno_2820_2003	North-Norway	M0.80	-0.0041	-0.0219	-0.000216	0.000128	0.000251077677223603	100
672_Teno_2822_2003	North-Norway	M0.80	-0.0079	-0.0094	0.000291000000000001	-0.000935	0.000979237458433857	100
673_Teno_2824_2003	North-Norway	M0.80	-0.0175	-0.0157	0.000933000000000002	-0.000140000000000001	0.000943445281932134	100
674_Teno_2827_2003	North-Norway	M0.80	-0.0059	-0.0136	-0.000578	-0.000599000000000001	0.000832397140792783	100
675_Teno_2853_2003	North-Norway	M0.80	-0.01	-0.0157	-0.000821	-0.000712000000000001	0.00108673133754392	100
676_Teno_2895_2003	North-Norway	M0.80	-0.0104	-0.0124	-0.001731	-0.001916	0.00258213419480863	100
677_Teno_2929_2003	North-Norway	M0.80	-0.0155	-0.0144	0.001101	-0.000598	0.0012529185927266	100
678_Teno_2955_2003	North-Norway	M0.80	-0.0125	-0.0088	-0.000511999999999999	0.000196000000000001	0.000548233526884301	100
679_Teno_2989_2003	North-Norway	M0.80	-0.0111	-0.0141	0.00016	0.000177	0.000238597988256398	100
680_Teno_3022_2003	North-Norway	M0.80	-0.014	-0.0109	0.00067	-0.000712	0.000977672746884151	100
681_Teno_3024_2003	North-Norway	M0.80	-0.0082	-0.0143	0.000352000000000001	0.000941	0.0010046815415842	100
682_Teno_3025_2003	North-Norway	M0.80	-0.0042	-0.0054	0.000127	0.000976	0.000984228123963139	100
683_Teno_3026_2003	North-Norway	M0.80	-0.0077	-0.0143	0.000528	-2.39999999999997e-05	0.000528545173093086	100
684_Teno_3033_2003	North-Norway	M0.80	-0.0087	-0.0109	-0.000313000000000001	-0.000503	0.000592433962564606	100
685_Teno_3035_2003	North-Norway	M0.80	-0.0107	-0.0067	-0.000331000000000001	-6e-04	0.000685245211584875	100
686_Teno_3058_2003	North-Norway	M0.80	-0.0127	-0.0067	-0.000983000000000001	0.001481	0.0017775404355457	100
687_Teno_3060_2003	North-Norway	M0.80	-0.0073	-0.0133	0.000598	0.000292999999999999	0.000665922668183025	100
688_Teno_3061_2003	North-Norway	M0.80	-0.0163	-0.0108	0.000229999999999999	-0.000238	0.000330974319245465	100
689_Teno_3062_2003	North-Norway	M0.80	-0.0113	-0.0124	-0.000327000000000001	-0.00036	0.000486342471926934	100
690_Teno_3063_2003	North-Norway	M0.80	-0.0127	-0.0085	0.000327	-0.000186999999999999	0.000376693509368026	100
691_Teno_3069_2003	North-Norway	M0.80	-0.0143	-0.0127	-6.29999999999997e-05	-1.00000000000005e-05	6.37887137352681e-05	100
692_Teno_3086_2003	North-Norway	M0.80	-0.0125	-0.0059	0.001827	-0.000768	0.00198185594834741	100
693_Teno_3089_2003	North-Norway	M0.80	-0.0079	-0.0096	0.000393000000000001	-0.000563000000000001	0.000686598863966437	100
694_Teno_3091_2003	North-Norway	M0.80	-0.0065	-0.0166	-0.000908	-0.000335	0.000967826947341311	100
695_Teno_3137_2003	North-Norway	M0.80	-0.0109	-0.013	0.000385	0.000858999999999999	0.000941332034937725	100
696_Teno_3139_2003	North-Norway	M0.80	-0.0158	-0.0044	-0.000206999999999999	0.000173	0.000269773979471704	100
697_Teno_3141_2003	North-Norway	M0.80	-0.0161	-0.0131	0.000728	-7.09999999999994e-05	0.000731454031364924	100
698_Teno_3144_2003	North-Norway	M0.80	-0.0195	-0.0124	0.00021	0.002231	0.00224086166462814	100
699_Teno_3147_2003	North-Norway	M0.80	-0.0072	-0.0075	-0.000233	-0.001049	0.00107456502827888	100
6_80	Spain-Cant	M0.80	0.0027	0.0281	-0.000537	0.001991	0.00206214693947837	100
6_81	Spain-Cant	M0.80	-5e-04	0.0313	-0.000724	0.000652999999999999	0.000974979486963699	100
6_82	Spain-Cant	M0.80	0.0058	0.0236	-0.000233	0.000523	0.000572553927591105	100
6_83	Spain-Cant	M0.80	-0.0031	0.0192	0.000329	0.000974000000000002	0.00102806468668076	100
6_84	Spain-Cant	M0.80	-0.0011	0.0288	-7.89999999999999e-05	0.000300000000000001	0.00031022733599733	100
6_85	Spain-Cant	M0.80	-0.0018	0.0284	8.99999999999999e-05	0.001821	0.00182322269621678	100
6_86	Spain-Cant	M0.80	0.0031	0.0223	0.000325	-0.000663	0.000738372534700473	100
6_87	Spain-Cant	M0.80	8e-04	0.0233	-0.000694	0.000760999999999999	0.0010299305801849	100
6_88	Spain-Cant	M0.80	0.0012	0.0264	-0.001303	-0.000104	0.00130714383294265	100
6_89	Spain-Cant	M0.80	0.0061	0.0276	0.000512	0.000608	0.00079486351029595	100
6_90	Spain-Cant	M0.80	-0.0048	0.0239	-0.00042	0.000749999999999999	0.000859592926913663	100
6_91	Spain-Cant	M0.80	0.0037	0.0235	-0.000519	0.002056	0.00212049451779532	100
6_92	Spain-Cant	M0.80	-0.0016	0.0243	0.000906	-0.000366999999999999	0.000977509590745789	100
6_93	Spain-Cant	M0.80	9e-04	0.0283	-0.000469	-0.001132	0.00122531016481542	100
6_94	Spain-Cant	M0.80	0.0037	0.033	0.000829	0.000750999999999998	0.00111858929013289	100
6_95	Spain-Cant	M0.80	-0.0055	0.0275	0.000388	0.001556	0.00160364584618924	100
700_Teno_3151_2003	North-Norway	M0.80	-0.0096	-0.0141	0.000733999999999999	-0.00024	0.000772240895058012	100
701_Teno_3153_2003	North-Norway	M0.80	-0.0115	-0.0084	-0.000582	0.000625999999999999	0.000854751425854324	100
702_Teno_3154_2003	North-Norway	M0.80	-0.0113	-0.0123	0.000364999999999999	-0.001095	0.00115423134596146	100
703_Teno_3155_2003	North-Norway	M0.80	-0.0165	-0.0088	-0.000668999999999999	-0.000275999999999999	0.000723696759699806	100
704_Teno_3159_2003	North-Norway	M0.80	-0.007	-0.0034	-0.000515	-0.001638	0.00171705241620633	100
705_Teno_3160_2003	North-Norway	M0.80	-0.0157	-0.0168	0.000272999999999999	-0.001433	0.00145877277188738	100
706_Teno_3161_2003	North-Norway	M0.80	-0.0104	-0.0189	-0.00062	-0.000925	0.0011135640978408	100
707_Teno_3168_2003	North-Norway	M0.80	-0.0093	-0.0152	0.000120999999999999	-0.000409	0.000426523152947176	100
708_Teno_3173_2003	North-Norway	M0.80	-0.0129	-0.0091	-7.9e-05	0.001125	0.00112777036669705	100
709_Teno_3179_2003	North-Norway	M0.80	-0.0142	-0.0121	-0.000355999999999999	0.000499	0.000612973898302366	100
710_Teno_3184_2003	North-Norway	M0.80	-0.0152	-0.002	-0.000718	-0.000575	0.000919863576841697	100
711_Teno_3186_2003	North-Norway	M0.80	-0.0086	-0.0094	-9.69999999999998e-05	7.30000000000004e-05	0.000121400164744534	100
712_Teno_3189_2003	North-Norway	M0.80	-0.0105	-0.0041	0.000234000000000001	0.00015	0.000277949635725612	100
713_Teno_3192_2003	North-Norway	M0.80	-0.0034	-0.0085	-0.000697	-0.000868999999999999	0.00111398833027999	100
714_Teno_3193_2003	North-Norway	M0.80	-0.0127	-0.0089	0.000402999999999999	0.000778	0.000876180917390923	100
715_Teno_3196_2003	North-Norway	M0.80	-0.0083	-0.0115	0.000628	0.000257	0.000678552135064064	100
716_Teno_3197_2003	North-Norway	M0.80	-0.0092	-0.0109	0.000198	-0.000542	0.000577033794504273	100
717_Teno_3204_2003	North-Norway	M0.80	-0.0097	-0.017	0.001165	-0.001694	0.00205593312148036	100
718_Teno_3210_2003	North-Norway	M0.80	-0.0101	-0.0151	-0.000587	-0.000660999999999999	0.000884019230560059	100
719_Teno_3215_2003	North-Norway	M0.80	-0.0067	-0.0119	-0.000253	0.000606000000000001	0.000656692469882213	100
720_Teno_3216_2003	North-Norway	M0.80	-0.0149	-0.0141	-0.000735	-1.30000000000003e-05	0.000735114956996523	100
721_Teno_3217_2003	North-Norway	M0.80	-0.0037	-0.007	0.00071	-0.000463	0.00084762550693098	100
722_Teno_3218_2003	North-Norway	M0.80	-0.006	-0.0142	-0.000553	0.000883000000000001	0.00104187235302603	100
723_Teno_3223_2003	North-Norway	M0.80	-0.007	-0.0149	0.000235	0.001293	0.0013141818747799	100
724_Teno_3224_2003	North-Norway	M0.80	-0.0148	-0.0078	-0.000130999999999999	7.59999999999997e-05	0.000151449661604111	100
725_Teno_3230_2003	North-Norway	M0.80	-0.0124	-0.0131	-0.000157000000000001	-0.000821999999999999	0.00083685900843571	100
726_Teno_3231_2003	North-Norway	M0.80	-0.0127	-0.0111	-0.000243000000000001	0.000246	0.000345781723056613	100
727_Teno_3233_2003	North-Norway	M0.80	-0.0127	-0.0133	-7.90000000000005e-05	0.001528	0.00153004084912789	100
728_Teno_3235_2003	North-Norway	M0.80	-0.0083	-0.0053	-0.00061	-0.000125	0.000622675678021874	100
729_Teno_3244_2003	North-Norway	M0.80	-0.0094	-0.0154	-0.00053	8.50000000000005e-05	0.000536772763839597	100
730_Teno_3245_2003	North-Norway	M0.80	-0.0167	-0.0145	0.000703	-0.000615999999999999	0.000934700486787077	100
731_Teno_3249_2003	North-Norway	M0.80	-0.0144	-0.0148	-0.000742	0.000417000000000001	0.00085114804822663	100
732_Teno_3250_2003	North-Norway	M0.80	-0.0118	-0.0143	-0.000265	-4.69999999999999e-05	0.000269135653528105	100
733_Teno_3251_2003	North-Norway	M0.80	-0.0101	-0.0113	7.89999999999997e-05	-0.000959000000000001	0.000962248408676263	100
734_Teno_3253_2003	North-Norway	M0.80	-0.0171	-0.0073	-0.000931999999999999	-0.000684	0.00115606228205923	100
735_Teno_3254_2003	North-Norway	M0.80	-0.0171	-0.011	-0.000370999999999999	-0.000414000000000001	0.000555910964094072	100
736_Teno_3257_2003	North-Norway	M0.80	-0.0185	-0.0146	-0.000670000000000001	-0.000663	0.00094258633556826	100
737_Teno_3259_2003	North-Norway	M0.80	-0.0076	-0.0064	0.000857	0.000371	0.000933857590856336	100
738_Teno_3265_2003	North-Norway	M0.80	-0.0055	-0.013	0.000184	0.000195999999999999	0.000268834521592744	100
739_Teno_3269_2003	North-Norway	M0.80	-0.0144	-0.0119	0.00026	0.000270000000000001	0.000374833296279827	100
740_Teno_3272_2003	North-Norway	M0.80	-0.0121	-0.0126	-0.00128	-0.001318	0.00183725991628838	100
741_Teno_3277_2003	North-Norway	M0.80	-0.011	-0.0166	-0.000247000000000001	-0.00112	0.00114691281272815	100
742_Teno_3278_2003	North-Norway	M0.80	-0.007	-0.0171	0.000246	-0.000420999999999999	0.000487603322384087	100
743_Teno_3294_2003	North-Norway	M0.80	-0.0153	-0.0149	0.000173999999999999	0.00083	0.000848042451767599	100
744_Teno_3300_2003	North-Norway	M0.80	-0.0099	-0.017	-1.09999999999992e-05	0.000608000000000001	0.000608099498437551	100
745_Teno_3302_2003	North-Norway	M0.80	-0.0134	-0.0132	-0.000372999999999999	-0.000349	0.000510813077358049	100
746_Teno_3303_2003	North-Norway	M0.80	-0.0134	-0.0109	-0.000198	0.000404	0.000449911102330227	100
747_Teno_3305_2003	North-Norway	M0.80	-0.0106	-0.0077	-0.000894	-0.000119	0.000901885247689527	100
748_Teno_3307_2003	North-Norway	M0.80	-0.0176	-0.0081	-0.000594999999999999	-0.000761	0.000965994824002696	100
749_Teno_3308_2003	North-Norway	M0.80	-0.0101	-0.0145	0.000704	0.000630000000000001	0.000944730649444592	100
750_Teno_3309_2003	North-Norway	M0.80	-0.0078	-0.0117	-0.000118	-0.000395	0.000412248711338192	100
751_Teno_3317_2003	North-Norway	M0.80	-0.0106	-0.0124	0.001534	0.000804	0.00173192725020423	100
752_Teno_3319_2003	North-Norway	M0.80	-0.0075	-0.0143	0.00121	0.000366	0.00126414239704236	100
753_Teno_3320_2003	North-Norway	M0.80	-0.0092	-0.0089	-0.000962	0.000243	0.000992216206277644	100
754_Teno_3321_2003	North-Norway	M0.80	-0.0133	-0.0184	-0.000703000000000001	-6.20000000000004e-05	0.000705728701414361	100
755_Teno_3347_2003	North-Norway	M0.80	-0.0175	-0.013	-0.000180999999999998	0.000179999999999999	0.000255266527378736	100
756_Teno_3348_2003	North-Norway	M0.80	-0.0122	-0.0128	0.000482000000000001	0.001106	0.00120646591331873	100
757_Teno_3349_2003	North-Norway	M0.80	-0.0094	-0.0028	-0.000408	0.001545	0.00159796401711678	100
758_Teno_3351_2003	North-Norway	M0.80	-0.0137	-0.0145	-0.000212	7.70000000000008e-05	0.00022555043781824	100
759_Teno_3352_2003	North-Norway	M0.80	-0.0131	-0.0173	-0.001223	0.000248999999999999	0.00124809054158743	100
760_Teno_3355_2003	North-Norway	M0.80	-0.0117	-0.0159	-0.000309	-0.001082	0.00112525774825148	100
761_Teno_3360_2003	North-Norway	M0.80	-0.0179	-0.0212	0.000951999999999999	-0.000527	0.00108813280439476	100
762_Teno_3402_2003	North-Norway	M0.80	-0.0069	-0.0057	-4.70000000000001e-05	0.001012	0.00101309081527768	100
763_Teno_3409_2003	North-Norway	M0.80	-0.0182	-0.0074	0.000838000000000001	0.000944	0.00126229156695274	100
764_Teno_3410_2003	North-Norway	M0.80	-0.0138	-0.0184	0.000827	-5.80000000000002e-05	0.000829031362494809	100
765_Teno_3498_2003	North-Norway	M0.80	-0.0131	-0.0156	-0.000117999999999999	-0.000380000000000001	0.000397899484794841	100
766_Teno_3503_2003	North-Norway	M0.80	-0.0077	-0.0137	-0.000192	0.000179	0.000262497619036821	100
767_Teno_3504_2003	North-Norway	M0.80	-0.0116	-0.0101	0.000651999999999999	0.000120999999999999	0.000663132716731725	100
768_Teno_3505_2003	North-Norway	M0.80	-0.0077	-0.0126	-0.000273	0.000357	0.000449419625739687	100
769_Teno_3506_2003	North-Norway	M0.80	-0.0118	-0.0138	-0.000594	0.000336	0.000682445602227753	100
770_Teno_3507_2003	North-Norway	M0.80	-0.0091	-0.0104	0.000468	4.29999999999996e-05	0.000469971275717996	100
771_Teno_3508_2003	North-Norway	M0.80	-0.0081	-0.0181	-0.000321	-0.000933999999999998	0.000987621891211408	100
772_Teno_3509_2003	North-Norway	M0.80	-0.0155	-0.0116	-0.000586	-0.000919000000000001	0.00108993440169581	100
773_Teno_3511_2003	North-Norway	M0.80	-0.0128	-0.0128	-0.000230999999999999	0.000978000000000001	0.00100491044377099	100
774_Teno_3513_2003	North-Norway	M0.80	-0.01	-0.0188	3.30000000000001e-05	-0.000591999999999999	0.000592919050124044	100
775_Teno_3517_2003	North-Norway	M0.80	-0.0149	-0.0121	0.000672	-0.00052	0.000849696416374696	100
776_Teno_3548_2003	North-Norway	M0.80	-0.0126	-0.0086	-0.000698	-0.00094	0.0011708133924755	100
777_Teno_3549_2003	North-Norway	M0.80	-0.0072	-0.011	-0.000347	-6.50000000000007e-05	0.000353035408988957	100
778_Teno_3550_2003	North-Norway	M0.80	-8e-04	-0.0123	-0.000791	0.000687	0.00104768793063584	100
779_Teno_3551_2003	North-Norway	M0.80	-0.0095	-0.014	0.000496	0.000905	0.00103200823640124	100
780_Teno_3557_2003	North-Norway	M0.80	-0.0174	-0.0087	-0.000133000000000001	-0.001738	0.00174308146682822	100
781_Teno_3558_2003	North-Norway	M0.80	-0.005	-0.0093	5.00000000000014e-06	0.000345999999999999	0.000346036125281739	100
782_Teno_3566_2003	North-Norway	M0.80	-0.0124	-0.0136	0.000156	0.000587999999999999	0.000608342009070555	100
783_Teno_3567_2003	North-Norway	M0.80	-0.0095	-0.0135	0.000431	-2.20000000000001e-05	0.000431561119657459	100
784_Teno_3574_2003	North-Norway	M0.80	-0.0114	-0.0069	0.000134	0.000338	0.000363593179253957	100
785_Teno_3598_2003	North-Norway	M0.80	-0.0082	-0.0142	0.000581000000000001	0.000214000000000001	0.000619158299629425	100
786_Teno_3649_2003	North-Norway	M0.80	-0.0134	-0.008	4.60000000000005e-05	-0.000929	0.000930138161780281	100
787_Teno_3650_2003	North-Norway	M0.80	-0.0109	-0.0113	-0.000426	-0.000610000000000001	0.000744026881234812	100
788_Teno_3653_2003	North-Norway	M0.80	-0.0118	-0.0084	0.000238	-0.000783	0.000818372164727027	100
789_Teno_3657_2003	North-Norway	M0.80	-0.0166	-0.0115	0.000491	-0.000753	0.000898938262618741	100
790_Teno_3660_2003	North-Norway	M0.80	-0.0155	-0.0099	-0.00101	0.000888000000000001	0.00134485835685399	100
791_Teno_3677_2003	North-Norway	M0.80	-0.0091	-0.0112	0.000222000000000001	-0.001438	0.00145503539475849	100
792_Teno_3679_2003	North-Norway	M0.80	-0.0164	-0.0108	-0.000388999999999999	-0.000265999999999999	0.000471250464190751	100
793_Teno_3681_2003	North-Norway	M0.80	-0.0137	-0.0114	-0.000187	0.001133	0.00114832835025527	100
794_Teno_3683_2003	North-Norway	M0.80	-0.011	-0.0144	0.000400999999999999	-4.20000000000005e-05	0.000403193501931764	100
795_Teno_3684_2003	North-Norway	M0.80	-0.0101	-0.0075	-0.000346	0.001441	0.00148195715187721	100
796_Teno_3685_2003	North-Norway	M0.80	-0.0148	-0.0131	0.000216000000000001	-0.000366	0.000424984705607155	100
797_Teno_3687_2003	North-Norway	M0.80	-0.0156	-0.0137	-0.001207	0.00089	0.00149964962574596	100
798_Teno_3688_2003	North-Norway	M0.80	-0.0058	-0.0142	0.00018	-0.001437	0.00144822960886732	100
799_Teno_3690_2003	North-Norway	M0.80	-0.0091	-0.0061	-2.09999999999995e-05	0.000928	0.000928237577347524	100
7_100	Spain-Atl	M0.80	-4e-04	0.0425	-0.000438	-0.002444	0.00248293777610314	100
7_101	Spain-Atl	M0.80	-0.0021	0.0312	0.001474	-0.000408999999999999	0.00152969179902358	100
7_102	Spain-Atl	M0.80	-0.0017	0.0193	0.000115	0.001283	0.00128814362553249	100
7_103	Spain-Atl	M0.80	-4e-04	0.0474	0.000439	-0.00161	0.00166877829564025	100
7_104	Spain-Atl	M0.80	0.0063	0.0295	0.000203	0.000564000000000002	0.00059942055353483	100
7_105	Spain-Atl	M0.80	0.0054	0.0502	0.000722	-0.000397000000000001	0.000823949634383074	100
7_106	Spain-Atl	M0.80	0.0037	0.0433	-0.000791	0.000416000000000002	0.000893720873651277	100
7_107	Spain-Atl	M0.80	0.0034	0.0424	0.000713	4.1e-05	0.000714177848998413	100
7_108	Spain-Atl	M0.80	0.0044	0.0489	-0.000446	-0.000917999999999999	0.00102060766213075	100
7_109	Spain-Atl	M0.80	0.0015	0.043	0.000531	-0.000794999999999997	0.000956026150269957	100
7_110	Spain-Atl	M0.80	0.0015	0.0435	0.000577	-0.000345999999999997	0.000672788971372151	100
7_111	Spain-Atl	M0.80	6e-04	0.0425	-0.000884	-0.000816000000000003	0.00120304280888088	100
7_112	Spain-Atl	M0.80	0.0015	0.0464	0.00011	-0.000949999999999997	0.000956347217280415	100
7_96	Spain-Atl	M0.80	-0.0015	0.0389	-0.001228	0.000682000000000003	0.00140467362757332	100
7_97	Spain-Atl	M0.80	-0.0055	0.0482	0.000857	-0.000492	0.000988186723246168	100
7_98	Spain-Atl	M0.80	0.0014	0.0538	0.000541	-0.00025	0.000595970636860576	100
7_99	Spain-Atl	M0.80	0.0013	0.0465	-0.00057	-6.7e-05	0.000573924211024417	100
800_Teno_3692_2003	North-Norway	M0.80	-0.0128	-0.0144	-9.99999999999291e-07	0.000541	0.000541000924213628	100
801_Teno_3695_2003	North-Norway	M0.80	-0.0127	-0.0157	-0.000441	-0.000385000000000001	0.000585410966757543	100
802_Teno_3858_2003	North-Norway	M0.80	-0.0071	-0.0132	-1.29999999999996e-05	0.000324	0.000324260697587605	100
803_Teno_3865_2003	North-Norway	M0.80	-0.0049	-0.0104	-0.000896	-0.000469	0.00101132437921767	100
804_Teno_3866_2003	North-Norway	M0.80	-0.0093	-0.0197	-0.001175	-0.000771000000000001	0.00140537041380556	100
805_Teno_3870_2003	North-Norway	M0.80	-0.007	-0.0125	0.000164	-0.001104	0.00111611468944728	100
806_Teno_3892_2003	North-Norway	M0.80	-0.0115	-0.0028	0.001695	3.30000000000001e-05	0.00169532120850298	100
807_Teno_3893_2003	North-Norway	M0.80	-0.0103	-0.0178	0.000358	-0.000264	0.000444814568106756	100
808_Teno_3999_2003	North-Norway	M0.80	-0.0128	-0.0108	0.000150000000000001	0.000402000000000001	0.000429073420290748	100
809_Teno_4000_2003	North-Norway	M0.80	-0.0121	-0.0169	-0.000569	-0.000908000000000002	0.00107155261186747	100
810_Teno_4006_2003	North-Norway	M0.80	-5e-04	-0.0056	-5.19999999999999e-05	0.000427	0.000430154623362344	100
811_Teno_4088_2003	North-Norway	M0.80	-0.0131	-0.0172	2.00000000000046e-06	0.000101	0.000101019800039398	100
812_Teno_4099_2003	North-Norway	M0.80	-0.0122	-0.0123	-0.000764999999999999	-0.000288	0.000817416050735486	100
813_Teno_4103_2003	North-Norway	M0.80	-0.0022	-0.0133	-0.000144	0.000200999999999999	0.000247258973547978	100
814_Teno_4105_2003	North-Norway	M0.80	-0.0057	-0.0115	0.000403	-0.001155	0.00122328819171935	100
815_Teno_4112_2003	North-Norway	M0.80	-0.0102	-0.0144	0.000237000000000001	0.000476	0.00053173771730055	100
816_Teno_4115_2003	North-Norway	M0.80	-0.0068	-0.0119	-0.000909	-0.000647999999999999	0.00111632656512331	100
817_Teno_4119_2003	North-Norway	M0.80	-0.0107	-0.0154	-0.001419	-0.000574999999999999	0.00153107347962141	100
818_Teno_4123_2003	North-Norway	M0.80	-0.0013	-0.0093	0.000428	-0.000599000000000001	0.000736196305342536	100
819_Teno_4124_2003	North-Norway	M0.80	-0.0126	-0.0159	-0.000353	-0.001349	0.00139442102680647	100
820_Teno_4139_2003	North-Norway	M0.80	-0.0073	-0.0099	0.000115	-0.000109999999999999	0.000159138304628395	100
821_Teno_4152_2003	North-Norway	M0.80	-0.0067	-0.0157	-0.000463	-0.001048	0.00114571942464113	100
822_Teno_4154_2003	North-Norway	M0.80	-0.0179	-0.0116	-0.000614000000000001	0.000992999999999999	0.00116749518200291	100
823_Teno_4155_2003	North-Norway	M0.80	-0.0143	-0.0159	-0.000578	0.000153000000000001	0.000597907183432345	100
824_Teno_4158_2003	North-Norway	M0.80	-0.0138	-0.0119	-0.000266	0.000319000000000001	0.000415351658236729	100
8_113	Spain-Atl	M0.80	-0.001	0.0402	-0.000907	-0.000636	0.00110776576946573	100
8_114	Spain-Atl	M0.80	-0.0036	0.0339	-0.000104	-0.000413	0.000425893179095416	100
8_115	Spain-Atl	M0.80	0.0043	0.0409	7.2e-05	0.00103	0.00103251343816921	100
8_116	Spain-Atl	M0.80	-0.0011	0.0465	-0.001103	0.000351	0.00115750161986928	100
8_117	Spain-Atl	M0.80	1e-04	0.0484	0.000416	-0.000825999999999998	0.000924841608060536	100
8_118	Spain-Atl	M0.80	0.0024	0.0479	-0.000414	0.000284000000000002	0.000502047806488586	100
8_119	Spain-Atl	M0.80	-0.0015	0.0456	-0.001097	-0.000568000000000002	0.00123532708219321	100
8_120	Spain-Atl	M0.80	-7e-04	0.0434	-0.000169	-0.000132000000000001	0.000214441134113771	100
8_121	Spain-Atl	M0.80	0.0036	0.04	-0.000612	-7.00000000000009e-05	0.000615990259663252	100
8_122	Spain-Atl	M0.80	0.0062	0.0399	0.000208	-0.000457999999999998	0.000503018886325353	100
8_123	Spain-Atl	M0.80	8e-04	0.0472	-0.000449	-4.69999999999988e-05	0.000451453209092592	100
8_124	Spain-Atl	M0.80	0.0042	0.0388	0.000883	0.001219	0.00150520762687411	100
8_125	Spain-Atl	M0.80	-0.001	0.0445	9e-05	-0.000211999999999998	0.000230312830732461	100
8_126	Spain-Atl	M0.80	0.0019	0.0404	0.000826	-0.000862999999999998	0.00119458988778576	100
8_127	Spain-Atl	M0.80	-0.0027	0.0423	-0.00015	-0.000312999999999997	0.000347086444563884	100
8_128	Spain-Atl	M0.80	0.0076	0.0378	-0.000583	-0.000545	0.000798068919329653	100
8_129	Spain-Atl	M0.80	0.0017	0.0271	-0.000545	-0.000314999999999999	0.000629483915600708	100
8_130	Spain-Atl	M0.80	-0.0061	0.0427	0.000827	0.000555999999999998	0.000996526467285239	100
8_131	Spain-Atl	M0.80	-0.0017	0.0403	0.000633	0.000294999999999998	0.000698365233957131	100
8_132	Spain-Atl	M0.80	4e-04	0.0398	2.70000000000001e-05	-0.000866000000000002	0.000866420798457657	100
8_133	Spain-Atl	M0.80	6e-04	0.0434	0.000246	-0.000388000000000001	0.000459412668523628	100
8_134	Spain-Atl	M0.80	0.0022	0.0492	0.000879	-0.000648000000000001	0.0010920370872823	100
8_135	Spain-Atl	M0.80	0.0014	0.0421	0.001924	0.001553	0.00247256648040048	100
8_136	Spain-Atl	M0.80	-0.0037	0.0348	0.000362	-0.000604999999999998	0.000705031204983153	100
8_137	Spain-Atl	M0.80	0.001	0.0453	0.00023	-0.000412	0.00047185167160878	100
8_138	Spain-Atl	M0.80	0.0037	0.033	0.000449	-0.0011	0.00118810816005951	100
8_139	Spain-Atl	M0.80	0.0017	0.034	-0.000728	0.000495999999999998	0.000880908621821808	100
8_140	Spain-Atl	M0.80	0.0029	0.0434	-0.001472	-0.000118000000000001	0.00147672204561319	100
8_141	Spain-Atl	M0.80	-0.0014	0.0469	0.000949	7.20000000000028e-05	0.00095172737693102	100
8_142	Spain-Atl	M0.80	0.004	0.0489	-0.000442	-0.000257999999999999	0.000511789019030303	100
8_143	Spain-Atl	M0.80	-3e-04	0.0444	-4.50000000000001e-05	-0.000556000000000002	0.000557818070700477	100
8_144	Spain-Atl	M0.80	-0.0012	0.0425	0.000452	-7.3000000000003e-05	0.000457856964564262	100
8_145	Spain-Atl	M0.80	4e-04	0.0418	-0.000403	-0.000274999999999997	0.000487887282064206	100
8_146	Spain-Atl	M0.80	0.0026	0.0363	-0.000108	0.000110000000000001	0.000154155765380346	100
8_147	Spain-Atl	M0.80	2e-04	0.0399	-0.000379	0.001115	0.00117765275017723	100
8_148	Spain-Atl	M0.80	-0.0057	0.0354	0.001274	-3.80000000000011e-05	0.00127456659300328	100
8_149	Spain-Atl	M0.80	1e-04	0.0374	0.000364	0.000335999999999997	0.000495370568362714	100
8_150	Spain-Atl	M0.80	6e-04	0.0485	0.000338	0.000475999999999999	0.000583797910239493	100
8_151	Spain-Atl	M0.80	-0.002	0.0403	0.000459	-0.000277000000000002	0.000536106332736334	100
8_152	Spain-Atl	M0.80	0.0021	0.043	5.50000000000002e-05	-0.000293999999999997	0.000299100317619353	100
8_153	Spain-Atl	M0.80	-0.0015	0.037	0.000104	-0.000333999999999998	0.000349817095065405	100
8_154	Spain-Atl	M0.80	0.0067	0.0382	-0.00136	-0.000298999999999998	0.00139248016143857	100
8_155	Spain-Atl	M0.80	-4e-04	0.0368	0.000663	-9.69999999999995e-05	0.000670058206426874	100
8_156	Spain-Atl	M0.80	0.0019	0.0305	-0.000778	-0.00108	0.00133104620505826	100
900_Tornio_5_1_1	Finland	M0.80	0.0589	-0.0123	-0.001746	-6.89999999999998e-05	0.00174736287015605	100
901_Tornio_7_1_1	Finland	M0.80	0.0615	-0.0146	-0.001053	0.001157	0.0015644353614004	100
902_Tornio_8_1	Finland	M0.80	0.0595	-0.0088	-0.000831999999999997	0.000186000000000001	0.000852537389209409	100
903_Tornio_5_1_2	Finland	M0.80	0.0624	-0.0139	-4.29999999999969e-05	-0.000641000000000001	0.000642440658738222	100
904_Tornio_7_1_2	Finland	M0.80	0.0611	-0.016	-7.00000000000017e-05	-0.000129	0.00014676852523617	100
905_Tornio_8_2_1	Finland	M0.80	0.0596	-0.0204	-0.000789	0.001075	0.00133347140951728	100
906_Tornio_5_2	Finland	M0.80	0.0624	-0.0199	-0.000873999999999997	0.000655000000000001	0.00109220007324665	100
907_Tornio_7_2	Finland	M0.80	0.06	-0.02	-0.000633999999999998	-3.99999999999996e-05	0.00063526057645662	100
908_Tornio_8_2_2	Finland	M0.80	0.0579	-0.0177	-0.000724	-0.000591	0.000934589214575045	100
909_Tornio_7_3	Finland	M0.80	0.0622	-0.0162	-0.000234999999999998	-0.000795000000000001	0.000829005428209008	100
910_Tornio_8_3	Finland	M0.80	0.0601	-0.011	-0.000808	-0.000665000000000001	0.00104646500180369	100
911_Tornio_5_4	Finland	M0.80	0.0545	-0.0174	-0.000589	-0.000328000000000001	0.000674169859901791	100
912_Tornio_5_5	Finland	M0.80	0.0642	-0.0178	-0.00169099999999999	-0.000942	0.00193567688419322	100
913_Tornio_7_5	Finland	M0.80	0.0572	-0.0178	-0.001385	0.000296	0.00141627716214024	100
914_Tornio_5_6	Finland	M0.80	0.0648	-0.0176	-0.001721	0.000531000000000001	0.00180105580146757	100
915_Tornio_5_7_3	Finland	M0.80	0.0582	-0.0138	0.000708999999999999	0.000601	0.000929452527028679	100
916_Tornio_8_7	Finland	M0.80	0.0578	-0.0146	-0.000944999999999997	0.000174	0.000960885529082416	100
917_Tornio_5_7_1	Finland	M0.80	0.0566	-0.0113	-0.001284	-0.000754000000000001	0.00148901712548916	100
918_Tornio_5_7_2	Finland	M0.80	0.0614	-0.0173	-0.001027	0.00062	0.00119963702843819	100
919_Tornio_5_8	Finland	M0.80	0.0599	-0.0134	-0.000736000000000002	-0.000358	0.00081844975410834	100
920_Tornio_8_8	Finland	M0.80	0.0584	-0.0132	0.000729	0.00072	0.00102461748960283	100
921_Tornio_5_9_1	Finland	M0.80	0.06	-0.014	-0.000817999999999998	0.000223	0.000847851991800454	100
922_Tornio_5_9_2	Finland	M0.80	0.0588	-0.0196	-0.000414999999999998	0.000962999999999999	0.00104861527740158	100
923_Tornio_5_10_1	Finland	M0.80	0.0589	-0.0211	-0.000705000000000001	0.000428000000000001	0.000824747840251796	100
924_Tornio_5_11	Finland	M0.80	0.0662	-0.0121	-0.000700999999999995	0.000486	0.000852992965973338	100
925_Tornio_8_11	Finland	M0.80	0.0573	-0.0115	-0.000436999999999997	9.29999999999998e-05	0.000446786302386272	100
926_Tornio_5_13_2	Finland	M0.80	0.0584	-0.0132	-8.90000000000005e-05	-0.000945	0.000949181752879816	100
927_Tornio_8_13_2	Finland	M0.80	0.0531	-0.0104	8.9999999999988e-06	-0.000676000000000001	0.00067605990858799	100
928_Tornio_5_13_1	Finland	M0.80	0.0616	-0.0152	-0.001429	0.00026	0.00145246032648056	100
929_Tornio_8_13_1	Finland	M0.80	0.0592	-0.016	-4.10000000000028e-05	-0.000518	0.000519620053500632	100
930_Tornio_5_14	Finland	M0.80	0.0555	-0.0143	-0.001165	0.000541	0.001284486667895	100
931_Tornio_8_15	Finland	M0.80	0.0535	-0.013	-7.59999999999989e-05	-0.000116	0.000138679486586878	100
932_Tornio_5_16	Finland	M0.80	0.055	-0.0135	-0.000994000000000001	-9.80000000000002e-05	0.000998819302977271	100
933_Tornio_8_16	Finland	M0.80	0.0601	-0.0161	-0.000567	0.000807	0.000986274809573883	100
934_Tornio_5_17	Finland	M0.80	0.0598	-0.0103	-0.000430999999999999	-0.000831	0.000936120718711	100
935_Tornio_8_18	Finland	M0.80	0.0601	-0.0136	-0.000285	-0.000138000000000001	0.000316652806714232	100
936_Tornio_5_18_1	Finland	M0.80	0.0567	-0.0114	-0.00048	0.000738	0.000880365833048966	100
937_Tornio_5_18_2	Finland	M0.80	0.0595	-0.0137	-0.000478999999999997	-0.000578	0.000750683022320338	100
938_Tornio_8_19	Finland	M0.80	0.0578	-0.0114	-0.000598999999999997	0.000452	0.000750403224939764	100
939_Tornio_7_19	Finland	M0.80	0.0598	-0.0155	-0.000196	-0.000221	0.000295392958616145	100
940_Tornio_8_23	Finland	M0.80	0.0646	-0.0166	-0.001273	0.000799	0.00150297371899844	100
941_Tornio_8_24	Finland	M0.80	0.0621	-0.0135	-0.000788000000000002	-0.000201	0.000813231209435548	100
942_Tornio_5_25	Finland	M0.80	0.0568	-0.0172	0.000226999999999996	6.00000000000008e-06	0.00022707928130941	100
943_Tornio_8_27	Finland	M0.80	0.0587	-0.0176	-0.000496000000000002	-0.000190999999999999	0.000531504468466636	100
944_Tornio_8_29	Finland	M0.80	0.0624	-0.014	-0.000907999999999998	9.00000000000003e-05	0.000912449450654663	100
945_Tornio_5_30	Finland	M0.80	0.0622	-0.0159	-6.89999999999989e-05	-0.000228999999999999	0.000239169396035528	100
946_Tornio_8_30	Finland	M0.80	0.0588	-0.0095	0.000143000000000002	0.000694	0.000708579565045451	100
947_Tornio_7_31	Finland	M0.80	0.0626	-0.0097	-0.000633000000000003	0.000361	0.000728704329615245	100
948_Tornio_5_32	Finland	M0.80	0.0562	-0.0076	-0.000387	3.99999999999999e-05	0.000389061691766229	100
949_Tornio_8_35_2	Finland	M0.80	0.0582	-0.0184	-0.000370000000000002	0.000155	0.000401154583670686	100
950_Tornio_5_36	Finland	M0.80	0.0612	-0.0177	-0.000876999999999997	0.000714000000000001	0.00113089566273817	100
951_Tornio_8_36_1	Finland	M0.80	0.0538	-0.0085	4.99999999999991e-05	-0.000307999999999999	0.00031203204963593	100
952_Tornio_8_38	Finland	M0.80	0.0613	-0.0098	-0.001137	0.000691	0.00133050742200109	100
953_Tornio_5_40	Finland	M0.80	0.0513	-0.0075	0.000306000000000001	-0.000902	0.000952491469778077	100
954_Tornio_5_43_1	Finland	M0.80	0.063	-0.018	-0.001725	0.000783999999999999	0.00189480368376252	100
955_Tornio_5_43_2	Finland	M0.80	0.0606	-0.0122	-7.0000000000001e-05	0.000320000000000001	0.000327566787083185	100
956_Tornio_5_45	Finland	M0.80	0.0594	-0.0168	-0.000417000000000001	-0.000186000000000001	0.000456601576869815	100
957_Tornio_5_49	Finland	M0.80	0.0571	-0.0171	-0.000518999999999998	-0.000945999999999999	0.00107901668198411	100
958_Tornio_8_49	Finland	M0.80	0.0567	-0.0153	0.000298	-0.000876000000000001	0.000925299951367124	100
959_Tornio_5_52	Finland	M0.80	0.062	-0.0095	-0.001552	0.000787	0.00174013591423199	100
960_Tornio_8_54	Finland	M0.80	0.0621	-0.0165	-0.001116	-0.000931999999999999	0.00145398762030493	100
961_Tornio_8_56	Finland	M0.80	0.0623	-0.0168	-0.000872000000000001	-0.000310000000000001	0.000925464207843827	100
962_Tornio_5_60	Finland	M0.80	0.0516	-0.0126	-0.000742	-0.000744	0.00105076162853427	100
963_Tornio_7_60	Finland	M0.80	0.0585	-0.0144	-0.001231	-0.001241	0.00174798226535626	100
964_Tornio_7_61	Finland	M0.80	0.0602	-0.0167	-0.000637999999999996	-0.000193	0.000666553073655801	100
965_Tornio_5_62	Finland	M0.80	0.0592	-0.0122	-0.000662000000000002	0.000571000000000001	0.000874233950381706	100
966_Tornio_7_62	Finland	M0.80	0.0553	-0.0124	-5.30000000000021e-05	-0.000587	0.000589387817994231	100
967_Tornio_8_62	Finland	M0.80	0.0584	-0.0228	0.000517999999999999	-0.001293	0.00139290092971467	100
968_Tornio_5_64	Finland	M0.80	0.0625	-0.0158	-0.000659	-0.000769999999999998	0.00101349938332492	100
969_Tornio_8_64	Finland	M0.80	0.0574	-0.0143	-0.001174	-0.001095	0.00160539745857529	100
970_Tornio_7_65	Finland	M0.80	0.0489	-0.0165	-0.001295	0.000578000000000001	0.0014181357480862	100
971_Tornio_5_66	Finland	M0.80	0.0631	-0.0148	-0.001667	0.000575000000000001	0.00176338141081276	100
972_Tornio_8_67_1	Finland	M0.80	0.0607	-0.0144	-0.001251	0.00047	0.00133637606982466	100
973_Tornio_8_67_2	Finland	M0.80	0.0545	-0.0086	-0.000886	-4.5e-05	0.000887142040487317	100
974_Tornio_5_69	Finland	M0.80	0.059	-0.0147	-0.001083	0.00094	0.00143404637302982	100
975_Tornio_5_70	Finland	M0.80	0.0574	-0.0126	-0.001061	0.000631	0.00123445615556001	100
976_Tornio_8_72	Finland	M0.80	0.0593	-0.013	-0.001037	-0.001076	0.00149437110518104	100
977_Tornio_5_76	Finland	M0.80	0.0575	-0.0118	-0.000874000000000003	-0.001322	0.00158479020693592	100
978_Tornio_8_79	Finland	M0.80	0.0591	-0.0138	-0.000909999999999999	-4.10000000000003e-05	0.000910923158120376	100
979_Tornio_7_87	Finland	M0.80	0.0633	-0.0113	-0.000773999999999996	-0.000313000000000001	0.000834892208611383	100
980_Tornio_7_93	Finland	M0.80	0.0566	-0.015	-0.000947999999999998	-0.000916000000000001	0.0013182412525786	100
981_Tornio_7_94	Finland	M0.80	0.0605	-0.011	-0.001237	0.000134999999999999	0.0012443448075192	100
982_Tornio_7_95	Finland	M0.80	0.0608	-0.0122	-0.000346	-0.000619999999999999	0.000710011267516227	100
983_Tornio_7_103	Finland	M0.80	0.0634	-0.0131	-0.000784999999999998	-0.001451	0.00164973513025576	100
984_Tornio_8_106	Finland	M0.80	0.0632	-0.014	-0.00125200000000001	-3.69999999999997e-05	0.00125254660591932	100
985_Tornio_8_107	Finland	M0.80	0.0619	-0.0127	-0.000734999999999997	0.000552999999999999	0.000919801065448391	100
986_Tornio_8_108_1	Finland	M0.80	0.052	-0.0111	-0.000853999999999998	-0.000306	0.000907167018800836	100
987_Tornio_7_109	Finland	M0.80	0.0581	-0.013	-0.000587999999999999	-0.000313000000000001	0.000666117857439657	100
988_Tornio_8_109	Finland	M0.80	0.0596	-0.0167	-0.001356	-0.000635	0.00149731793551002	100
989_Tornio_7_110	Finland	M0.80	0.0584	-0.0184	-0.000341	0.000299	0.000453521774559943	100
990_Tornio_5_113	Finland	M0.80	0.0576	-0.0138	-0.000842999999999998	0.001382	0.00161881839623844	100
991_Tornio_7_114	Finland	M0.80	0.0604	-0.0189	-0.000778000000000002	0.000408	0.000878491889547083	100
992_Tornio_7_118	Finland	M0.80	0.057	-0.0124	-0.000288000000000002	-0.000557	0.000627051034605639	100
993_Tornio_8_118	Finland	M0.80	0.059	-0.0087	-0.000573999999999996	0.000133	0.000589207094322527	100
994_Tornio_7_121	Finland	M0.80	0.0578	-0.0138	-0.001142	-5e-04	0.00124666114080772	100
995_Tornio_7_125	Finland	M0.80	0.0599	-0.0119	-0.000627000000000002	0.000491000000000001	0.000796373028172102	100
996_Tornio_7_126	Finland	M0.80	0.054	-0.0087	-0.000236999999999999	-0.000540000000000001	0.000589719424811495	100
997_Tornio_7_130	Finland	M0.80	0.0625	-0.0154	-0.000534	0.000115000000000001	0.000546242620087448	100
998_Tornio_7_132	Finland	M0.80	0.0656	-0.0121	-0.00106500000000001	-6.90000000000004e-05	0.00106723287055825	100
999_Tornio_7_133	Finland	M0.80	0.0561	-0.0155	-0.001011	-0.000187	0.00102814882191247	100
9_157	Spain-Atl	M0.80	7e-04	0.0331	-0.000201	0.001041	0.00106022733411283	100
9_158	Spain-Atl	M0.80	9e-04	0.0409	0.000413	0.000737000000000001	0.000844830160446466	100
9_159	Spain-Atl	M0.80	0.0015	0.0373	1.4e-05	0.000123	0.0001237941840314	100
9_160	Spain-Atl	M0.80	0.0029	0.0419	0.000356	-0.000225	0.000421142493700173	100
9_161	Spain-Atl	M0.80	-0.0011	0.0444	-0.000671	0.000207999999999998	0.000702499110319721	100
9_162	Spain-Atl	M0.80	-2e-04	0.0432	-0.000854	-0.000756000000000002	0.00114054899061812	100
9_163	Spain-Atl	M0.80	-0.0018	0.0408	-0.000587	7.19999999999971e-05	0.000591399188366031	100
9_164	Spain-Atl	M0.80	-2e-04	0.0422	0.000188	7.49999999999987e-05	0.000202408003794316	100
9_165	Spain-Atl	M0.80	0.0024	0.0359	0.000292	-6.00000000000139e-06	0.000292061637330205	100
9_166	Spain-Atl	M0.80	0.0041	0.0439	-0.000455	-0.000117000000000002	0.00046980208598941	100
9_167	Spain-Atl	M0.80	-0.0043	0.0429	-0.000221	0.000643999999999999	0.000680864891149484	100
9_168	Spain-Atl	M0.80	-0.0026	0.0353	-4.50000000000002e-05	0.000597000000000002	0.000598693577717351	100
9_169	Spain-Atl	M0.80	-0.0036	0.0371	0.000481	-0.000651000000000001	0.000809420780558543	100
9_170	Spain-Atl	M0.80	-0.0033	0.0437	-0.00044	-0.000449000000000003	0.000628650141175521	100
9_171	Spain-Atl	M0.80	-0.0013	0.0433	-0.001026	0.000435000000000002	0.00111440611986834	100
SRR12588279	South-Norway	M0.80	0.0029	0.0014	-0.00057	-0.001516	0.00161961600387252	100
SRR12588280	South-Norway	M0.80	0.0153	-0.005	-0.000902999999999999	0.001449	0.00170734003643094	100
SRR12588286	South-Norway	M0.80	-0.0052	0.0053	-0.000946	4.90000000000001e-05	0.000947268177445015	100
SRR12588290	South-Norway	M0.80	-0.0047	-0.0013	-1.99999999999991e-06	0.000252	0.000252007936382964	100
SRR12588291	South-Norway	M0.80	-3e-04	-0.0013	-0.000444	0.000443	0.000627204113506919	100
SRR2170984	South-Norway	M0.80	-0.0052	-0.0027	-0.00123	0.000301	0.00126629419962345	100
SRR2174328	South-Norway	M0.80	0.0044	-0.0013	-9.10000000000003e-05	0.001278	0.00128123573162787	100
SRR2174330	South-Norway	M0.80	0.0072	0.0024	-0.000483	-0.000258	0.000547588349036025	100
SRR2174331	South-Norway	M0.80	7e-04	-0.0041	0.000649	-0.000314	0.00072096948617816	100
SRR2174333	South-Norway	M0.80	-0.0027	-0.001	-0.000578	-0.000563	0.000806878553439116	100
SRR2174334	South-Norway	M0.80	0.0021	0.0083	0.001071	-0.001134	0.00155980671879563	100
SRR2174358	South-Norway	M0.80	-0.0039	-0.0018	0.000945	0.001013	0.00138534977532752	100
SRR2174359	South-Norway	M0.80	0.0033	-0.0054	0.000535	0.002012	0.00208191474369149	100
SRR2174361	South-Norway	M0.80	1e-04	6e-04	3.60000000000001e-05	-0.000661	0.000661979606936649	100
SRR2174362	South-Norway	M0.80	0.005	-0.0046	-0.000293	0.000824	0.000874542737663517	100
SRR2174364	South-Norway	M0.80	-0.008	0.0053	-0.000879	-0.002093	0.00227008590145836	100
SRR2174366	South-Norway	M0.80	-0.0046	8e-04	0.001061	-2e-05	0.00106118848467179	100
SRR2174368	South-Norway	M0.80	0.0017	0.0018	-0.001494	-0.001086	0.00184700622630245	100
SRR2174369	South-Norway	M0.80	0.0069	-0.0072	-0.001772	-0.001118	0.00209521072925852	100
SRR2174450	South-Norway	M0.80	9e-04	-9e-04	0.001778	-0.000416	0.00182601752455994	100
SRR2174451	South-Norway	M0.80	0.002	1e-04	0.000813	0.001071	0.00134462262363832	100
SRR3669078	South-Norway	M0.80	-0.003	-0.0121	-0.001273	0.000523	0.00137624779745509	100
SRR3669756	South-Norway	M0.80	-0.0066	-0.0057	0.000464	-1.29999999999997e-05	0.000464182076345048	100
SRR5585853	UK-Scotland	M0.80	-0.0024	0.0055	0.001059	-0.000704	0.00127165128867941	100
SRR5585854	UK-Scotland	M0.80	0.0041	0.0063	-0.000651	0.001076	0.00125760764946783	100
SRR5585855	UK-Scotland	M0.80	-0.0065	0.0055	0.000549999999999999	-0.00062	0.000828794304999738	100
SRR5585857	UK-Scotland	M0.80	-0.0019	-0.0018	-0.001329	0.001053	0.00169559723991283	100
SRR5585858	UK-Scotland	M0.80	0.0016	-8e-04	0.00037	-0.000116	0.000387757656275153	100
SRR5585860	UK-Scotland	M0.80	3e-04	-0.0016	-0.001329	0.000165	0.0013392034946191	100
SRR5585861	UK-Scotland	M0.80	0.0041	0.0028	-0.000607	0.000241	0.000653092642739145	100
1000_Tornio_7_134	Finland	M0.90	0.0556	-0.0088	-0.001685	0.000696000000000001	0.00182308557122259	100
1001_Tornio_7_135	Finland	M0.90	0.0575	-0.017	-0.001935	0.000738000000000001	0.00207095847375074	100
1002_Tornio_7_141	Finland	M0.90	0.0687	-0.0117	-0.004014	0.002463	0.00470941238372687	100
1003_Tornio_7_156	Finland	M0.90	0.0645	-0.0151	-0.002764	-0.001099	0.00297447423925641	100
1004_Tornio_7_181	Finland	M0.90	0.0611	-0.0125	-0.001878	0.000548000000000001	0.00195632001472152	100
1005_Tornio_7_202	Finland	M0.90	0.0536	-0.0114	-0.002002	3.30000000000004e-05	0.00200227195954995	100
1006_Tornio_7_205	Finland	M0.90	0.0604	-0.0103	-0.002923	0.000586	0.00298116168632297	100
1007_Tornio_7_207	Finland	M0.90	0.0567	-0.0127	-0.003319	-0.000467	0.00335169360174823	100
1008_Tornio_7_218	Finland	M0.90	0.0632	-0.0138	-0.00301700000000001	5.89999999999998e-05	0.00301757684243501	100
1009_Tornio_7_238	Finland	M0.90	0.0555	-0.0165	-0.00318	0.000672000000000001	0.00325022829967373	100
1010_Tornio_7_246	Finland	M0.90	0.0588	-0.0102	-0.001902	0.000135000000000001	0.00190678499050102	100
1011_Tornio_7_267	Finland	M0.90	0.0583	-0.012	-0.002026	0.000445	0.00207429530202428	100
1012_Tornio_7_276	Finland	M0.90	0.0592	-0.0158	-0.002515	0.002602	0.00361878833313031	100
1013_Tornio_7_279	Finland	M0.90	0.0581	-0.0119	-0.002649	-0.000361999999999999	0.00267362020489074	100
10_172	Spain-Atl	M0.90	1e-04	0.0425	-0.000568	-0.002037	0.00211470872698819	100
10_173	Spain-Atl	M0.90	-0.0051	0.034	0.000222	-0.001812	0.00182554868464251	100
10_174	Spain-Atl	M0.90	4e-04	0.0411	0.000322	-0.001316	0.00135482102138991	100
10_175	Spain-Atl	M0.90	-0.0024	0.039	0.000201	-0.001306	0.00132137693335399	100
10_176	Spain-Atl	M0.90	0.0044	0.0394	-0.000297	-0.001138	0.00117611776621221	100
10_177	Spain-Atl	M0.90	3e-04	0.0486	0.000674	-0.001832	0.00195205020427242	100
10_178	Spain-Atl	M0.90	9e-04	0.0476	-0.000324	-0.00267	0.0026895865853324	100
10_179	Spain-Atl	M0.90	0.0047	0.0348	0.000162	0.000426000000000003	0.000455763096355993	100
10_180	Spain-Atl	M0.90	-0.0014	0.0438	-0.000374	-0.002073	0.0021064674220125	100
10_181	Spain-Atl	M0.90	0.0053	0.0354	-0.000155	-0.000240000000000001	0.000285700892543234	100
10_182	Spain-Atl	M0.90	-3e-04	0.0381	-0.001185	-0.001299	0.00175830202183812	100
10_183	Spain-Atl	M0.90	1e-04	0.0444	0.000537	-0.000643000000000002	0.000837745784829743	100
10_184	Spain-Atl	M0.90	0.0012	0.0495	-0.001076	-0.000528000000000002	0.00119856580962415	100
10_185	Spain-Atl	M0.90	0.0018	0.0434	0.000453	-0.001499	0.00156595338372507	100
10_186	Spain-Atl	M0.90	0.0037	0.0452	-0.000413	-0.001715	0.00176402777755907	100
10_187	Spain-Atl	M0.90	0.0061	0.0466	-0.002573	-0.00119	0.0028348596085168	100
10_188	Spain-Atl	M0.90	-0.0043	0.0469	-3.40000000000001e-05	-0.000862999999999998	0.000863669496972074	100
11_189	UK-Scotland	M0.90	9e-04	-7e-04	-0.001013	0.00198	0.00222408835256156	100
11_190	UK-Scotland	M0.90	0	0.0086	0.000789	-0.001124	0.00137327965105437	100
11_191	UK-Scotland	M0.90	-0.0011	0.0077	4.20000000000002e-05	-0.000573	0.000574537205061605	100
11_192	UK-Scotland	M0.90	0.0053	0.0051	0.001638	-0.001932	0.00253291689559685	100
11_193	UK-Scotland	M0.90	0.0105	0.0048	0.000236999999999999	-0.000613999999999999	0.000658152717839863	100
11_194	UK-Scotland	M0.90	0.0074	0.0035	-0.001519	0.000273	0.00154333729301148	100
11_195	UK-Scotland	M0.90	-0.0011	-0.003	0.001248	0.001474	0.00193136739125419	100
11_196	UK-Scotland	M0.90	-0.0052	0.0049	0.000828	0.001736	0.00192335124197324	100
11_197	UK-Scotland	M0.90	0.0022	0.0023	-0.001051	-0.00017	0.00106466003963707	100
11_198	UK-Scotland	M0.90	0.0043	0.0079	0.001065	-0.00128	0.00166512011578745	100
11_199	UK-Scotland	M0.90	-0.0041	-3e-04	-0.000855	-0.001961	0.00213928632959686	100
11_200	UK-Scotland	M0.90	-0.0028	3e-04	0.000912	-0.001195	0.00150325280641681	100
11_201	UK-Scotland	M0.90	-0.0039	0.007	-0.000547	0.000467	0.000719234315087927	100
11_202	UK-Scotland	M0.90	0.008	0.0035	0.001637	0.00018	0.00164686641838371	100
11_203	UK-Scotland	M0.90	-0.002	0.0086	-0.001602	0.000929	0.00185187607576749	100
11_204	UK-Scotland	M0.90	-0.0037	0.0048	0.000774	-0.000284999999999999	0.000824803612989177	100
12_235	UK-Scotland	M0.90	8e-04	0.0018	-0.000523	-0.001244	0.00134946841385784	100
12_236	UK-Scotland	M0.90	0.0096	0.0041	5.1000000000001e-05	0.000334	0.00033787127726399	100
12_237	UK-Scotland	M0.90	-0.0052	0.0088	0.001749	-0.001098	0.0020650920076355	100
12_238	UK-Scotland	M0.90	0.0046	0.0067	-3.69999999999998e-05	0.000406	0.000407682474482286	100
12_239	UK-Scotland	M0.90	0.0065	0.004	0.000206	-0.000811	0.000836753846719572	100
12_240	UK-Scotland	M0.90	-8e-04	0.0036	0.001456	0.001357	0.00199032283813456	100
12_241	UK-Scotland	M0.90	-0.003	0.0069	-0.000537	-0.001001	0.00113594454089977	100
12_242	UK-Scotland	M0.90	-0.002	-0.0016	-0.001161	-0.000659	0.00133499138574	100
12_243	UK-Scotland	M0.90	-0.0055	0.0078	7.89999999999998e-05	-0.001336	0.00133833366542129	100
12_244	UK-Scotland	M0.90	0.0041	0.0102	-0.00161	-0.000708000000000001	0.00175879617920895	100
12_245	UK-Scotland	M0.90	0.0038	0.005	0.000725	0.00156	0.00172023980886387	100
12_246	UK-Scotland	M0.90	0.0013	0.004	0.000411	-0.001256	0.0013215358489273	100
12_247	UK-Scotland	M0.90	-0.0076	0.007	0.00022	-0.00226	0.0022706827167176	100
12_248	UK-Scotland	M0.90	0.0056	0.009	0.000161	-0.000986999999999999	0.00100004499898754	100
12_249	UK-Scotland	M0.90	0.0047	0.0057	-0.00191	0.00117	0.00223986606742457	100
12_250	UK-Scotland	M0.90	-0.0011	-9e-04	-0.001102	-0.000418	0.00117861274386458	100
13_251	Spain-Atl	M0.90	-0.0042	0.0309	-6.10000000000003e-05	1.49999999999996e-05	6.28171950981579e-05	100
14_252	Spain-Atl	M0.90	6e-04	0.0403	-0.003037	-0.000177000000000002	0.00304215351354924	100
14_253	Spain-Atl	M0.90	0.0017	0.0322	0.000997	-0.000155999999999999	0.00100913081411678	100
14_254	Spain-Atl	M0.90	7e-04	0.0458	0.001207	-0.001562	0.00197400430597301	100
14_255	Spain-Atl	M0.90	-0.0027	0.0284	0.001224	-0.000435000000000002	0.001299	100
14_256	Spain-Atl	M0.90	0.0014	0.0396	-0.000985	-0.002949	0.0031091519744136	100
15_257	Spain-Atl	M0.90	0.0046	0.0364	-0.000824	-0.001084	0.00136162843683584	100
15_258	Spain-Atl	M0.90	2e-04	0.0393	0.00052	-0.000789000000000002	0.000944944971942813	100
15_259	Spain-Atl	M0.90	0.0045	0.0421	0.000516	-0.002208	0.00226749200660112	100
15_260	Spain-Atl	M0.90	0.0023	0.0416	-0.000232	-0.002726	0.00273585452829641	100
15_261	Spain-Atl	M0.90	-0.0022	0.035	-0.000847	-0.002059	0.00222640742003794	100
15_262	Spain-Atl	M0.90	0.0011	0.0429	-0.001111	-0.002784	0.00299749512093014	100
15_263	Spain-Atl	M0.90	-8e-04	0.0442	-0.000215	-0.001018	0.00104045614996501	100
15_264	Spain-Atl	M0.90	0.0014	0.0447	-0.001353	-0.002934	0.00323093871808179	100
15_265	Spain-Atl	M0.90	-1e-04	0.0439	0.000169	-0.00105	0.00106351351660428	100
15_266	Spain-Atl	M0.90	-0.0072	0.0478	-0.000133	-0.001243	0.00125009519637506	100
15_267	Spain-Atl	M0.90	0.0038	0.0423	0.000548	-0.002626	0.00268256966358751	100
15_268	Spain-Atl	M0.90	0.0026	0.0422	-0.000199	-0.001386	0.00140021319805236	100
16_269	Spain-Atl	M0.90	-0.0036	0.0416	-0.000215	-0.001419	0.00143519545707196	100
16_270	Spain-Atl	M0.90	-0.0017	0.0438	-0.000372	-0.003285	0.0033059959165129	100
16_271	Spain-Atl	M0.90	0.0015	0.0402	-0.00041	-0.000517	0.000659840132153236	100
16_272	Spain-Atl	M0.90	0.0011	0.0477	0.001815	-0.003379	0.00383560503701828	100
16_273	Spain-Atl	M0.90	-0.0022	0.0465	0.000624	-0.002557	0.0026320381836136	100
16_274	Spain-Atl	M0.90	0.0028	0.0505	-0.000853	-0.001929	0.0021091823060134	100
16_275	Spain-Atl	M0.90	-0.0029	0.0443	3.09999999999998e-05	-0.000452999999999999	0.000454059467470946	100
16_276	Spain-Atl	M0.90	0.0068	0.0426	0.001479	-0.001212	0.00191216761817577	100
16_277	Spain-Atl	M0.90	-0.001	0.0373	0.001076	-0.000822	0.00135405317473133	100
16_278	Spain-Atl	M0.90	0.0025	0.0351	0.002167	0.000839000000000001	0.00232374912587396	100
16_279	Spain-Atl	M0.90	-0.0026	0.0496	-0.000624	0.000135000000000002	0.000638436371144377	100
16_280	Spain-Atl	M0.90	0.0016	0.0431	-8.40000000000002e-05	-0.003864	0.00386491293562999	100
16_281	Spain-Atl	M0.90	0.0083	0.0438	0.000521	-0.00317	0.00321252875473512	100
16_282	Spain-Atl	M0.90	5e-04	0.0409	-0.000916	-0.002555	0.00271423672512181	100
1_1	Spain-Atl	M0.90	0.0027	0.034	-0.000595	-0.003399	0.00345068485956049	100
1_10	Spain-Atl	M0.90	0.0046	0.04	0.000787	-0.001576	0.00176157457974393	100
1_11	Spain-Atl	M0.90	-0.001	0.0378	0.000808	-0.001869	0.00203617901963457	100
1_12	Spain-Atl	M0.90	4e-04	0.0357	-0.000398	-0.000982000000000003	0.00105958859941017	100
1_13	Spain-Atl	M0.90	9e-04	0.0435	-9.6e-05	-0.001782	0.00178458398513491	100
1_14	Spain-Atl	M0.90	7e-04	0.0442	0.00028	-0.00347	0.003481278500781	100
1_15	Spain-Atl	M0.90	-0.0012	0.035	-0.001182	-0.001355	0.00179809593737376	100
1_16	Spain-Atl	M0.90	0.0061	0.0422	-4.81589052490905e-19	-0.001777	0.001777	100
1_2	Spain-Atl	M0.90	0.0032	0.0388	-0.000415	-0.000177000000000001	0.000451169591173874	100
1_3	Spain-Atl	M0.90	0.0058	0.0399	-0.000837	-0.000241999999999998	0.000871282388207175	100
1_4	Spain-Atl	M0.90	-0.0033	0.0472	-0.000739	-0.001637	0.00179607627900376	100
1_5	Spain-Atl	M0.90	-0.001	0.0428	3e-04	-0.000408999999999997	0.000507228745242221	100
1_6	Spain-Atl	M0.90	-0.0017	0.0374	-0.000879	-0.000520000000000003	0.00102129378731098	100
1_7	Spain-Atl	M0.90	0.0064	0.0285	-0.000973	-0.000174000000000001	0.000988435632704528	100
1_8	Spain-Atl	M0.90	-0.0012	0.0485	-8.0000000000002e-06	-0.002793	0.00279301145719097	100
1_9	Spain-Atl	M0.90	-7e-04	0.0417	0.001192	-0.003315	0.00352279562279733	100
200_Teno_120_1982	North-Norway	M0.90	-0.007	-0.0095	-0.000525	0.000147	0.000545191709401381	100
201_Teno_144_1982	North-Norway	M0.90	-0.0084	-0.011	0.002327	4.59999999999995e-05	0.00232745461824715	100
202_Teno_171_1982	North-Norway	M0.90	-0.0123	-0.0118	0.000441	0.000149	0.000465491138476341	100
203_Teno_696_1982	North-Norway	M0.90	-0.0118	-0.0171	0.001533	0.000385000000000001	0.00158060558014958	100
204_Teno_332_1983	North-Norway	M0.90	-0.0144	-0.0071	0.003701	0.0018	0.00411550738062757	100
205_Teno_360_1983	North-Norway	M0.90	-0.0141	-0.021	-0.000221	0.001081	0.00110335941560309	100
206_Teno_567_1983	North-Norway	M0.90	-0.0116	-0.012	0.001096	-0.001417	0.00179139749916092	100
207_Teno_671_1983	North-Norway	M0.90	-0.0107	-0.0154	0.001854	0.00096	0.00208780171472293	100
208_Teno_674_1983	North-Norway	M0.90	-0.0077	-0.0099	-0.001723	0.000176000000000001	0.00173196564631057	100
209_Teno_740_1983	North-Norway	M0.90	-0.0062	-0.0073	0.002213	-0.00013	0.00221681505768975	100
210_Teno_765_1983	North-Norway	M0.90	-0.0052	-0.007	0.0014	0.000254	0.00142285487664765	100
211_Teno_766_1983	North-Norway	M0.90	-0.0047	-0.0241	0.001479	-0.001093	0.00183904594831124	100
212_Teno_769_1983	North-Norway	M0.90	-0.0138	-0.0145	-0.000383	-0.000302999999999999	0.000488362570228309	100
213_Teno_772_1983	North-Norway	M0.90	-0.0058	-0.0143	0.000119999999999999	8.00000000000001e-05	0.000144222051018559	100
214_Teno_774_1983	North-Norway	M0.90	-0.0137	-0.0111	-0.000398	-0.000538	0.000669214464876544	100
215_Teno_776_1983	North-Norway	M0.90	-0.0124	-0.013	5.89999999999997e-05	0.000111999999999999	0.000126589889011721	100
216_Teno_781_1983	North-Norway	M0.90	-0.0194	-0.0078	0.000210000000000001	0.00078	0.000807774721070175	100
217_Teno_782_1983	North-Norway	M0.90	-0.0073	-0.0209	5.30000000000002e-05	0.000976999999999998	0.000978436507904318	100
218_Teno_166_1985	North-Norway	M0.90	-0.0148	-0.0105	-0.000323999999999999	-0.001189	0.00123235425101713	100
219_Teno_345_1985	North-Norway	M0.90	-0.0121	-0.0088	0.000289	-0.001109	0.00114603752120077	100
220_Teno_403_1985	North-Norway	M0.90	-0.0135	-0.0083	-0.002244	-0.00069	0.00234768737271384	100
221_Teno_785_1985	North-Norway	M0.90	-0.0099	-0.0132	0.000630000000000001	0.001379	0.00151609399444757	100
222_Teno_790_1985	North-Norway	M0.90	-0.0091	-0.0167	0.001757	0.002638	0.00316955722459778	100
223_Teno_894_1985	North-Norway	M0.90	-3e-04	-0.0105	0.001245	-0.001043	0.00162415331788597	100
224_Teno_1076_1985	North-Norway	M0.90	-0.0099	-0.0126	0.001178	0.000692	0.00136621667388449	100
225_Teno_214_1986	North-Norway	M0.90	-0.0107	-0.0165	0.000518999999999999	-0.001368	0.00146314216670835	100
226_Teno_219_1986	North-Norway	M0.90	-0.0119	-0.012	0.002052	8.00000000000004e-05	0.00205355886207335	100
227_Teno_221_1986	North-Norway	M0.90	-0.0115	-0.014	-0.001703	0.000596	0.00180427963464647	100
228_Teno_223_1986	North-Norway	M0.90	-0.0105	-0.0126	2.50000000000007e-05	-0.000617	0.000617506275271758	100
229_Teno_225_1986	North-Norway	M0.90	-0.0104	-0.0102	-0.00156	0.001147	0.00193628742701077	100
230_Teno_429_1986	North-Norway	M0.90	-0.0078	-0.0146	0.001522	-9.89999999999998e-05	0.00152521637809197	100
231_Teno_432_1986	North-Norway	M0.90	-0.0089	-0.0188	-0.00055	0.001027	0.00116500171673693	100
232_Teno_433_1986	North-Norway	M0.90	-0.0132	-0.0113	-0.000718	-0.001267	0.00145630113644122	100
233_Teno_434_1986	North-Norway	M0.90	-0.0109	-0.0074	0.000734	-0.001116	0.0013357439874467	100
234_Teno_435_1986	North-Norway	M0.90	-0.0121	-0.0128	0.000752	0.000746	0.00105925445479356	100
235_Teno_507_1986	North-Norway	M0.90	-0.0132	-0.0123	-0.001074	4e-04	0.00114606980590189	100
236_Teno_512_1986	North-Norway	M0.90	-0.0077	-0.0201	-0.000991	8.9999999999997e-06	0.000991040866967654	100
237_Teno_513_1986	North-Norway	M0.90	-0.0094	-0.0122	-0.000261	-0.000889999999999999	0.000927480997109913	100
238_Teno_559_1986	North-Norway	M0.90	-0.014	-0.0135	0.000333	-0.001019	0.00107203078314011	100
239_Teno_685_1986	North-Norway	M0.90	-0.0157	-0.0035	0.001577	0.002478	0.00293724581879011	100
240_Teno_772_1986	North-Norway	M0.90	-0.0097	-0.0166	0.001355	-0.001685	0.00216223264243235	100
241_Teno_929_1986	North-Norway	M0.90	-0.0141	-0.0154	-0.001278	0.002465	0.00277660025930994	100
242_Teno_1005_1986	North-Norway	M0.90	-0.0028	-0.0127	0.000638	-0.000283000000000001	0.000697949138548075	100
243_Teno_1047_1986	North-Norway	M0.90	-0.0132	-0.0162	-0.000387	0.001136	0.0012001104115872	100
244_Teno_1048_1986	North-Norway	M0.90	-0.0051	-0.0162	4.00000000000035e-06	-0.000270000000000001	0.00027002962800404	100
245_Teno_1050_1986	North-Norway	M0.90	-0.0113	-0.0061	0.002473	-0.000213	0.0024821559177457	100
246_Teno_1057_1986	North-Norway	M0.90	-0.0086	-0.0163	0.000483	0.001925	0.00198466974582674	100
247_Teno_1112_1986	North-Norway	M0.90	-0.0138	-0.0135	0.001363	-0.000813	0.00158705324422339	100
248_Teno_1113_1986	North-Norway	M0.90	-0.0103	-0.009	0.000425	0.000413999999999999	0.000593313576450092	100
249_Teno_1142_1986	North-Norway	M0.90	-0.0121	-0.0139	-0.000118	-0.00127	0.00127547010941064	100
250_Teno_1190_1986	North-Norway	M0.90	-0.0112	-0.011	-0.000391	0.001003	0.00107651753353115	100
251_Teno_1197_1986	North-Norway	M0.90	-0.0084	-0.0055	-0.000526000000000001	0.000132	0.00054230987451825	100
252_Teno_1275_1986	North-Norway	M0.90	-0.0101	-0.0126	-0.001388	0.003431	0.00370112212713928	100
253_Teno_1295_1986	North-Norway	M0.90	-0.0092	-0.0147	-0.000326	0.0011	0.0011472907216569	100
254_Teno_1384_1986	North-Norway	M0.90	-0.0144	-0.0101	0.001126	-0.000128000000000001	0.00113325195786286	100
255_Teno_1161_1987	North-Norway	M0.90	-0.0148	-0.0128	-0.001883	0.002026	0.00276592931941509	100
256_Teno_1358_1987	North-Norway	M0.90	-0.0101	-0.0127	0.000444	0.000423999999999999	0.000613931592280442	100
257_Teno_1365_1987	North-Norway	M0.90	-0.0189	-0.0144	-0.001154	0.001715	0.00206710933431205	100
258_Teno_145_1987	North-Norway	M0.90	-0.0138	-0.0119	0.000746	0.001576	0.00174364331214845	100
259_Teno_156_1987	North-Norway	M0.90	-0.0138	-0.0174	0.001735	0.000595999999999999	0.00183451383205469	100
260_Teno_245_1987	North-Norway	M0.90	-0.01	-0.009	0.000176	0.000890999999999999	0.000908216383908592	100
261_Teno_256_1987	North-Norway	M0.90	-0.0067	-0.0133	0.001408	-0.000314000000000001	0.00144258795225802	100
262_Teno_288_1987	North-Norway	M0.90	-0.0092	-0.0168	-0.000455	0.000179999999999999	0.00048931073971455	100
263_Teno_389_1987	North-Norway	M0.90	-0.0095	-0.0108	0.000761	-0.001026	0.00127741809913591	100
264_Teno_390_1987	North-Norway	M0.90	-0.0125	-0.0113	0.000659000000000001	0.000186999999999999	0.000685018247932127	100
265_Teno_396_1987	North-Norway	M0.90	-0.0089	-0.014	-0.000782	0.000619	0.000997338959431547	100
266_Teno_402_1987	North-Norway	M0.90	-0.0097	-0.0101	-0.000316	0.000224	0.000387339644240039	100
267_Teno_411_1987	North-Norway	M0.90	-0.0104	-0.0101	0.000853	0.000977999999999999	0.00129772608820197	100
268_Teno_626_1987	North-Norway	M0.90	-0.0125	-0.0137	-0.000843999999999999	-0.000222	0.000872708427826842	100
269_Teno_637_1987	North-Norway	M0.90	-0.0109	-0.0072	0.001747	0.000367	0.00178513248808037	100
270_Teno_638_1987	North-Norway	M0.90	-0.0135	-0.0155	0.000198	0.000548	0.000582673150230899	100
271_Teno_639_1987	North-Norway	M0.90	-0.012	-0.0144	-0.002252	0.000714	0.00236247751312049	100
272_Teno_640_1987	North-Norway	M0.90	-0.0085	-0.0142	3.60000000000005e-05	-0.000940999999999999	0.000941688377330844	100
273_Teno_641_1987	North-Norway	M0.90	-0.01	-0.0107	0.001685	0.000829999999999999	0.00187833037562618	100
274_Teno_644_1987	North-Norway	M0.90	-0.0138	-0.0061	0.000469	-0.000710999999999999	0.000851752311414533	100
275_Teno_650_1987	North-Norway	M0.90	-0.0104	-0.0149	-0.001064	7.6e-05	0.00106671083241898	100
276_Teno_721_1987	North-Norway	M0.90	-0.0091	-0.0122	0.00213	-0.000458999999999999	0.00217889444443736	100
277_Teno_734_1987	North-Norway	M0.90	-0.0121	-0.0145	-0.000672	0.000797000000000001	0.00104249364506456	100
278_Teno_750_1987	North-Norway	M0.90	-0.0051	-0.0179	0.000621	0.000347999999999999	0.000711860239091916	100
279_Teno_751_1987	North-Norway	M0.90	-0.0056	-0.0154	0.001538	0.00134	0.00203986372093824	100
280_Teno_755_1987	North-Norway	M0.90	-0.0033	-0.0142	0.001128	0.000395000000000001	0.0011951606586564	100
281_Teno_756_1987	North-Norway	M0.90	-0.0117	-0.0119	-0.000112	0.000939000000000001	0.000945655857064292	100
282_Teno_760_1987	North-Norway	M0.90	-0.0123	-0.011	-0.000237	0.000593999999999999	0.000639534987315002	100
283_Teno_766_1987	North-Norway	M0.90	-0.0142	-0.0124	0.000573000000000001	-0.000488	0.000752644006154305	100
284_Teno_835_1987	North-Norway	M0.90	-0.0153	-0.0056	-0.000729	0.003371	0.00344892475997955	100
285_Teno_838_1987	North-Norway	M0.90	-0.0155	-0.0148	0.000897	0.000649000000000001	0.00110716304129067	100
286_Teno_842_1987	North-Norway	M0.90	-0.0153	-0.009	0.000216999999999999	0.000261999999999999	0.000340195532010636	100
287_Teno_843_1987	North-Norway	M0.90	-0.0095	-0.0113	0.001049	-0.001364	0.00172072571899184	100
288_Teno_844_1987	North-Norway	M0.90	-0.012	-0.019	0.000725	-0.001583	0.00174112434937887	100
289_Teno_846_1987	North-Norway	M0.90	-0.0113	-0.013	0.001326	0.000974999999999999	0.00164587393198872	100
290_Teno_905_1987	North-Norway	M0.90	-0.0063	-0.01	0.001662	-0.001753	0.00241562683376386	100
291_Teno_965_1987	North-Norway	M0.90	-0.0082	-0.0142	0.000128000000000001	3.90000000000007e-05	0.000133809566175219	100
292_Teno_286_1988	North-Norway	M0.90	-0.0137	-0.0064	0.000964	0.000197	0.000983923269366062	100
293_Teno_372_1989	North-Norway	M0.90	-0.0132	-0.014	0.000441	-0.000737	0.000858865530802115	100
2_17	Spain-Atl	M0.90	6e-04	0.0316	-0.002626	-0.000578000000000003	0.00268885849385943	100
2_18	Spain-Atl	M0.90	0.0029	0.0354	-0.000763	-0.002521	0.00263393431960632	100
2_19	Spain-Atl	M0.90	0.0068	0.0431	0.00081	-0.003011	0.00311804762632003	100
2_20	Spain-Atl	M0.90	0.0037	0.0407	0.000794	-0.001568	0.00175757218912908	100
2_21	Spain-Atl	M0.90	0.0012	0.0484	-0.000407	-0.002666	0.00269688802140541	100
2_22	Spain-Atl	M0.90	-0.0024	0.0412	-3.77442116461253e-19	-0.001264	0.001264	100
2_23	Spain-Atl	M0.90	0	0.0376	0.000696	0.000534999999999998	0.000877861606405018	100
2_24	Spain-Atl	M0.90	-8e-04	0.0424	0.000605	-0.001787	0.00188663562989784	100
2_25	Spain-Atl	M0.90	0.0026	0.0419	0.000428	-0.002031	0.00207560714009179	100
2_26	Spain-Atl	M0.90	-0.003	0.0412	-0.001497	-0.00241	0.00283709516935897	100
2_27	Spain-Atl	M0.90	8e-04	0.0367	-0.000662	-0.000678000000000003	0.000947590628911032	100
2_28	Spain-Atl	M0.90	0.0028	0.0505	0.001478	-0.001222	0.00191775076587131	100
2_29	Spain-Atl	M0.90	0.0039	0.0414	0.000655	-0.002495	0.00257954453343996	100
2_30	Spain-Atl	M0.90	0.0054	0.0407	0.001324	-0.001357	0.00189589688538169	100
2_31	Spain-Atl	M0.90	-3e-04	0.0494	0.000782	-0.00198	0.0021288316044253	100
2_32	Spain-Atl	M0.90	0.0044	0.0434	0.000795	-0.002374	0.00250357764009827	100
300_Teno_3692_2001	North-Norway	M0.90	-0.0107	-0.0106	0.000311999999999999	0.000732	0.000795718543204819	100
301_Teno_3693_2001	North-Norway	M0.90	-0.0113	-0.0112	-0.000260000000000001	-0.001172	0.00120049323196759	100
302_Teno_3695_2001	North-Norway	M0.90	-0.0105	-0.0193	0.001165	0.001033	0.00155702087333472	100
303_Teno_3731_2001	North-Norway	M0.90	-0.0067	-0.0081	-0.000319	0.000701	0.000770170111079364	100
304_Teno_3733_2001	North-Norway	M0.90	-0.0137	-0.0129	-0.000717	0.000796	0.001071309945814	100
305_Teno_3734_2001	North-Norway	M0.90	-0.0083	-0.0141	0.000906	0.001107	0.00143048418376436	100
306_Teno_3736_2001	North-Norway	M0.90	-0.0073	-0.0041	0.000184	-0.000807	0.000827710698251509	100
307_Teno_3738_2001	North-Norway	M0.90	-0.0144	-0.0145	-0.000357	-0.001075	0.00113272856413176	100
308_Teno_3741_2001	North-Norway	M0.90	-0.008	-0.0145	0.000115	0.001062	0.00106820831301764	100
309_Teno_3742_2001	North-Norway	M0.90	-0.0113	-0.0153	0.000816999999999999	0.001462	0.00167479342009694	100
310_Teno_3744_2001	North-Norway	M0.90	-0.0028	-0.0109	-0.000123	0.00299	0.00299252886368703	100
311_Teno_3751_2001	North-Norway	M0.90	-0.0119	-0.0097	0.001045	-0.002626	0.00282628749422277	100
312_Teno_3902_2001	North-Norway	M0.90	-0.0053	-0.0162	-0.001197	0.000113999999999999	0.00120241631725455	100
313_Teno_3903_2001	North-Norway	M0.90	-0.0084	-0.01	0.000262999999999999	-0.000202	0.000331621772505967	100
314_Teno_3910_2001	North-Norway	M0.90	-0.01	-0.0166	-0.000233	0.001953	0.00196684976548795	100
315_Teno_3912_2001	North-Norway	M0.90	-0.0118	-0.007	0.001612	-8.5e-05	0.00161423944940024	100
316_Teno_3914_2001	North-Norway	M0.90	-0.0115	-0.0199	-0.000775	0.001594	0.00177241671172442	100
317_Teno_3916_2001	North-Norway	M0.90	-0.0145	-0.0136	-0.001448	0.001823	0.00232809643271064	100
318_Teno_4165_2001	North-Norway	M0.90	-0.0135	-0.0129	-0.000288	0.000997	0.0010377634605246	100
319_Teno_4167_2001	North-Norway	M0.90	-0.0134	-0.0147	0.000537	-0.000601000000000001	0.000805959056032005	100
320_Teno_4168_2001	North-Norway	M0.90	-0.0155	-0.01	-0.00129	0.000644	0.00144181690931963	100
321_Teno_4169_2001	North-Norway	M0.90	-0.0114	-0.0072	0.000731	0.001448	0.00162205579435481	100
322_Teno_4890_2001	North-Norway	M0.90	-0.0157	-0.0148	0.000262999999999999	0.002302	0.00231697496749533	100
323_Teno_4898_2001	North-Norway	M0.90	-0.0085	-0.0099	-6.59999999999995e-05	0.000566000000000001	0.000569835063856201	100
324_Teno_4899_2001	North-Norway	M0.90	-0.0099	-0.0123	-0.001694	-0.001042	0.0019888187448835	100
325_Teno_4919_2001	North-Norway	M0.90	-0.0113	-0.0204	-0.000513000000000001	0.000427000000000001	0.000667456365615013	100
326_Teno_4920_2001	North-Norway	M0.90	-0.0117	-0.0125	0.000533	-0.001212	0.00132402152550478	100
327_Teno_4925_2001	North-Norway	M0.90	-0.0068	-0.0168	0.001006	0.00146	0.00177303017458812	100
328_Teno_4928_2001	North-Norway	M0.90	-0.011	-0.0158	0.002236	0.001021	0.00245807587352384	100
329_Teno_4929_2001	North-Norway	M0.90	-0.0084	-0.0151	-0.000400000000000001	-0.000141999999999999	0.000424457300561553	100
330_Teno_4992_2001	North-Norway	M0.90	-0.0104	-0.0139	-0.000403000000000001	-0.001381	0.00143860001390241	100
331_Teno_4993_2001	North-Norway	M0.90	-0.0126	-0.0073	-0.000463	-0.00262	0.00266059561000916	100
332_Teno_4995_2001	North-Norway	M0.90	-0.0169	-0.0205	-0.000223000000000002	0.001074	0.00109690701520229	100
333_Teno_4996_2001	North-Norway	M0.90	-0.0092	-0.0115	0.000709	0.000962	0.00119504184027171	100
334_Teno_4997_2001	North-Norway	M0.90	-0.0117	-0.0111	0.000793	-0.000772	0.00110672173557765	100
335_Teno_4999_2001	North-Norway	M0.90	-0.0132	-0.0124	0.000988	-0.001779	0.00203494103108665	100
336_Teno_5000_2001	North-Norway	M0.90	-0.0105	-0.0091	-2.49999999999993e-05	-0.00045	0.000450693909432998	100
337_Teno_5068_2001	North-Norway	M0.90	-0.007	-0.0112	-0.000374	0.000992	0.00106016036522783	100
338_Teno_5069_2001	North-Norway	M0.90	-0.0053	-0.015	-0.001745	0.000410999999999999	0.0017927481697104	100
339_Teno_5072_2001	North-Norway	M0.90	-0.0159	-0.0149	0.000109000000000001	0.000545	0.000555793126981614	100
340_Teno_5073_2001	North-Norway	M0.90	-0.0092	-0.0135	-0.000167	0.000565	0.000589163814231662	100
341_Teno_5076_2001	North-Norway	M0.90	-0.0124	-0.0153	0.001119	-0.00064	0.00128909309206124	100
342_Teno_5111_2001	North-Norway	M0.90	-0.0111	-0.0205	-0.000879	-0.000175999999999999	0.000896446875168852	100
343_Teno_5113_2001	North-Norway	M0.90	-0.0077	-0.0132	-0.000383	0.001468	0.00151713974306917	100
344_Teno_5115_2001	North-Norway	M0.90	-0.0162	-0.0161	0.001064	-0.001225	0.00162256617738692	100
345_Teno_5118_2001	North-Norway	M0.90	-0.01	-0.0178	-0.001193	-0.001033	0.00157808047957004	100
346_Teno_5119_2001	North-Norway	M0.90	-0.0061	-0.0121	0.000612000000000001	-9.30000000000003e-05	0.000619025847602506	100
347_Teno_5120_2001	North-Norway	M0.90	-0.008	-0.0067	0.000142	0.002841	0.00284454653679633	100
348_Teno_5121_2001	North-Norway	M0.90	-0.0127	-0.0198	-0.001236	0.001263	0.00176716298059913	100
349_Teno_5124_2001	North-Norway	M0.90	-0.0129	-0.0113	0.002309	-0.000293000000000001	0.00232751584312546	100
350_Teno_5143_2001	North-Norway	M0.90	-0.0107	-0.0121	9.69999999999994e-05	-0.000294	0.000309588436476558	100
351_Teno_5145_2001	North-Norway	M0.90	-0.0118	-0.0047	-0.000541	-0.000475	0.000719934719262796	100
352_Teno_5154_2001	North-Norway	M0.90	-0.0121	-0.0075	0.00226	0.000727	0.00237405328499594	100
353_Teno_5155_2001	North-Norway	M0.90	-0.0103	-0.0136	-0.00038	-0.001926	0.00196312913482532	100
354_Teno_5159_2001	North-Norway	M0.90	-0.0101	-0.0129	-0.000627000000000001	0.000339	0.000712776262231004	100
355_Teno_5160_2001	North-Norway	M0.90	-0.0086	-0.0126	0.001821	3.9e-05	0.00182141757979877	100
356_Teno_5164_2001	North-Norway	M0.90	-0.0102	-0.0136	0.000704000000000001	0.001183	0.00137662812698274	100
357_Teno_5165_2001	North-Norway	M0.90	-0.0041	-0.0102	-0.000211	-0.00104	0.00106118848467178	100
358_Teno_5166_2001	North-Norway	M0.90	-0.0197	-0.0095	-0.000519000000000001	0.002261	0.00231980214673579	100
359_Teno_5169_2001	North-Norway	M0.90	-0.0142	-0.0167	-0.000383999999999999	0.001593	0.00163862900010954	100
360_Teno_5172_2001	North-Norway	M0.90	-0.011	-0.0165	0.001768	0.000716000000000001	0.00190748001300145	100
361_Teno_5178_2001	North-Norway	M0.90	-0.0083	-0.0135	-0.00046	0.000424	0.000625600511508742	100
362_Teno_5241_2001	North-Norway	M0.90	-0.0107	-0.0116	0.001127	0.001263	0.00169271911432464	100
363_Teno_5242_2001	North-Norway	M0.90	-0.0059	-0.0179	-0.00033	0.000779999999999999	0.000846935652809586	100
364_Teno_5244_2001	North-Norway	M0.90	-0.0126	-0.0121	0.00048	-0.001793	0.00185613819528612	100
365_Teno_5248_2001	North-Norway	M0.90	-0.0121	-0.0108	0.001063	0.001431	0.00178261885999223	100
366_Teno_5249_2001	North-Norway	M0.90	-0.0139	-0.0158	-0.000151000000000001	-0.000745999999999998	0.000761128767029599	100
367_Teno_5250_2001	North-Norway	M0.90	-0.0099	-0.0148	-0.000453999999999999	0.001577	0.00164104996876999	100
368_Teno_5251_2001	North-Norway	M0.90	-0.0094	-0.0165	0.001836	0.001058	0.00211902335994675	100
369_Teno_5253_2001	North-Norway	M0.90	-0.0087	-0.0138	0.000281999999999999	0.001441	0.00146833409004899	100
370_Teno_5322_2001	North-Norway	M0.90	-0.0077	-0.0111	0.001957	0.001127	0.00225831308724012	100
371_Teno_5325_2001	North-Norway	M0.90	-0.0125	-0.0186	0.001578	0.001422	0.00212418643249598	100
372_Teno_5326_2001	North-Norway	M0.90	-0.0138	-0.0129	-0.001055	-0.000961	0.00142707603161149	100
373_Teno_5329_2001	North-Norway	M0.90	-0.0075	-0.0137	0.001702	-0.000474	0.0017667710660977	100
374_Teno_5330_2001	North-Norway	M0.90	-0.0075	-0.0105	-0.001092	0.001495	0.00185134788735127	100
375_Teno_5336_2001	North-Norway	M0.90	-0.0138	-0.0113	0.001063	0.000835999999999999	0.00135235535270875	100
376_Teno_5338_2001	North-Norway	M0.90	-0.0144	-0.0085	0.000431	0.000588000000000001	0.000729043894426118	100
377_Teno_5342_2001	North-Norway	M0.90	-0.0181	-0.0141	-0.000196999999999998	-0.000663	0.000691648754788151	100
378_Teno_5343_2001	North-Norway	M0.90	-0.0161	-0.0122	0.000862	0.001614	0.00182976501223518	100
379_Teno_5352_2001	North-Norway	M0.90	-0.0121	-0.0182	0.000481	0.002166	0.00221876474642987	100
380_Teno_5353_2001	North-Norway	M0.90	-0.0122	-0.0142	-0.000594999999999999	0.001589	0.0016967457087024	100
381_Teno_5356_2001	North-Norway	M0.90	-0.0174	-0.0116	-0.000515000000000001	-0.000425000000000001	0.000667720001198108	100
382_Teno_5366_2001	North-Norway	M0.90	-0.0143	-0.011	0.00015	0.002393	0.00239769660299213	100
383_Teno_5367_2001	North-Norway	M0.90	-0.0141	-0.0129	0.000149	0.001568	0.00157506349078378	100
384_Teno_5692_2001	North-Norway	M0.90	-0.0123	-0.0129	-0.000356	-9.4e-05	0.000368201032046354	100
385_Teno_5695_2001	North-Norway	M0.90	-0.0122	-0.0079	0.000238000000000001	0.002562	0.00257303089759917	100
386_Teno_5698_2001	North-Norway	M0.90	-0.01	-0.0066	-0.000383	6.5e-05	0.000388476511516462	100
387_Teno_5699_2001	North-Norway	M0.90	-0.0101	-0.0142	0.001663	0.000430000000000001	0.0017176929294842	100
388_Teno_5702_2001	North-Norway	M0.90	-0.013	-0.0101	0.000599999999999999	0.000142	0.000616574407512994	100
389_Teno_5705_2001	North-Norway	M0.90	-0.0098	-0.0174	0.00062	0.001055	0.0012236931804991	100
390_Teno_5709_2001	North-Norway	M0.90	-0.0126	-0.004	0.000421	-0.000154	0.000448282277142427	100
391_Teno_5797_2001	North-Norway	M0.90	-0.0145	-0.0116	0.000570000000000001	0.000392999999999999	0.000692350344839952	100
392_Teno_5800_2001	North-Norway	M0.90	-0.0128	-0.0092	0.001273	-0.001205	0.00175287021767158	100
393_Teno_5803_2001	North-Norway	M0.90	-0.0081	-0.0142	0.001449	0.001156	0.00185362806409484	100
394_Teno_5805_2001	North-Norway	M0.90	-0.015	-0.0152	0.000173	0.000998	0.00101288350761576	100
395_Teno_5809_2001	North-Norway	M0.90	-0.0125	-0.0133	0.001988	-5.00000000000007e-05	0.00198862867323188	100
396_Teno_5820_2001	North-Norway	M0.90	-0.0137	-0.0127	0.000173	-0.001446	0.00145631212313844	100
397_Teno_5832_2001	North-Norway	M0.90	-0.012	-0.0101	0.001695	-8.70000000000005e-05	0.00169723127475309	100
398_Teno_5835_2001	North-Norway	M0.90	-0.0153	-0.0145	0.001981	0.001711	0.00261760997858734	100
399_Teno_5841_2001	North-Norway	M0.90	-0.0111	-0.0133	-0.000117	0.000636	0.000646672250834996	100
3_205	Spain-Atl	M0.90	0.0025	0.035	0.001248	3.19999999999968e-05	0.00124841018900039	100
3_206	Spain-Atl	M0.90	-0.0048	0.0273	-0.000441000000000001	-0.002135	0.00218007018235652	100
3_207	Spain-Atl	M0.90	0.0057	0.0288	0.000272	-0.002123	0.00214035347548016	100
3_208	Spain-Atl	M0.90	0.0083	0.0292	-0.000774	-0.001092	0.0013384842173145	100
3_209	Spain-Atl	M0.90	0.0011	0.036	-0.000321	-0.001997	0.00202263442074933	100
3_210	Spain-Atl	M0.90	-0.0041	0.033	0.000497	-0.002105	0.00216287632563677	100
3_211	Spain-Atl	M0.90	-0.0018	0.0369	0.001949	-0.000862000000000002	0.00213111355868241	100
3_212	Spain-Atl	M0.90	-4e-04	0.0368	-0.001587	-0.002292	0.00278780074610794	100
3_213	Spain-Atl	M0.90	-2e-04	0.0314	0.000915	-0.003379	0.00350069507383891	100
3_214	Spain-Atl	M0.90	0.0026	0.0355	-9.89999999999998e-05	-0.000855999999999997	0.00086170586629081	100
3_215	Spain-Atl	M0.90	0.0031	0.0293	0.001094	-0.000548	0.00122357672419836	100
3_216	Spain-Atl	M0.90	-3e-04	0.0321	0.000774	-0.000995999999999997	0.00126138495313683	100
3_217	Spain-Atl	M0.90	0.0047	0.0282	-0.000389	-0.000521	0.000650201507226798	100
3_218	Spain-Atl	M0.90	3e-04	0.0316	-0.00023	-0.001893	0.0019069213408004	100
3_219	Spain-Atl	M0.90	-0.0021	0.0316	0.00088	-3.60000000000029e-05	0.000880736055807868	100
3_220	Spain-Atl	M0.90	0.0041	0.034	-0.000481	-0.000873000000000002	0.000996739685173619	100
3_221	Spain-Atl	M0.90	0.0032	0.0341	8.09999999999999e-05	-0.001053	0.00105611078964283	100
3_222	Spain-Atl	M0.90	0	0.033	2.59999999999999e-05	-0.002584	0.00258413080164298	100
3_223	Spain-Atl	M0.90	5e-04	0.0349	-0.00072	-0.000193000000000001	0.00074541867430324	100
3_224	Spain-Atl	M0.90	0.0087	0.0349	-0.000176999999999999	-0.001484	0.00149451831705068	100
3_225	Spain-Atl	M0.90	0.003	0.0249	6.10000000000001e-05	-0.001216	0.00121752905509478	100
3_226	Spain-Atl	M0.90	0.0039	0.0234	-0.000982	-0.002188	0.00239826353847946	100
3_227	Spain-Atl	M0.90	0.0085	0.0367	-0.001253	-0.000913000000000003	0.00155034770293635	100
3_228	Spain-Atl	M0.90	3e-04	0.0437	-0.00052	-0.003389	0.0034286616922642	100
3_229	Spain-Atl	M0.90	1e-04	0.0262	0.001339	-0.002134	0.00251930089508975	100
3_230	Spain-Atl	M0.90	0.0029	0.0363	0.000313	-0.001094	0.00113789498636737	100
3_231	Spain-Atl	M0.90	0.003	0.0381	-0.000458	-0.002455	0.00249735640227822	100
3_232	Spain-Atl	M0.90	0.0015	0.0374	-0.000546	-0.002285	0.00234932777619472	100
3_233	Spain-Atl	M0.90	0.0043	0.0355	0.000227	0.000169000000000003	0.000283001766778939	100
3_234	Spain-Atl	M0.90	-0.0013	0.029	0.000905	-0.000381000000000002	0.000981929732720219	100
3_33	Spain-Atl	M0.90	0.0042	0.0368	2.0000000000003e-06	-0.00127	0.00127000157480217	100
3_34	Spain-Atl	M0.90	-0.0052	0.035	-0.000687	-0.000374000000000003	0.000782205216039885	100
3_35	Spain-Atl	M0.90	0.0053	0.0351	-0.001032	-9.49999999999989e-05	0.0010363633532695	100
3_36	Spain-Atl	M0.90	-0.0032	0.0325	-0.000301	0.000414999999999999	0.000512665583007089	100
3_37	Spain-Atl	M0.90	-0.0036	0.0408	-0.000644	-0.001403	0.00154374382589859	100
3_38	Spain-Atl	M0.90	0.004	0.031	0.000619	-0.00101	0.00118459317911256	100
3_39	Spain-Atl	M0.90	-0.0095	0.0298	-0.000714	0.000214	0.000745380439775555	100
3_40	Spain-Atl	M0.90	0.0051	0.0311	0.000418	-0.001777	0.00182550075321814	100
3_41	Spain-Atl	M0.90	0.0051	0.036	-0.000137	-0.003167	0.00316996182942318	100
3_42	Spain-Atl	M0.90	-0.0013	0.0258	-0.001163	0.000952	0.0015029547564714	100
3_43	Spain-Atl	M0.90	9e-04	0.0296	-0.001012	-0.000929000000000001	0.00137374852138228	100
3_44	Spain-Atl	M0.90	0.0048	0.0415	-0.001145	-0.001797	0.00213078248537949	100
3_45	Spain-Atl	M0.90	-0.0035	0.0305	0.001977	-0.001288	0.00235954932137474	100
3_46	Spain-Atl	M0.90	-0.0039	0.0232	-0.000124	0.001022	0.00102949502184324	100
3_47	Spain-Atl	M0.90	0.0035	0.0331	0.000941	-0.001781	0.00201430931090535	100
3_48	Spain-Atl	M0.90	0.0083	0.0289	0.000488	-0.002456	0.0025040127795201	100
400_Teno_5842_2001	North-Norway	M0.90	-0.014	-0.0099	0.002177	0.001034	0.00241007987419504	100
401_Teno_5843_2001	North-Norway	M0.90	-0.0044	-0.006	-0.001861	-0.000762	0.00201096121295265	100
402_Teno_5844_2001	North-Norway	M0.90	-0.0029	-0.0149	0.000667	-3.89999999999999e-05	0.000668139207051944	100
403_Teno_5847_2001	North-Norway	M0.90	-0.0086	-0.0084	-6.7e-05	0.000386	0.000391771617144478	100
404_Teno_5858_2001	North-Norway	M0.90	-0.0114	-0.015	0.001159	-0.002096	0.0023950985365951	100
405_Teno_5859_2001	North-Norway	M0.90	-0.0135	-0.0112	-0.001846	-0.001381	0.00230540170035506	100
406_Teno_5875_2001	North-Norway	M0.90	-0.012	-0.0125	-3.19999999999998e-05	0.002325	0.00232522020462579	100
407_Teno_5895_2001	North-Norway	M0.90	-0.0169	-0.0093	0.002018	4.89999999999992e-05	0.00201859480827629	100
408_Teno_5897_2001	North-Norway	M0.90	-0.0155	-0.0068	-0.000525	6.79999999999999e-05	0.000529385492812185	100
409_Teno_5898_2001	North-Norway	M0.90	-0.0121	-0.0072	0.000942	-2.9e-05	0.000942446284941481	100
410_Teno_5902_2001	North-Norway	M0.90	-0.0142	-0.0175	-0.000975999999999999	0.001545	0.00182745752344617	100
411_Teno_5903_2001	North-Norway	M0.90	-0.0142	-0.0169	0.000276000000000001	0.000963999999999998	0.00100273226735754	100
412_Teno_5907_2001	North-Norway	M0.90	-0.0161	-0.0169	9.29999999999998e-05	0.001615	0.00161767549279823	100
413_Teno_5921_2001	North-Norway	M0.90	-0.0129	-0.0134	-0.001712	0.001155	0.00206518013742143	100
414_Teno_5924_2001	North-Norway	M0.90	-0.0104	-0.0124	0.000215	-0.001254	0.00127229752809632	100
415_Teno_5926_2001	North-Norway	M0.90	-0.0128	-0.0036	-0.002295	-0.000285	0.00231262837481511	100
416_Teno_5927_2001	North-Norway	M0.90	-0.0144	-0.0087	-0.000328	0.000496999999999999	0.000595477119627614	100
417_Teno_5931_2001	North-Norway	M0.90	-0.0149	-0.0187	-0.000506	0.000515000000000001	0.000721984071846465	100
418_Teno_5933_2001	North-Norway	M0.90	-0.0066	-0.016	-0.00025	0.001937	0.00195306656312579	100
419_Teno_5934_2001	North-Norway	M0.90	-0.0157	-0.0099	0.001014	-8.39999999999992e-05	0.00101747334117411	100
420_Teno_5937_2001	North-Norway	M0.90	-0.0065	-0.0129	0.001205	-0.000212	0.00122350684509732	100
421_Teno_5939_2001	North-Norway	M0.90	-0.009	-0.0172	-0.000899000000000001	-0.002155	0.00233500021413275	100
422_Teno_5943_2001	North-Norway	M0.90	-0.012	-0.0091	-0.000337	-0.000982	0.00103821625878234	100
423_Teno_5944_2001	North-Norway	M0.90	-0.0112	-0.0141	-0.001405	-0.000601	0.00152814462666333	100
424_Teno_5945_2001	North-Norway	M0.90	-0.0126	-0.0082	-0.000427	0.000818000000000001	0.000922742109150764	100
425_Teno_5948_2001	North-Norway	M0.90	-0.0141	-0.0154	0.00231	0.00228	0.00324568944910015	100
426_Teno_5952_2001	North-Norway	M0.90	-0.0133	-0.0182	0.000446999999999999	0.000802000000000001	0.000918157393914573	100
427_Teno_5953_2001	North-Norway	M0.90	-0.0094	-0.0081	-0.000723	0.00179	0.00193049967624965	100
428_Teno_5956_2001	North-Norway	M0.90	-0.0061	-0.01	0.000721000000000001	-0.000652	0.000972082815402063	100
429_Teno_5957_2001	North-Norway	M0.90	-0.0089	-0.0129	3.5e-05	5e-05	6.10327780786685e-05	100
430_Teno_5958_2001	North-Norway	M0.90	-0.011	-0.0148	0.000229999999999999	-0.000109999999999999	0.000254950975679638	100
431_Teno_5959_2001	North-Norway	M0.90	-0.0149	-0.0136	-0.000674	-0.000612000000000001	0.000910395518442397	100
432_Teno_5961_2001	North-Norway	M0.90	-0.0029	-0.0092	0.000346	-0.000123	0.000367212472555059	100
433_Teno_5965_2001	North-Norway	M0.90	-0.0078	-0.0089	-0.001002	-0.001994	0.00223160032263844	100
434_Teno_5966_2001	North-Norway	M0.90	-0.0107	-0.0195	-0.000541000000000001	0.000431	0.000691695019499201	100
435_Teno_5967_2001	North-Norway	M0.90	-0.0126	-0.0026	0.000818	0.000488	0.000952506167959032	100
436_Teno_5971_2001	North-Norway	M0.90	-0.0084	-0.0104	0.000333999999999999	0.000746	0.000817356715271857	100
437_Teno_5974_2001	North-Norway	M0.90	-0.0111	-0.0192	-5.59999999999996e-05	0.001081	0.00108244953693001	100
438_Teno_5976_2001	North-Norway	M0.90	-0.021	-0.0167	0.001412	-0.000873000000000001	0.00166008222687914	100
439_Teno_5978_2001	North-Norway	M0.90	-0.0109	-0.0121	0.002163	-0.000678	0.00226677149267411	100
440_Teno_5982_2001	North-Norway	M0.90	-0.0121	-0.008	3.89999999999995e-05	0.002247	0.00224733842578282	100
441_Teno_5985_2001	North-Norway	M0.90	-0.012	-0.0118	1.00000000000029e-06	-0.001354	0.00135400036927617	100
442_Teno_5988_2001	North-Norway	M0.90	-0.013	-0.0075	-0.000931000000000001	0.001589	0.00184165197580868	100
443_Teno_5989_2001	North-Norway	M0.90	-0.0114	-0.014	2e-04	0.000785	0.000810077156819028	100
444_Teno_5990_2001	North-Norway	M0.90	-0.0158	-0.0201	0.001401	0.001466	0.00202779609428562	100
445_Teno_5991_2001	North-Norway	M0.90	-0.0136	-0.011	-0.001007	0.000600999999999999	0.001172710535469	100
446_Teno_5992_2001	North-Norway	M0.90	-0.0098	-0.0136	0.001442	-0.001098	0.00181244806822154	100
447_Teno_5994_2001	North-Norway	M0.90	-0.0081	-0.013	0.001607	-0.000350000000000001	0.00164467291581031	100
448_Teno_5997_2001	North-Norway	M0.90	-0.0062	-0.0088	0.001032	0.000527000000000001	0.00115877219504094	100
449_Teno_6003_2001	North-Norway	M0.90	-0.0079	-0.0093	-0.001992	-0.001013	0.0022347780650436	100
450_Teno_6006_2001	North-Norway	M0.90	-0.0112	-0.0084	-0.001263	0.000584	0.00139148302181521	100
451_Teno_6007_2001	North-Norway	M0.90	-0.0112	-0.0127	0.000933	-0.000786000000000001	0.00121995286794204	100
452_Teno_6012_2001	North-Norway	M0.90	-0.0116	-0.0091	0.000739999999999999	0.000418	0.000849896464282561	100
453_Teno_6013_2001	North-Norway	M0.90	-0.0166	-0.0128	0.000803	0.000965	0.00125540192767098	100
454_Teno_6015_2001	North-Norway	M0.90	-0.0064	-0.0161	0.001168	0.000128	0.00117499276593518	100
455_Teno_6019_2001	North-Norway	M0.90	-0.0126	-0.0138	-0.002267	0.001056	0.00250088484341043	100
456_Teno_6024_2001	North-Norway	M0.90	-0.015	-0.0176	0.001138	-3.09999999999989e-05	0.00113842215368465	100
457_Teno_6025_2001	North-Norway	M0.90	-0.001	-0.0152	0.001243	0.002494	0.00278659021027492	100
458_Teno_6037_2001	North-Norway	M0.90	-0.0148	-0.0154	0.000397000000000001	0.00142	0.00147445210162962	100
459_Teno_6058_2001	North-Norway	M0.90	-0.0082	-0.0169	0.000882000000000001	-0.000877000000000001	0.00124380585301726	100
460_Teno_6062_2001	North-Norway	M0.90	-0.0162	-0.0085	0.000381999999999999	0.00253	0.00255867622023577	100
461_Teno_6064_2001	North-Norway	M0.90	-0.0209	-0.0097	-0.000368000000000002	-0.001635	0.00167590244346143	100
462_Teno_6065_2001	North-Norway	M0.90	-0.0113	-0.0113	0.001195	0.001466	0.00189134370223923	100
463_Teno_6066_2001	North-Norway	M0.90	-0.0106	-0.0219	0.000296	0.000673999999999999	0.000736133140131593	100
464_Teno_6069_2001	North-Norway	M0.90	-0.0147	-0.0105	-0.001029	0.000884000000000001	0.00135657546786016	100
465_Teno_6074_2001	North-Norway	M0.90	-0.0064	-0.0112	-0.001574	0.000613	0.00168915511425091	100
466_Teno_6076_2001	North-Norway	M0.90	-0.01	-0.0082	-0.00126	0.001382	0.00187016683747734	100
467_Teno_6094_2001	North-Norway	M0.90	-0.0141	-0.0134	4.89999999999998e-05	-0.000329999999999999	0.000333618045075502	100
468_Teno_6095_2001	North-Norway	M0.90	-0.0137	-0.0219	2.0000000000004e-06	0.001392	0.00139200143678087	100
469_Teno_6096_2001	North-Norway	M0.90	-0.0143	-0.0152	0.000368	-0.000265	0.00045348539116492	100
470_Teno_6102_2001	North-Norway	M0.90	-0.0132	-0.0101	-0.000523	3.69999999999995e-05	0.000524307161881277	100
471_Teno_6103_2001	North-Norway	M0.90	-0.0146	-0.0104	-3.6e-05	5.39999999999995e-05	6.48999229583514e-05	100
472_Teno_6107_2001	North-Norway	M0.90	-0.0124	-0.0119	0.000869	-0.000953999999999999	0.00129045612091229	100
473_Teno_6108_2001	North-Norway	M0.90	-0.006	-0.0101	0.001463	-9.20000000000004e-05	0.00146588983214974	100
474_Teno_6110_2001	North-Norway	M0.90	-0.011	-0.0121	0.000181999999999999	0.001527	0.00153780785535775	100
475_Teno_6129_2001	North-Norway	M0.90	-0.0129	-0.0098	-0.001407	-0.000579	0.00152147625679798	100
476_Teno_6170_2001	North-Norway	M0.90	-0.0057	-0.0166	0.000273	-0.00044	0.000517811741852191	100
477_Teno_6213_2001	North-Norway	M0.90	-0.007	-0.0061	0.000727	-0.00253	0.00263238086150162	100
478_Teno_6230_2001	North-Norway	M0.90	-0.0082	-0.0228	0.000293000000000001	0.000183000000000001	0.000345453325356698	100
479_Teno_6282_2001	North-Norway	M0.90	-0.0176	-0.0123	0.001483	0.001556	0.00214951738769427	100
480_Teno_6283_2001	North-Norway	M0.90	-0.0092	-0.0092	-0.000631	0.000215	0.000666622831892218	100
481_Teno_1996_2002	North-Norway	M0.90	-0.0036	-0.0143	0.00037	0.00017	0.000407185461430046	100
482_Teno_1999_2002	North-Norway	M0.90	-0.0072	-0.0106	0.000728	0.000613	0.000951710565245548	100
483_Teno_2397_2002	North-Norway	M0.90	-0.0128	-0.0156	-0.000293999999999999	0.001121	0.00115891198975591	100
484_Teno_2448_2002	North-Norway	M0.90	-0.0062	-0.0159	-0.000672	0.000870000000000001	0.00109931069311637	100
485_Teno_2548_2002	North-Norway	M0.90	-0.0071	-0.0163	-1.19999999999996e-05	0.00233	0.00233003090108264	100
486_Teno_2552_2002	North-Norway	M0.90	-0.0059	-0.0087	0.000955	0.001604	0.00186677288388277	100
487_Teno_2553_2002	North-Norway	M0.90	-0.0124	-0.0199	0.000537	0.000773000000000001	0.000941221546714694	100
488_Teno_2646_2002	North-Norway	M0.90	-0.0065	-0.0152	0.00039	0.001945	0.00198371494928077	100
489_Teno_2647_2002	North-Norway	M0.90	-0.0077	-0.0094	3e-04	-0.000214	0.000368505088160258	100
490_Teno_2649_2002	North-Norway	M0.90	-0.0106	-0.0098	0.000995	0.000525	0.00112501111105624	100
491_Teno_2655_2002	North-Norway	M0.90	-0.0058	-0.0141	-0.001658	-0.000836	0.00185684140410537	100
492_Teno_2656_2002	North-Norway	M0.90	-0.0116	-0.0087	-0.001175	0.000796999999999999	0.00141980069023789	100
493_Teno_2657_2002	North-Norway	M0.90	-0.015	-0.0121	-0.000244	-0.00127	0.0012932269715715	100
494_Teno_2658_2002	North-Norway	M0.90	-0.0119	-0.0122	0.000101000000000001	0.000916000000000001	0.000921551409309324	100
495_Teno_2693_2002	North-Norway	M0.90	-0.0072	-0.0047	-0.001182	-0.000477	0.00127461876653374	100
496_Teno_2697_2002	North-Norway	M0.90	-0.0117	-0.0135	0.001405	0.000823	0.00162829788429513	100
497_Teno_2702_2002	North-Norway	M0.90	-0.0109	-0.01	0.001659	4.80000000000004e-05	0.00165969424895069	100
498_Teno_2703_2002	North-Norway	M0.90	-0.0105	-0.0122	-0.000898999999999999	0.001351	0.00162277601658393	100
499_Teno_2704_2002	North-Norway	M0.90	-0.0125	-0.0124	0.001097	-0.000812	0.00136482709527618	100
4_49	Spain-Cant	M0.90	6e-04	0.0222	-8.1e-05	-0.000864000000000001	0.000867788568719364	100
4_50	Spain-Cant	M0.90	-0.0012	0.025	4.79999999999998e-05	0.000365999999999998	0.000369134121966527	100
4_51	Spain-Cant	M0.90	0.0013	0.0282	0.000863	-0.001655	0.00186649243234469	100
4_52	Spain-Cant	M0.90	-0.0061	0.027	0.002981	-8.7e-05	0.00298226927020348	100
4_53	Spain-Cant	M0.90	0.0032	0.0259	-6.70000000000001e-05	-0.000664999999999999	0.000668366665835452	100
4_54	Spain-Cant	M0.90	0.0014	0.0185	0.000471	-0.001277	0.00136109147378124	100
4_55	Spain-Cant	M0.90	-0.0013	0.0219	0.000113	0.001163	0.00116847678624781	100
4_56	Spain-Cant	M0.90	0.001	0.0224	0.000699	-0.001353	0.00152289526888752	100
4_57	Spain-Cant	M0.90	0	0.0133	-0.000362	-0.00173	0.00176746824582508	100
4_58	Spain-Cant	M0.90	0.003	0.0145	0.000265	-0.000732000000000001	0.000778491489998446	100
4_59	Spain-Cant	M0.90	0.001	0.0212	-0.000432	-0.001137	0.0012163030050115	100
4_60	Spain-Cant	M0.90	0.0028	0.0222	0.000813	-0.000784000000000001	0.00112943569980765	100
4_61	Spain-Cant	M0.90	-0.01	0.0283	-0.000841	-0.00106	0.00135310051363526	100
4_62	Spain-Cant	M0.90	0.0015	0.0216	0.000538	-7.60000000000012e-05	0.00054334151323086	100
4_63	Spain-Cant	M0.90	-0.007	0.0311	0.000973	-0.002356	0.00254901255391181	100
500_Teno_2705_2002	North-Norway	M0.90	-0.0077	-0.0128	-0.000442	9.20000000000005e-05	0.000451473144273278	100
501_Teno_2708_2002	North-Norway	M0.90	-0.0082	-0.0115	-0.000973999999999999	0.002224	0.00242793163000938	100
502_Teno_2711_2002	North-Norway	M0.90	-0.0138	-0.0177	-0.000335	-0.001491	0.00152817080197208	100
503_Teno_2714_2002	North-Norway	M0.90	-0.0126	-0.0154	0.000401	0.000151	0.000428488039506356	100
504_Teno_2716_2002	North-Norway	M0.90	-0.0105	-0.0215	0.000784000000000001	0.000542999999999998	0.000953679715627841	100
505_Teno_2718_2002	North-Norway	M0.90	-0.0062	-0.0113	0.000974	-0.001118	0.00148276768241016	100
506_Teno_2719_2002	North-Norway	M0.90	-0.0148	-0.0144	0.0018	0.000267	0.00181969475462232	100
507_Teno_2723_2002	North-Norway	M0.90	-0.0154	-0.0104	0.001704	0.00142	0.00221811090795749	100
508_Teno_2742_2002	North-Norway	M0.90	-0.0139	-0.0123	-0.000598000000000001	0.001311	0.00144094586990629	100
509_Teno_2744_2002	North-Norway	M0.90	-0.0128	-0.0137	0.000738	-0.001584	0.00174748390550528	100
510_Teno_2748_2002	North-Norway	M0.90	-0.0157	-0.0181	0.002158	-0.001137	0.00243920745325198	100
511_Teno_2928_2002	North-Norway	M0.90	-0.0149	-0.0155	0.001563	0.000351	0.00160192696462729	100
512_Teno_2931_2002	North-Norway	M0.90	-0.0174	-0.0101	0.001358	0.00088	0.00161819776294494	100
513_Teno_2960_2002	North-Norway	M0.90	-0.0106	-0.0168	0.001242	0.000911999999999999	0.00154087896993891	100
514_Teno_2973_2002	North-Norway	M0.90	-0.013	-0.0104	0.001719	-0.00108	0.00203011354362262	100
515_Teno_2975_2002	North-Norway	M0.90	-0.0093	-0.0124	-0.000319000000000001	0.000919	0.00097279083054889	100
516_Teno_3170_2002	North-Norway	M0.90	-0.014	-0.014	-0.000376	-0.002074	0.00210780739158017	100
517_Teno_3173_2002	North-Norway	M0.90	-0.009	-0.0126	0.001686	0.000324	0.00171684944010825	100
518_Teno_3343_2002	North-Norway	M0.90	-0.0157	-0.0152	0.000899999999999999	0.000135	0.000910068678727049	100
519_Teno_3434_2002	North-Norway	M0.90	-0.013	-0.021	0.00117	-0.000992999999999999	0.0015345843085344	100
520_Teno_3439_2002	North-Norway	M0.90	-0.0139	-0.014	0.000250999999999999	0.000428	0.000496170333655691	100
521_Teno_3440_2002	North-Norway	M0.90	-0.0147	-0.0127	0.000954999999999999	0.000815999999999999	0.0012561373332562	100
522_Teno_3441_2002	North-Norway	M0.90	-0.017	-0.0143	0.000427000000000001	0.001362	0.00142736575550908	100
523_Teno_3442_2002	North-Norway	M0.90	-0.0157	-0.0141	0.002369	0.001646	0.0028846970378187	100
524_Teno_3444_2002	North-Norway	M0.90	-0.0116	-0.016	0.000959999999999999	0.000452	0.00106108623589226	100
525_Teno_3445_2002	North-Norway	M0.90	-0.0131	-0.0151	0.001771	-0.000680999999999999	0.00189741982702827	100
526_Teno_3449_2002	North-Norway	M0.90	-0.007	-0.015	2.79999999999999e-05	-0.00164	0.00164023900697429	100
527_Teno_3451_2002	North-Norway	M0.90	-0.0147	-0.0152	0.001863	0.000772	0.00201661920054332	100
528_Teno_3453_2002	North-Norway	M0.90	-0.0153	-0.0151	0.00076	-5.69999999999991e-05	0.000762134502565	100
529_Teno_3455_2002	North-Norway	M0.90	-0.0175	-0.0131	-0.000350999999999998	0.001488	0.00152883779388135	100
530_Teno_3457_2002	North-Norway	M0.90	-0.0089	-0.0064	-0.000296	0.001015	0.00105728000075666	100
531_Teno_3459_2002	North-Norway	M0.90	-0.0114	-0.0147	0.001094	0.000123999999999999	0.00110100499544734	100
532_Teno_3468_2002	North-Norway	M0.90	-0.0124	-0.0142	0.000259	0.000562000000000001	0.000618809340588845	100
533_Teno_3469_2002	North-Norway	M0.90	-0.0142	-0.0134	0.000291000000000001	-0.001186	0.00122117852912668	100
534_Teno_3470_2002	North-Norway	M0.90	-0.0093	-0.0114	0.000533999999999999	-0.000351	0.000639028168393224	100
535_Teno_3471_2002	North-Norway	M0.90	-0.0106	-0.0108	0.000268	0.001516	0.0015395064144069	100
536_Teno_3477_2002	North-Norway	M0.90	-0.01	-0.0106	0.000161	-0.000537	0.000560615732922293	100
537_Teno_3478_2002	North-Norway	M0.90	-0.0085	-0.0124	0.000933000000000001	0.001266	0.00157265539772704	100
538_Teno_3479_2002	North-Norway	M0.90	-0.0084	-0.0132	0.00116	0.000353	0.0012125217523822	100
539_Teno_3480_2002	North-Norway	M0.90	-0.0131	-0.0103	0.001199	-0.001497	0.00191797028131303	100
540_Teno_3486_2002	North-Norway	M0.90	-0.0088	-0.0136	-0.001878	7.59999999999992e-05	0.00187953717707312	100
541_Teno_3490_2002	North-Norway	M0.90	-0.0116	-0.0169	0.002013	-0.001019	0.00225622029066313	100
542_Teno_3492_2002	North-Norway	M0.90	-0.0135	-0.0137	-0.000335	-0.000409	0.000528683270020908	100
543_Teno_3493_2002	North-Norway	M0.90	-0.0122	-0.013	-0.000361999999999999	-0.000314000000000001	0.000479207679404243	100
544_Teno_3502_2002	North-Norway	M0.90	-0.0017	0.0019	-0.000483	0.000208	0.000525883066850417	100
545_Teno_3506_2002	North-Norway	M0.90	-0.0109	-0.0158	-0.000703	0.001417	0.00158180213680473	100
546_Teno_3508_2002	North-Norway	M0.90	-0.0132	-0.009	0.00039	0.000535999999999999	0.000662869519588885	100
547_Teno_3510_2002	North-Norway	M0.90	-0.0075	-0.0132	0.000531	0.001719	0.00179914479684099	100
548_Teno_3511_2002	North-Norway	M0.90	-0.0157	-0.0124	0.001371	-0.000536	0.0014720519691913	100
549_Teno_3512_2002	North-Norway	M0.90	-0.0089	-0.0117	0.000879	-0.000183999999999999	0.000898051780244324	100
550_Teno_3520_2002	North-Norway	M0.90	-0.0113	-0.0148	0.000169999999999999	-0.000384999999999999	0.000420862210230379	100
551_Teno_3526_2002	North-Norway	M0.90	-0.0115	-0.0039	0.002301	0.002498	0.00339626338790147	100
552_Teno_3528_2002	North-Norway	M0.90	-0.0129	-0.0116	-0.000334	0.00159	0.0016247018187963	100
553_Teno_3533_2002	North-Norway	M0.90	-0.009	-0.0098	0.000898999999999999	0.000855	0.00124065547191797	100
554_Teno_3537_2002	North-Norway	M0.90	-0.0074	-0.0151	-0.000257	-0.001735	0.00175393101346661	100
555_Teno_3538_2002	North-Norway	M0.90	-0.0114	-0.0128	0.000917	-0.001217	0.00152380379314399	100
556_Teno_3725_2002	North-Norway	M0.90	-0.0163	-0.0075	0.001722	0.000709	0.00186224729829311	100
557_Teno_3732_2002	North-Norway	M0.90	-0.0109	-0.0164	-0.000933	3.50000000000013e-05	0.000933656253660843	100
558_Teno_3733_2002	North-Norway	M0.90	-0.0139	-0.01	0.000217999999999999	-0.000434	0.000485674788310037	100
559_Teno_3734_2002	North-Norway	M0.90	-0.0146	-0.0127	0.001241	0.001171	0.00170625965198735	100
560_Teno_3739_2002	North-Norway	M0.90	-0.0114	-0.0108	-0.000863	-0.001809	0.0020043078605843	100
561_Teno_3740_2002	North-Norway	M0.90	-0.0113	-0.0119	-0.00101	-0.000549999999999999	0.00115004347743901	100
562_Teno_3741_2002	North-Norway	M0.90	-0.0141	-0.0121	0.002205	0.00063	0.00229323461512336	100
563_Teno_3743_2002	North-Norway	M0.90	-0.013	-0.0146	-0.001144	0.001337	0.00175963206381334	100
564_Teno_3747_2002	North-Norway	M0.90	-0.0081	-0.0138	-0.001475	-0.000991	0.0017769935284069	100
565_Teno_3748_2002	North-Norway	M0.90	-0.006	-0.0064	0.000107	0.001302	0.00130638929879267	100
566_Teno_3813_2002	North-Norway	M0.90	-0.0105	-0.0045	-0.001268	-5e-04	0.00136302017593284	100
567_Teno_3816_2002	North-Norway	M0.90	-0.0128	-0.0113	-0.000254	-0.000225000000000001	0.000339324328629705	100
568_Teno_3821_2002	North-Norway	M0.90	-0.0148	-0.0165	0.001012	-0.000156999999999999	0.00102410595154994	100
569_Teno_3822_2002	North-Norway	M0.90	-0.0198	-0.0141	0.000781000000000002	-0.000181	0.000801699444929334	100
570_Teno_3930_2002	North-Norway	M0.90	-0.0095	-0.0113	-0.000678	0.001391	0.00154743820555136	100
571_Teno_3931_2002	North-Norway	M0.90	-0.0062	-0.008	0.000829	0.000914	0.00123395178187804	100
572_Teno_3938_2002	North-Norway	M0.90	-0.0127	-0.0087	-0.000302000000000001	0.000380999999999999	0.00048617383722286	100
573_Teno_3941_2002	North-Norway	M0.90	-0.0161	-0.0115	-0.000686	-7.00000000000003e-05	0.000689562179937386	100
574_Teno_3980_2002	North-Norway	M0.90	-0.0124	-0.0113	0.001806	-0.000148000000000001	0.0018120540830781	100
575_Teno_3982_2002	North-Norway	M0.90	-0.0098	-0.0129	0.000588	0.001031	0.0011868887900726	100
576_Teno_3984_2002	North-Norway	M0.90	-0.0139	-0.0146	0.001345	-0.000159	0.00135436553411551	100
577_Teno_3989_2002	North-Norway	M0.90	-0.0067	-0.0142	0.001765	0.000515000000000001	0.00183860001087784	100
578_Teno_3990_2002	North-Norway	M0.90	-0.0047	-0.0145	-7.89999999999999e-05	0.000428000000000001	0.000435229824345713	100
579_Teno_3993_2002	North-Norway	M0.90	-0.0134	-0.0146	-0.000597	0.002041	0.00212652063239462	100
580_Teno_3994_2002	North-Norway	M0.90	-0.0065	-0.006	-0.000795	0.001249	0.00148054922241714	100
581_Teno_3996_2002	North-Norway	M0.90	-0.0103	-0.0155	-0.001494	0.001195	0.00191312858950986	100
582_Teno_4001_2002	North-Norway	M0.90	-0.0147	-0.0084	0.001191	-0.001483	0.00190204363777491	100
583_Teno_4124_2002	North-Norway	M0.90	-0.014	-0.0168	-0.00056	-0.000152000000000001	0.000580262009785235	100
584_Teno_4134_2002	North-Norway	M0.90	-0.0155	-0.0146	-0.000591	0.000814	0.00100592097105091	100
585_Teno_4135_2002	North-Norway	M0.90	-0.0172	-0.0159	-0.001175	-0.000829999999999999	0.00143858437361178	100
586_Teno_4144_2002	North-Norway	M0.90	-0.0079	-0.0105	0.000695000000000001	0.001838	0.00196501119589686	100
587_Teno_4146_2002	North-Norway	M0.90	-0.0122	-0.0066	0.001781	-7.4e-05	0.00178253667563952	100
588_Teno_4160_2002	North-Norway	M0.90	-0.0133	-0.0097	0.001054	0.002324	0.00255184090413176	100
589_Teno_4191_2002	North-Norway	M0.90	-0.0113	-0.012	0.001092	0.001612	0.0019470511035923	100
590_Teno_4233_2002	North-Norway	M0.90	-0.0058	-0.0114	-0.000166	0.000664	0.000684435533852532	100
591_Teno_4235_2002	North-Norway	M0.90	-0.0131	-0.0138	-0.000903	-0.002605	0.00275706982138647	100
592_Teno_4236_2002	North-Norway	M0.90	-0.0082	-0.0103	3.90000000000007e-05	-0.001524	0.00152449893407637	100
593_Teno_4243_2002	North-Norway	M0.90	-0.0081	-0.0121	0.000113	1.09999999999996e-05	0.000113534135835879	100
594_Teno_4244_2002	North-Norway	M0.90	-0.0114	-0.0173	0.001225	0.001364	0.00183333603030105	100
595_Teno_4288_2002	North-Norway	M0.90	-0.0083	-0.0125	9.00000000000012e-06	0.000145000000000001	0.000145279041847061	100
596_Teno_4290_2002	North-Norway	M0.90	-0.012	-0.0066	9.30000000000003e-05	0.001333	0.00133624024785964	100
597_Teno_4294_2002	North-Norway	M0.90	-0.007	-0.012	0.001628	0.000449	0.00168878210554233	100
598_Teno_4300_2002	North-Norway	M0.90	-0.0179	-0.0106	-0.000647000000000001	0.002688	0.00276476997234851	100
599_Teno_4313_2002	North-Norway	M0.90	-0.0121	-0.0069	0.000229	0.000857	0.000887068204818547	100
5_64	Spain-Cant	M0.90	-4e-04	0.0198	-0.000294	0.000903999999999998	0.000950606122429262	100
5_65	Spain-Cant	M0.90	-0.0048	0.0406	-3.60000000000006e-05	-0.001802	0.00180235956457084	100
5_66	Spain-Cant	M0.90	4e-04	0.026	-0.000232	-0.001054	0.00107923120785122	100
5_67	Spain-Cant	M0.90	-0.0014	0.0387	-0.000593	-0.002545	0.00261317316686055	100
5_68	Spain-Cant	M0.90	-6e-04	0.0297	-0.001884	-0.001716	0.00254835476337185	100
5_69	Spain-Cant	M0.90	0.0033	0.029	-0.000782	0.000117999999999998	0.000790852704364093	100
5_70	Spain-Cant	M0.90	-0.0012	0.0289	0.000792	-0.002009	0.00215947794617125	100
5_71	Spain-Cant	M0.90	-0.0024	0.0308	0.000496	-0.00216	0.00221621659591295	100
5_72	Spain-Cant	M0.90	-5e-04	0.0263	-0.000313	-0.001502	0.00153426627415192	100
5_73	Spain-Cant	M0.90	2e-04	0.022	0.000413	0.000783000000000001	0.000885244598966863	100
5_74	Spain-Cant	M0.90	0.0012	0.0266	0.000834	-0.00137	0.00160388777662279	100
5_75	Spain-Cant	M0.90	-0.003	0.0209	-0.000202	0.000525000000000002	0.000562520221858736	100
5_76	Spain-Cant	M0.90	-7e-04	0.0261	0.001255	-0.001884	0.0022637316537081	100
5_77	Spain-Cant	M0.90	-3e-04	0.0067	0.001654	-0.00245	0.00295604736091965	100
5_78	Spain-Cant	M0.90	-8e-04	0.0241	0.001591	0.00074	0.00175467404380415	100
5_79	Spain-Cant	M0.90	0.0072	0.0177	-0.001803	-0.00115	0.00213852963505302	100
600_Teno_4318_2002	North-Norway	M0.90	-0.0117	-0.0097	0.001583	-0.000641	0.00170785538029425	100
601_Teno_4337_2002	North-Norway	M0.90	-0.01	-0.0141	0.000108	0.001141	0.00114609990838495	100
602_Teno_4342_2002	North-Norway	M0.90	-0.0138	-0.0101	0.001168	-2.90000000000004e-05	0.00116835996165565	100
603_Teno_4367_2002	North-Norway	M0.90	-0.0106	-0.0085	0.001418	0.001394	0.00198845668798694	100
604_Teno_4410_2002	North-Norway	M0.90	-0.0112	-0.0119	0.001081	-0.000400999999999999	0.00115297961820667	100
605_Teno_4417_2002	North-Norway	M0.90	-0.0091	-0.0127	0.000335	0.001297	0.00133956485471962	100
606_Teno_4425_2002	North-Norway	M0.90	-0.0108	-0.0124	0.000853000000000001	-0.000606	0.00104634841233692	100
607_Teno_4432_2002	North-Norway	M0.90	-0.0098	-0.011	0.001649	-0.000495000000000001	0.00172169277166398	100
608_Teno_4443_2002	North-Norway	M0.90	-0.0137	-0.0148	0.000681	0.002671	0.00275644735121134	100
609_Teno_4444_2002	North-Norway	M0.90	-0.0135	-0.0102	-0.00145	1.20000000000007e-05	0.00145004965432222	100
610_Teno_4451_2002	North-Norway	M0.90	-0.0127	-0.0151	-0.000435	0.000663000000000001	0.000792965320805394	100
611_Teno_4453_2002	North-Norway	M0.90	-0.0156	-0.0127	-0.001316	0.001233	0.00180337045556369	100
612_Teno_4461_2002	North-Norway	M0.90	-0.0141	-0.01	0.001623	9.50000000000001e-05	0.00162577796762042	100
613_Teno_4468_2002	North-Norway	M0.90	-0.0141	-0.0077	-0.000856	-0.000925	0.0012603019479474	100
614_Teno_4475_2002	North-Norway	M0.90	-0.0112	-0.0139	0.001749	0.000331999999999999	0.00178023172648956	100
615_Teno_4477_2002	North-Norway	M0.90	-0.0144	-0.0126	6.89999999999996e-05	-0.000601	0.000604947931643708	100
616_Teno_4478_2002	North-Norway	M0.90	-0.0138	-0.008	0.00275	0.000191	0.00275662492914796	100
617_Teno_4479_2002	North-Norway	M0.90	-0.0035	-0.0208	-0.000922	-0.000944000000000001	0.00131955295460243	100
618_Teno_4485_2002	North-Norway	M0.90	-0.0105	-0.0182	0.000193000000000001	0.001139	0.00115523590664418	100
619_Teno_4532_2002	North-Norway	M0.90	-0.0069	-0.0119	0.000199	-0.001628	0.00164011737384859	100
620_Teno_4536_2002	North-Norway	M0.90	-0.012	-0.0149	-0.000134	-0.00028	0.000310412628609082	100
621_Teno_4537_2002	North-Norway	M0.90	-0.0114	-0.0123	-0.000738	-0.000425	0.000851627265885727	100
622_Teno_4540_2002	North-Norway	M0.90	-0.0115	-0.0176	-0.002334	-0.000732999999999999	0.00244639428547403	100
623_Teno_4542_2002	North-Norway	M0.90	-0.0103	-0.0082	-0.000868	-0.000973999999999999	0.00130464554573263	100
624_Teno_4548_2002	North-Norway	M0.90	-0.0153	-0.0157	-0.000222000000000001	-0.001329	0.00134741419021769	100
625_Teno_4556_2002	North-Norway	M0.90	-0.0022	-0.003	-0.001032	0.00118	0.00156761730023625	100
626_Teno_4562_2002	North-Norway	M0.90	-0.0114	-0.016	0.000475	0.00035	0.000590021186060298	100
627_Teno_4563_2002	North-Norway	M0.90	-0.0101	-0.013	0.000357	-0.001923	0.00195585735676199	100
628_Teno_4570_2002	North-Norway	M0.90	-0.0067	-0.0157	-0.000759	-0.000785000000000001	0.00109192765328111	100
629_Teno_4579_2002	North-Norway	M0.90	-0.0162	-0.0132	-0.000427000000000001	0.001219	0.00129162301001492	100
630_Teno_4580_2002	North-Norway	M0.90	-0.0099	-0.0101	0.001117	0.000435	0.00119871347702443	100
631_Teno_4583_2002	North-Norway	M0.90	-0.0134	-0.0119	-0.000583	-0.001947	0.00203241186770792	100
632_Teno_4592_2002	North-Norway	M0.90	-0.014	-0.0126	5.90000000000003e-05	0.000775	0.000777242561881425	100
633_Teno_4595_2002	North-Norway	M0.90	-0.0066	-0.0126	0.002214	0.000874	0.0023802672118903	100
634_Teno_4596_2002	North-Norway	M0.90	-0.0126	-0.0097	-0.000385	-0.000589	0.000703666114005783	100
635_Teno_4599_2002	North-Norway	M0.90	-0.0165	-0.0124	0.000819000000000001	0.00105	0.00133163846444897	100
636_Teno_4650_2002	North-Norway	M0.90	-0.0175	-0.0146	0.000886000000000002	0.001518	0.00175764615324018	100
637_Teno_4695_2002	North-Norway	M0.90	-0.0086	-0.0144	0.000621	-0.000798	0.00101116022469241	100
638_Teno_4775_2002	North-Norway	M0.90	-0.0109	-0.0137	0.000717	0.001638	0.00178805285156787	100
639_Teno_4788_2002	North-Norway	M0.90	-0.0137	-0.0099	0.000155	0.000471000000000001	0.000495848767266796	100
640_Teno_4793_2002	North-Norway	M0.90	-0.0057	-0.0087	-1.99999999999985e-06	0.002056	0.00205600097276241	100
641_Teno_4794_2002	North-Norway	M0.90	-0.0146	-0.0117	0.000872	-0.000896999999999999	0.00125099680255387	100
642_Teno_2303_2003	North-Norway	M0.90	-0.0127	-0.0087	0.002104	-0.001628	0.00266030073487942	100
643_Teno_2519_2003	North-Norway	M0.90	-0.0126	-0.0139	0.000226	-0.001708	0.0017228871117981	100
644_Teno_2520_2003	North-Norway	M0.90	-0.0152	-0.0088	0.003335	0.000923	0.00346036905546215	100
645_Teno_2605_2003	North-Norway	M0.90	-0.0137	-0.0096	0.001338	0.000534999999999999	0.00144099583621883	100
646_Teno_2608_2003	North-Norway	M0.90	-0.0057	-0.0179	-6.29999999999998e-05	-0.000676000000000001	0.000678929304125254	100
647_Teno_2632_2003	North-Norway	M0.90	-0.0157	-0.0127	0.000833999999999999	0.000743	0.00111696239865091	100
648_Teno_2635_2003	North-Norway	M0.90	-0.016	-0.0104	0.000269	-0.000195	0.00033224388632449	100
649_Teno_2683_2003	North-Norway	M0.90	-0.0108	-0.0099	0.002337	-0.001525	0.00279055442519941	100
650_Teno_2684_2003	North-Norway	M0.90	-0.0091	-0.0097	-2.09999999999995e-05	0.000194	0.00019513328778043	100
651_Teno_2687_2003	North-Norway	M0.90	-0.014	-0.0134	-0.001081	0.000985	0.00146245888831105	100
652_Teno_2689_2003	North-Norway	M0.90	-0.0148	-0.0118	0.000412000000000001	-0.000143000000000001	0.000436111224345351	100
653_Teno_2690_2003	North-Norway	M0.90	-0.0081	-0.0125	-0.000512000000000001	3.40000000000009e-05	0.000513127664426701	100
654_Teno_2691_2003	North-Norway	M0.90	-0.0014	-0.0064	-0.000779	-0.001397	0.00159951555165931	100
655_Teno_2692_2003	North-Norway	M0.90	-0.0124	-0.0152	0.000221	-0.000157	0.000271090390829332	100
656_Teno_2776_2003	North-Norway	M0.90	-0.0144	-0.0075	-0.000293	-0.001974	0.00199562646805458	100
657_Teno_2788_2003	North-Norway	M0.90	-0.0055	-0.0107	0.000554	0.000573	0.000797022584372613	100
658_Teno_2790_2003	North-Norway	M0.90	-0.0134	-0.0173	-0.001042	-0.000860000000000001	0.00135106032433789	100
659_Teno_2792_2003	North-Norway	M0.90	-0.0118	-0.0114	-0.001216	0.001516	0.00194342789935722	100
660_Teno_2798_2003	North-Norway	M0.90	-0.0113	-0.0143	0.002286	0.000404	0.0023214245626339	100
661_Teno_2799_2003	North-Norway	M0.90	-0.0101	-0.0071	0.001639	0.000163000000000001	0.00164708530440897	100
662_Teno_2800_2003	North-Norway	M0.90	-0.0086	-0.0114	0.001022	0.00111	0.00150883531241816	100
663_Teno_2801_2003	North-Norway	M0.90	-0.0099	-0.0072	-0.000253999999999999	0.000264	0.000366349559846875	100
664_Teno_2804_2003	North-Norway	M0.90	-0.0127	-0.0159	0.000812	0.000702000000000001	0.00107338157241495	100
665_Teno_2805_2003	North-Norway	M0.90	-0.0156	-0.0116	-0.000328000000000001	-0.00102	0.00107144015231837	100
666_Teno_2806_2003	North-Norway	M0.90	-0.0093	-0.0045	-0.000539000000000001	-4.80000000000002e-05	0.000541133070510388	100
667_Teno_2808_2003	North-Norway	M0.90	-0.0157	-0.0112	-0.000403000000000001	0.001452	0.00150688851611524	100
668_Teno_2809_2003	North-Norway	M0.90	-0.0098	-0.0076	0.000521	0.000451	0.000689087802823413	100
669_Teno_2814_2003	North-Norway	M0.90	-0.0154	-0.0066	0.000329000000000001	-0.000678	0.000753607988280379	100
670_Teno_2816_2003	North-Norway	M0.90	-0.0137	-0.0053	-0.00031	0.000924	0.000974615821747215	100
671_Teno_2820_2003	North-Norway	M0.90	-0.0041	-0.0219	0.002037	-0.000307000000000001	0.00206000436892741	100
672_Teno_2822_2003	North-Norway	M0.90	-0.0079	-0.0094	-0.000150999999999999	0.000837	0.000850511610737914	100
673_Teno_2824_2003	North-Norway	M0.90	-0.0175	-0.0157	0.001032	-0.000576000000000001	0.00118186293621553	100
674_Teno_2827_2003	North-Norway	M0.90	-0.0059	-0.0136	0.000597	0.000951999999999999	0.00112370503247071	100
675_Teno_2853_2003	North-Norway	M0.90	-0.01	-0.0157	0.000519	0.001131	0.00124439623914571	100
676_Teno_2895_2003	North-Norway	M0.90	-0.0104	-0.0124	-0.000861	0.001403	0.00164612575461293	100
677_Teno_2929_2003	North-Norway	M0.90	-0.0155	-0.0144	-0.001346	0.001288	0.00186297074587874	100
678_Teno_2955_2003	North-Norway	M0.90	-0.0125	-0.0088	0.000867000000000001	0.000222000000000001	0.000894970949249193	100
679_Teno_2989_2003	North-Norway	M0.90	-0.0111	-0.0141	8.90000000000004e-05	-0.001484	0.00148666640508219	100
680_Teno_3022_2003	North-Norway	M0.90	-0.014	-0.0109	0.001445	0.001368	0.00198983642543803	100
681_Teno_3024_2003	North-Norway	M0.90	-0.0082	-0.0143	-0.000386999999999999	-0.001268	0.0013257424335066	100
682_Teno_3025_2003	North-Norway	M0.90	-0.0042	-0.0054	0.002036	-0.000373	0.00206988526252061	100
683_Teno_3026_2003	North-Norway	M0.90	-0.0077	-0.0143	0.00172	0.000817	0.00190417672499167	100
684_Teno_3033_2003	North-Norway	M0.90	-0.0087	-0.0109	-0.000458000000000001	0.000158	0.000484487357936201	100
685_Teno_3035_2003	North-Norway	M0.90	-0.0107	-0.0067	0.001032	0.000205	0.0010521639606069	100
686_Teno_3058_2003	North-Norway	M0.90	-0.0127	-0.0067	0.000672999999999999	0.000383000000000001	0.000774350050041969	100
687_Teno_3060_2003	North-Norway	M0.90	-0.0073	-0.0133	0.000962	0.000209999999999999	0.000984654254040473	100
688_Teno_3061_2003	North-Norway	M0.90	-0.0163	-0.0108	0.001005	0.000427000000000001	0.00109194963253806	100
689_Teno_3062_2003	North-Norway	M0.90	-0.0113	-0.0124	0.000930999999999999	-0.001871	0.00208983300768267	100
690_Teno_3063_2003	North-Norway	M0.90	-0.0127	-0.0085	0.000217999999999999	0.001123	0.00114396372320105	100
691_Teno_3069_2003	North-Norway	M0.90	-0.0143	-0.0127	0.000401	0.000313999999999999	0.000509310317979127	100
692_Teno_3086_2003	North-Norway	M0.90	-0.0125	-0.0059	-0.000632999999999999	8.29999999999998e-05	0.000638418358132032	100
693_Teno_3089_2003	North-Norway	M0.90	-0.0079	-0.0096	-0.000296999999999999	8.09999999999991e-05	0.000307847364776766	100
694_Teno_3091_2003	North-Norway	M0.90	-0.0065	-0.0166	0.000768	-0.000795	0.00110537278779604	100
695_Teno_3137_2003	North-Norway	M0.90	-0.0109	-0.013	0.00069	0.000556999999999999	0.000886763215294815	100
696_Teno_3139_2003	North-Norway	M0.90	-0.0158	-0.0044	-0.000272999999999999	-0.001438	0.00146368473381394	100
697_Teno_3141_2003	North-Norway	M0.90	-0.0161	-0.0131	0.000274	-0.000729999999999999	0.00077972815775756	100
698_Teno_3144_2003	North-Norway	M0.90	-0.0195	-0.0124	0.00067	0.001744	0.00186827085830722	100
699_Teno_3147_2003	North-Norway	M0.90	-0.0072	-0.0075	8.69999999999997e-05	0.001257	0.0012600071428369	100
6_80	Spain-Cant	M0.90	0.0027	0.0281	0.000141999999999999	-0.00175	0.00175575169087203	100
6_81	Spain-Cant	M0.90	-5e-04	0.0313	0.001425	0.000453999999999999	0.00149557380292649	100
6_82	Spain-Cant	M0.90	0.0058	0.0236	0.000583	0.001815	0.00190633522760295	100
6_83	Spain-Cant	M0.90	-0.0031	0.0192	0.000166	-0.000672999999999998	0.000693170253256729	100
6_84	Spain-Cant	M0.90	-0.0011	0.0288	0.001924	-0.000148999999999999	0.00192976086601423	100
6_85	Spain-Cant	M0.90	-0.0018	0.0284	0.000481	-0.000492000000000002	0.000688058863760944	100
6_86	Spain-Cant	M0.90	0.0031	0.0223	-0.000277	-0.000710000000000001	0.0007621213814085	100
6_87	Spain-Cant	M0.90	8e-04	0.0233	0.000335	-0.001065	0.00111644525168053	100
6_88	Spain-Cant	M0.90	0.0012	0.0264	-0.000581	-0.002906	0.00296351092456228	100
6_89	Spain-Cant	M0.90	0.0061	0.0276	0.000444999999999999	-0.000419	0.000611216819140311	100
6_90	Spain-Cant	M0.90	-0.0048	0.0239	0.001877	-0.00253	0.00315024268906381	100
6_91	Spain-Cant	M0.90	0.0037	0.0235	0.000672	0.000238	0.000712901115162545	100
6_92	Spain-Cant	M0.90	-0.0016	0.0243	0.000387	-0.000250999999999998	0.000461269986016866	100
6_93	Spain-Cant	M0.90	9e-04	0.0283	-0.000565	0.000598000000000001	0.000822696177212464	100
6_94	Spain-Cant	M0.90	0.0037	0.033	-0.000754	-0.000552000000000002	0.00093446241229918	100
6_95	Spain-Cant	M0.90	-0.0055	0.0275	-0.000192	-0.001126	0.0011422521613024	100
700_Teno_3151_2003	North-Norway	M0.90	-0.0096	-0.0141	0.000645999999999999	0.000126	0.00065817322947686	100
701_Teno_3153_2003	North-Norway	M0.90	-0.0115	-0.0084	0.000317	0.000716999999999999	0.00078395025352378	100
702_Teno_3154_2003	North-Norway	M0.90	-0.0113	-0.0123	-0.001581	-0.002412	0.00288397382096301	100
703_Teno_3155_2003	North-Norway	M0.90	-0.0165	-0.0088	-0.000939999999999999	-0.000549999999999999	0.00108908218239029	100
704_Teno_3159_2003	North-Norway	M0.90	-0.007	-0.0034	0.000579	-6.90000000000001e-05	0.00058309690446786	100
705_Teno_3160_2003	North-Norway	M0.90	-0.0157	-0.0168	6.49999999999987e-05	-0.000842000000000001	0.000844505180564336	100
706_Teno_3161_2003	North-Norway	M0.90	-0.0104	-0.0189	0.000704	0.001504	0.00166061193540213	100
707_Teno_3168_2003	North-Norway	M0.90	-0.0093	-0.0152	-0.000767000000000001	-1.50000000000002e-05	0.000767146661336671	100
708_Teno_3173_2003	North-Norway	M0.90	-0.0129	-0.0091	0.000507	-0.001414	0.00150214679708742	100
709_Teno_3179_2003	North-Norway	M0.90	-0.0142	-0.0121	-3.99999999999992e-05	-0.000461	0.000462732103921913	100
710_Teno_3184_2003	North-Norway	M0.90	-0.0152	-0.002	0.000367	0.000908	0.000979363568854795	100
711_Teno_3186_2003	North-Norway	M0.90	-0.0086	-0.0094	-0.001107	-1.29999999999996e-05	0.00110707632979845	100
712_Teno_3189_2003	North-Norway	M0.90	-0.0105	-0.0041	-0.000334999999999999	-0.001266	0.00130957283111708	100
713_Teno_3192_2003	North-Norway	M0.90	-0.0034	-0.0085	0.000617	-0.000555999999999999	0.000830557041990494	100
714_Teno_3193_2003	North-Norway	M0.90	-0.0127	-0.0089	-0.000118	0.000348	0.000367461562615738	100
715_Teno_3196_2003	North-Norway	M0.90	-0.0083	-0.0115	0.001768	0.000423	0.00181789796193296	100
716_Teno_3197_2003	North-Norway	M0.90	-0.0092	-0.0109	0.001494	0.000532	0.00158589406960238	100
717_Teno_3204_2003	North-Norway	M0.90	-0.0097	-0.017	-0.001237	0.001701	0.00210322847070878	100
718_Teno_3210_2003	North-Norway	M0.90	-0.0101	-0.0151	-0.001461	-0.000387999999999999	0.00151164314571925	100
719_Teno_3215_2003	North-Norway	M0.90	-0.0067	-0.0119	-0.002156	0.001594	0.00268126313516596	100
720_Teno_3216_2003	North-Norway	M0.90	-0.0149	-0.0141	0.000765	0.00119	0.00141468194305293	100
721_Teno_3217_2003	North-Norway	M0.90	-0.0037	-0.007	-0.000623	0.002115	0.00220484784055499	100
722_Teno_3218_2003	North-Norway	M0.90	-0.006	-0.0142	0.000376	0.001119	0.00118048168134876	100
723_Teno_3223_2003	North-Norway	M0.90	-0.007	-0.0149	-0.001142	-0.000351	0.00119472381745741	100
724_Teno_3224_2003	North-Norway	M0.90	-0.0148	-0.0078	0.001013	0.001162	0.00154156187031205	100
725_Teno_3230_2003	North-Norway	M0.90	-0.0124	-0.0131	-0.001718	0.000631000000000001	0.00183021446830693	100
726_Teno_3231_2003	North-Norway	M0.90	-0.0127	-0.0111	0.000392999999999999	0.001922	0.00196176782520256	100
727_Teno_3233_2003	North-Norway	M0.90	-0.0127	-0.0133	0.001469	0.001897	0.00239928531025387	100
728_Teno_3235_2003	North-Norway	M0.90	-0.0083	-0.0053	0.0011	-0.001036	0.00151105790756013	100
729_Teno_3244_2003	North-Norway	M0.90	-0.0094	-0.0154	-5.09999999999997e-05	-5.19999999999995e-05	7.283543093852e-05	100
730_Teno_3245_2003	North-Norway	M0.90	-0.0167	-0.0145	-0.000383	0.000658	0.000761349459840881	100
731_Teno_3249_2003	North-Norway	M0.90	-0.0144	-0.0148	0.000668	0.000159000000000001	0.00068666221681406	100
732_Teno_3250_2003	North-Norway	M0.90	-0.0118	-0.0143	0.001342	0.001547	0.0020479680173284	100
733_Teno_3251_2003	North-Norway	M0.90	-0.0101	-0.0113	0.001612	-0.000566000000000001	0.00170847885559055	100
734_Teno_3253_2003	North-Norway	M0.90	-0.0171	-0.0073	0.000234000000000001	0.000338	0.00041109609582189	100
735_Teno_3254_2003	North-Norway	M0.90	-0.0171	-0.011	0.001073	-0.000188000000000001	0.00108934521617346	100
736_Teno_3257_2003	North-Norway	M0.90	-0.0185	-0.0146	0.001058	2e-04	0.00107673766535772	100
737_Teno_3259_2003	North-Norway	M0.90	-0.0076	-0.0064	0.000683	-0.001389	0.00154784043105224	100
738_Teno_3265_2003	North-Norway	M0.90	-0.0055	-0.013	-0.000185	-0.00036	0.000404753011106774	100
739_Teno_3269_2003	North-Norway	M0.90	-0.0144	-0.0119	-0.000464	0.001372	0.00144833697736404	100
740_Teno_3272_2003	North-Norway	M0.90	-0.0121	-0.0126	-0.000128	0.000919	0.000927871219512708	100
741_Teno_3277_2003	North-Norway	M0.90	-0.011	-0.0166	-0.001249	0.001367	0.0018516722172134	100
742_Teno_3278_2003	North-Norway	M0.90	-0.007	-0.0171	-4.48927462044779e-21	0.000882000000000001	0.000882000000000001	100
743_Teno_3294_2003	North-Norway	M0.90	-0.0153	-0.0149	0.000621999999999999	0.001409	0.00154018343063416	100
744_Teno_3300_2003	North-Norway	M0.90	-0.0099	-0.017	0.000283000000000001	0.000148000000000001	0.000319363429340306	100
745_Teno_3302_2003	North-Norway	M0.90	-0.0134	-0.0132	0.000592000000000001	0.00184	0.00193289006412677	100
746_Teno_3303_2003	North-Norway	M0.90	-0.0134	-0.0109	0.000697	0.001583	0.00172965256626873	100
747_Teno_3305_2003	North-Norway	M0.90	-0.0106	-0.0077	-0.001291	-0.000775	0.00150575761661696	100
748_Teno_3307_2003	North-Norway	M0.90	-0.0176	-0.0081	0.001367	0.000445	0.00143760703949306	100
749_Teno_3308_2003	North-Norway	M0.90	-0.0101	-0.0145	0.000465	0.00219	0.00223882223501555	100
750_Teno_3309_2003	North-Norway	M0.90	-0.0078	-0.0117	0.001212	0.000272000000000001	0.00124214652919855	100
751_Teno_3317_2003	North-Norway	M0.90	-0.0106	-0.0124	0.00058	0.002063	0.00214298133449641	100
752_Teno_3319_2003	North-Norway	M0.90	-0.0075	-0.0143	0.000122	0.001098	0.00110475698685277	100
753_Teno_3320_2003	North-Norway	M0.90	-0.0092	-0.0089	-0.000784	0.00126	0.001484	100
754_Teno_3321_2003	North-Norway	M0.90	-0.0133	-0.0184	0.002098	0.000142	0.00210280003804451	100
755_Teno_3347_2003	North-Norway	M0.90	-0.0175	-0.013	0.001766	0.000301999999999999	0.00179163612377067	100
756_Teno_3348_2003	North-Norway	M0.90	-0.0122	-0.0128	0.000702000000000001	-0.000564999999999999	0.000901126517199444	100
757_Teno_3349_2003	North-Norway	M0.90	-0.0094	-0.0028	0.001295	-0.00028	0.00132492452615234	100
758_Teno_3351_2003	North-Norway	M0.90	-0.0137	-0.0145	0.001884	0.001697	0.00253559953462687	100
759_Teno_3352_2003	North-Norway	M0.90	-0.0131	-0.0173	-0.001279	-3.20000000000006e-05	0.00127940025011722	100
760_Teno_3355_2003	North-Norway	M0.90	-0.0117	-0.0159	-0.000475	0.00117	0.00126274502572768	100
761_Teno_3360_2003	North-Norway	M0.90	-0.0179	-0.0212	0.001644	0.000556	0.00173547457486418	100
762_Teno_3402_2003	North-Norway	M0.90	-0.0069	-0.0057	0.001402	-0.001592	0.0021213363712528	100
763_Teno_3409_2003	North-Norway	M0.90	-0.0182	-0.0074	0.000969000000000001	0.002002	0.00222417737602018	100
764_Teno_3410_2003	North-Norway	M0.90	-0.0138	-0.0184	-0.000118	0.002405	0.00240789306240954	100
765_Teno_3498_2003	North-Norway	M0.90	-0.0131	-0.0156	-0.001272	0.001702	0.00212480304969661	100
766_Teno_3503_2003	North-Norway	M0.90	-0.0077	-0.0137	0.00052	0.001318	0.00141687120092124	100
767_Teno_3504_2003	North-Norway	M0.90	-0.0116	-0.0101	0.001221	-0.002334	0.00263408371165383	100
768_Teno_3505_2003	North-Norway	M0.90	-0.0077	-0.0126	-0.001742	5.80000000000002e-05	0.00174296528938473	100
769_Teno_3506_2003	North-Norway	M0.90	-0.0118	-0.0138	0.001316	0.001656	0.00211522859284759	100
770_Teno_3507_2003	North-Norway	M0.90	-0.0091	-0.0104	-0.001079	0.000960999999999999	0.001444908993674	100
771_Teno_3508_2003	North-Norway	M0.90	-0.0081	-0.0181	0.001786	0.001433	0.00228982204548738	100
772_Teno_3509_2003	North-Norway	M0.90	-0.0155	-0.0116	0.000746	8.5999999999999e-05	0.000750940743334652	100
773_Teno_3511_2003	North-Norway	M0.90	-0.0128	-0.0128	-0.000583999999999999	0.00101	0.00116668590460329	100
774_Teno_3513_2003	North-Norway	M0.90	-0.01	-0.0188	0.00078	0.002012	0.00215790268547958	100
775_Teno_3517_2003	North-Norway	M0.90	-0.0149	-0.0121	0.001638	0.00205	0.00262403201199985	100
776_Teno_3548_2003	North-Norway	M0.90	-0.0126	-0.0086	0.000104	0.001083	0.00108798207705826	100
777_Teno_3549_2003	North-Norway	M0.90	-0.0072	-0.011	-0.001026	0.000226999999999999	0.0010508115911047	100
778_Teno_3550_2003	North-Norway	M0.90	-8e-04	-0.0123	0.000586	0.002247	0.00232215524890133	100
779_Teno_3551_2003	North-Norway	M0.90	-0.0095	-0.014	-0.000767	-0.000318	0.000830308978633858	100
780_Teno_3557_2003	North-Norway	M0.90	-0.0174	-0.0087	0.000377999999999999	0.001096	0.00115935326799039	100
781_Teno_3558_2003	North-Norway	M0.90	-0.005	-0.0093	-0.003071	0.000557999999999999	0.0031212825889368	100
782_Teno_3566_2003	North-Norway	M0.90	-0.0124	-0.0136	3.29999999999997e-05	0.001834	0.00183429686801237	100
783_Teno_3567_2003	North-Norway	M0.90	-0.0095	-0.0135	0.001452	-0.000797	0.00165635533627299	100
784_Teno_3574_2003	North-Norway	M0.90	-0.0114	-0.0069	-0.000688	-0.00074	0.00101041773539462	100
785_Teno_3598_2003	North-Norway	M0.90	-0.0082	-0.0142	0.002293	0.000800000000000001	0.00242854874359153	100
786_Teno_3649_2003	North-Norway	M0.90	-0.0134	-0.008	0.001499	0.000451	0.00156537599317225	100
787_Teno_3650_2003	North-Norway	M0.90	-0.0109	-0.0113	-0.00044	0.001305	0.00137718008989384	100
788_Teno_3653_2003	North-Norway	M0.90	-0.0118	-0.0084	0.001768	-0.000281000000000001	0.0017901913305566	100
789_Teno_3657_2003	North-Norway	M0.90	-0.0166	-0.0115	-0.001214	0.001154	0.00167496626831707	100
790_Teno_3660_2003	North-Norway	M0.90	-0.0155	-0.0099	-0.000598	0.001701	0.00180305435303543	100
791_Teno_3677_2003	North-Norway	M0.90	-0.0091	-0.0112	-0.000678999999999999	-0.001705	0.00183522914100665	100
792_Teno_3679_2003	North-Norway	M0.90	-0.0164	-0.0108	6.30000000000015e-05	-0.000296	0.000302630137296337	100
793_Teno_3681_2003	North-Norway	M0.90	-0.0137	-0.0114	-0.000646	-0.002926	0.00299646324856488	100
794_Teno_3683_2003	North-Norway	M0.90	-0.011	-0.0144	0.000889999999999999	-0.000493	0.00101742272433832	100
795_Teno_3684_2003	North-Norway	M0.90	-0.0101	-0.0075	-0.001516	9.99999999999974e-06	0.00151603298117158	100
796_Teno_3685_2003	North-Norway	M0.90	-0.0148	-0.0131	0.000519000000000001	0.002269	0.00232760005155525	100
797_Teno_3687_2003	North-Norway	M0.90	-0.0156	-0.0137	0.002607	0.000173	0.00261273381728794	100
798_Teno_3688_2003	North-Norway	M0.90	-0.0058	-0.0142	-0.000833	-0.001163	0.00143054465152263	100
799_Teno_3690_2003	North-Norway	M0.90	-0.0091	-0.0061	0.000645	0.000598	0.000879561822727659	100
7_100	Spain-Atl	M0.90	-4e-04	0.0425	-0.00065	-0.003436	0.00349694094888662	100
7_101	Spain-Atl	M0.90	-0.0021	0.0312	-0.001128	0.001011	0.00151476235759937	100
7_102	Spain-Atl	M0.90	-0.0017	0.0193	0.001922	-0.000225000000000001	0.0019351250605581	100
7_103	Spain-Atl	M0.90	-4e-04	0.0474	-0.000502	-0.002854	0.00289781296842981	100
7_104	Spain-Atl	M0.90	0.0063	0.0295	0.001024	-0.00235	0.00256341100879277	100
7_105	Spain-Atl	M0.90	0.0054	0.0502	0.000123	-0.002637	0.00263986704210648	100
7_106	Spain-Atl	M0.90	0.0037	0.0433	-5.90000000000002e-05	-0.002017	0.00201786273071287	100
7_107	Spain-Atl	M0.90	0.0034	0.0424	-0.000691	-0.000688	0.00097510255870857	100
7_108	Spain-Atl	M0.90	0.0044	0.0489	0.000575	-0.002692	0.00275272392367996	100
7_109	Spain-Atl	M0.90	0.0015	0.043	-0.000456	-0.001756	0.00181424143927979	100
7_110	Spain-Atl	M0.90	0.0015	0.0435	-0.000348	-0.001788	0.00182155098748292	100
7_111	Spain-Atl	M0.90	6e-04	0.0425	0.000539	-0.002302	0.00236425992648863	100
7_112	Spain-Atl	M0.90	0.0015	0.0464	0.000417	-0.003194	0.00322110617645553	100
7_96	Spain-Atl	M0.90	-0.0015	0.0389	5.20000000000001e-05	-0.002107	0.00210764157294356	100
7_97	Spain-Atl	M0.90	-0.0055	0.0482	0.001545	-0.000127	0.00155021095338667	100
7_98	Spain-Atl	M0.90	0.0014	0.0538	-0.001112	-0.002582	0.00281127515551217	100
7_99	Spain-Atl	M0.90	0.0013	0.0465	-0.000148	-0.000296	0.000330938060669969	100
800_Teno_3692_2003	North-Norway	M0.90	-0.0128	-0.0144	-0.000852999999999999	-0.000402	0.000942980911789841	100
801_Teno_3695_2003	North-Norway	M0.90	-0.0127	-0.0157	0.000757	0.001609	0.00177818165551217	100
802_Teno_3858_2003	North-Norway	M0.90	-0.0071	-0.0132	9.30000000000004e-05	0.000935	0.000939613750431527	100
803_Teno_3865_2003	North-Norway	M0.90	-0.0049	-0.0104	-0.000227	0.000513	0.00056097950051673	100
804_Teno_3866_2003	North-Norway	M0.90	-0.0093	-0.0197	-0.002329	-0.000426000000000001	0.00236763954182219	100
805_Teno_3870_2003	North-Norway	M0.90	-0.007	-0.0125	-0.001817	0.001492	0.0023510748605691	100
806_Teno_3892_2003	North-Norway	M0.90	-0.0115	-0.0028	0.001946	-0.000722	0.00207562038918488	100
807_Teno_3893_2003	North-Norway	M0.90	-0.0103	-0.0178	-0.000533	0.000786	0.000949676260627799	100
808_Teno_3999_2003	North-Norway	M0.90	-0.0128	-0.0108	0.000824000000000001	-0.000946999999999999	0.0012553027523271	100
809_Teno_4000_2003	North-Norway	M0.90	-0.0121	-0.0169	0.002572	0.001295	0.00287961959293237	100
810_Teno_4006_2003	North-Norway	M0.90	-5e-04	-0.0056	0.002011	-0.001091	0.00228788155287812	100
811_Teno_4088_2003	North-Norway	M0.90	-0.0131	-0.0172	0.001141	-0.001364	0.00177830734126585	100
812_Teno_4099_2003	North-Norway	M0.90	-0.0122	-0.0123	0.001842	0.001033	0.00211188375627069	100
813_Teno_4103_2003	North-Norway	M0.90	-0.0022	-0.0133	0.001279	0.000658999999999999	0.00143879185429999	100
814_Teno_4105_2003	North-Norway	M0.90	-0.0057	-0.0115	0.000666	-0.002535	0.00262102670722753	100
815_Teno_4112_2003	North-Norway	M0.90	-0.0102	-0.0144	-0.001718	0.000408	0.00176578254606846	100
816_Teno_4115_2003	North-Norway	M0.90	-0.0068	-0.0119	0.000956	0.000324000000000001	0.00100941170985877	100
817_Teno_4119_2003	North-Norway	M0.90	-0.0107	-0.0154	-0.001413	0.000706000000000001	0.00157955848261468	100
818_Teno_4123_2003	North-Norway	M0.90	-0.0013	-0.0093	0.00124	-0.001162	0.00169936576404257	100
819_Teno_4124_2003	North-Norway	M0.90	-0.0126	-0.0159	-0.000408	0.001894	0.00193744677346244	100
820_Teno_4139_2003	North-Norway	M0.90	-0.0073	-0.0099	-0.000658	0.001266	0.00142678659932031	100
821_Teno_4152_2003	North-Norway	M0.90	-0.0067	-0.0157	-0.000845	0.000132999999999999	0.000855402829081129	100
822_Teno_4154_2003	North-Norway	M0.90	-0.0179	-0.0116	-0.001717	0.001612	0.00235512908351114	100
823_Teno_4155_2003	North-Norway	M0.90	-0.0143	-0.0159	0.001722	0.001273	0.00214145114350059	100
824_Teno_4158_2003	North-Norway	M0.90	-0.0138	-0.0119	-6.60000000000002e-05	-0.000164999999999999	0.000177710438635438	100
8_113	Spain-Atl	M0.90	-0.001	0.0402	0.000262	-0.000654	0.000704528210932678	100
8_114	Spain-Atl	M0.90	-0.0036	0.0339	1.39999999999999e-05	-0.001616	0.00161606064242651	100
8_115	Spain-Atl	M0.90	0.0043	0.0409	-0.001003	-0.002568	0.00275692455464418	100
8_116	Spain-Atl	M0.90	-0.0011	0.0465	0.001123	-0.000324999999999999	0.00116908254627293	100
8_117	Spain-Atl	M0.90	1e-04	0.0484	-0.000952	-0.002246	0.00243943026135202	100
8_118	Spain-Atl	M0.90	0.0024	0.0479	0.000139	-0.005202	0.00520385674283987	100
8_119	Spain-Atl	M0.90	-0.0015	0.0456	-0.000371	-0.00217	0.00220148608898626	100
8_120	Spain-Atl	M0.90	-7e-04	0.0434	-0.000701	-0.002987	0.00306815416822558	100
8_121	Spain-Atl	M0.90	0.0036	0.04	-0.000398	-0.002827	0.00285487880653453	100
8_122	Spain-Atl	M0.90	0.0062	0.0399	-0.00177	-0.002361	0.0029508000610004	100
8_123	Spain-Atl	M0.90	8e-04	0.0472	-0.000719	-0.00187	0.00200346225320069	100
8_124	Spain-Atl	M0.90	0.0042	0.0388	-0.000365	-0.002672	0.00269681460245231	100
8_125	Spain-Atl	M0.90	-0.001	0.0445	0.000558	-0.00279	0.00284525288858477	100
8_126	Spain-Atl	M0.90	0.0019	0.0404	-0.001689	-0.00238	0.00291841069762294	100
8_127	Spain-Atl	M0.90	-0.0027	0.0423	0.000452	-0.004484	0.00450672386551472	100
8_128	Spain-Atl	M0.90	0.0076	0.0378	-0.000815	-0.001517	0.00172206678151575	100
8_129	Spain-Atl	M0.90	0.0017	0.0271	2.9e-05	-0.000125999999999999	0.000129294238077339	100
8_130	Spain-Atl	M0.90	-0.0061	0.0427	-0.000179999999999999	-0.000771000000000002	0.000791732909509263	100
8_131	Spain-Atl	M0.90	-0.0017	0.0403	0.000473	-0.001392	0.00147016767751165	100
8_132	Spain-Atl	M0.90	4e-04	0.0398	-0.000394	-0.001399	0.00145342251255442	100
8_133	Spain-Atl	M0.90	6e-04	0.0434	0.000271	-0.000962000000000001	0.000999442344510179	100
8_134	Spain-Atl	M0.90	0.0022	0.0492	0.000591	-0.00331	0.00336234754301217	100
8_135	Spain-Atl	M0.90	0.0014	0.0421	0.000272	-0.001557	0.00158057995685128	100
8_136	Spain-Atl	M0.90	-0.0037	0.0348	-0.001762	-0.001305	0.00219263973328953	100
8_137	Spain-Atl	M0.90	0.001	0.0453	-0.001199	-0.002998	0.00322887054556233	100
8_138	Spain-Atl	M0.90	0.0037	0.033	0.000381	-0.00185	0.00188882529631515	100
8_139	Spain-Atl	M0.90	0.0017	0.034	-5.89999999999999e-05	-0.001055	0.00105664847513258	100
8_140	Spain-Atl	M0.90	0.0029	0.0434	-0.000164	-0.000970000000000001	0.000983766232394669	100
8_141	Spain-Atl	M0.90	-0.0014	0.0469	0.000586	-0.000871999999999997	0.00105060934699821	100
8_142	Spain-Atl	M0.90	0.004	0.0489	0.001697	-0.000760999999999999	0.00185981988375219	100
8_143	Spain-Atl	M0.90	-3e-04	0.0444	0.00103	-0.001162	0.00155278588350101	100
8_144	Spain-Atl	M0.90	-0.0012	0.0425	0.000162	-0.002142	0.00214811731523211	100
8_145	Spain-Atl	M0.90	4e-04	0.0418	0.001672	-0.002288	0.00283381862510641	100
8_146	Spain-Atl	M0.90	0.0026	0.0363	-6.19999999999999e-05	-0.001279	0.0012805018547429	100
8_147	Spain-Atl	M0.90	2e-04	0.0399	-0.001375	-0.002082	0.00249506492901487	100
8_148	Spain-Atl	M0.90	-0.0057	0.0354	0.001104	0.000376999999999999	0.00116659547401831	100
8_149	Spain-Atl	M0.90	1e-04	0.0374	0.000717	-0.001327	0.00150831627982993	100
8_150	Spain-Atl	M0.90	6e-04	0.0485	0.000287	-0.001202	0.00123578841231013	100
8_151	Spain-Atl	M0.90	-0.002	0.0403	0.000205	0.001172	0.00118979367959323	100
8_152	Spain-Atl	M0.90	0.0021	0.043	-0.000468	-0.002996	0.00303233243560134	100
8_153	Spain-Atl	M0.90	-0.0015	0.037	-0.001037	-0.001296	0.00165981474869938	100
8_154	Spain-Atl	M0.90	0.0067	0.0382	-0.001105	-0.001498	0.00186145883650431	100
8_155	Spain-Atl	M0.90	-4e-04	0.0368	-0.001364	-0.001097	0.00175040138254059	100
8_156	Spain-Atl	M0.90	0.0019	0.0305	0.000852	-0.001164	0.00144249783362056	100
900_Tornio_5_1_1	Finland	M0.90	0.0589	-0.0123	-0.001426	0.001863	0.00234611274238899	100
901_Tornio_7_1_1	Finland	M0.90	0.0615	-0.0146	-0.001992	0.000296	0.00201387189264858	100
902_Tornio_8_1	Finland	M0.90	0.0595	-0.0088	-0.002156	0.000376	0.00218854106655552	100
903_Tornio_5_1_2	Finland	M0.90	0.0624	-0.0139	-0.003428	0.000727999999999999	0.00350444974282696	100
904_Tornio_7_1_2	Finland	M0.90	0.0611	-0.016	-0.00178	0.000488000000000001	0.00184568252958086	100
905_Tornio_8_2_1	Finland	M0.90	0.0596	-0.0204	-0.001194	0.001736	0.00210697223522286	100
906_Tornio_5_2	Finland	M0.90	0.0624	-0.0199	-0.003383	-0.000216999999999999	0.00338995250704195	100
907_Tornio_7_2	Finland	M0.90	0.06	-0.02	-0.001094	0.001632	0.00196475443758247	100
908_Tornio_8_2_2	Finland	M0.90	0.0579	-0.0177	-0.002292	0.002243	0.00320691643171443	100
909_Tornio_7_3	Finland	M0.90	0.0622	-0.0162	-0.003116	-0.000471000000000001	0.00315139603985281	100
910_Tornio_8_3	Finland	M0.90	0.0601	-0.011	-0.002711	0.000801999999999999	0.00282714078177936	100
911_Tornio_5_4	Finland	M0.90	0.0545	-0.0174	-0.002703	-0.000726000000000001	0.00279880063598678	100
912_Tornio_5_5	Finland	M0.90	0.0642	-0.0178	-0.00337299999999999	0.00252	0.00421040722496055	100
913_Tornio_7_5	Finland	M0.90	0.0572	-0.0178	-0.001946	-0.001089	0.00222998587439472	100
914_Tornio_5_6	Finland	M0.90	0.0648	-0.0176	-0.002106	-0.000491999999999999	0.00216270663752622	100
915_Tornio_5_7_3	Finland	M0.90	0.0582	-0.0138	-0.004295	0.001208	0.0044616464449797	100
916_Tornio_8_7	Finland	M0.90	0.0578	-0.0146	-0.003926	0.000717	0.00399093535402416	100
917_Tornio_5_7_1	Finland	M0.90	0.0566	-0.0113	-0.001612	0.000263999999999999	0.00163347482380354	100
918_Tornio_5_7_2	Finland	M0.90	0.0614	-0.0173	-0.002567	-0.000379	0.00259482754725628	100
919_Tornio_5_8	Finland	M0.90	0.0599	-0.0134	-0.002473	0.002026	0.00319693681514039	100
920_Tornio_8_8	Finland	M0.90	0.0584	-0.0132	-0.002829	-0.000206	0.00283649026086817	100
921_Tornio_5_9_1	Finland	M0.90	0.06	-0.014	-0.000290999999999998	0.000655	0.000716732865159676	100
922_Tornio_5_9_2	Finland	M0.90	0.0588	-0.0196	-0.003062	3.69999999999994e-05	0.00306222353854189	100
923_Tornio_5_10_1	Finland	M0.90	0.0589	-0.0211	7.49999999999986e-05	-0.000267999999999999	0.000278296604363042	100
924_Tornio_5_11	Finland	M0.90	0.0662	-0.0121	-0.00313499999999999	0.000391	0.00315928884402803	100
925_Tornio_8_11	Finland	M0.90	0.0573	-0.0115	-0.002307	-0.000466	0.00235359406015566	100
926_Tornio_5_13_2	Finland	M0.90	0.0584	-0.0132	-0.003977	3.39999999999999e-05	0.00397714533302468	100
927_Tornio_8_13_2	Finland	M0.90	0.0531	-0.0104	-0.004453	-0.000155000000000001	0.00445569680297033	100
928_Tornio_5_13_1	Finland	M0.90	0.0616	-0.0152	-0.00325	0.001814	0.0037219747446752	100
929_Tornio_8_13_1	Finland	M0.90	0.0592	-0.016	-0.001328	-1.99999999999981e-06	0.00132800150602324	100
930_Tornio_5_14	Finland	M0.90	0.0555	-0.0143	-0.002344	0.001042	0.00256517055963147	100
931_Tornio_8_15	Finland	M0.90	0.0535	-0.013	-0.000443999999999999	0.000212999999999999	0.000492447966794461	100
932_Tornio_5_16	Finland	M0.90	0.055	-0.0135	-0.001533	0.000441	0.00159517083724597	100
933_Tornio_8_16	Finland	M0.90	0.0601	-0.0161	-0.00453	0.000257	0.00453728431994293	100
934_Tornio_5_17	Finland	M0.90	0.0598	-0.0103	-0.00259	0.002086	0.00332558205431771	100
935_Tornio_8_18	Finland	M0.90	0.0601	-0.0136	-0.004184	-0.000902000000000001	0.00428012382998436	100
936_Tornio_5_18_1	Finland	M0.90	0.0567	-0.0114	-0.003022	0.001268	0.00327724091271911	100
937_Tornio_5_18_2	Finland	M0.90	0.0595	-0.0137	-0.002063	0.000357	0.0020936613861845	100
938_Tornio_8_19	Finland	M0.90	0.0578	-0.0114	-0.003814	0.000351	0.00383011710003754	100
939_Tornio_7_19	Finland	M0.90	0.0598	-0.0155	-0.002573	0.000682	0.0026618514233518	100
940_Tornio_8_23	Finland	M0.90	0.0646	-0.0166	-0.003654	0.001609	0.00399256772015204	100
941_Tornio_8_24	Finland	M0.90	0.0621	-0.0135	-0.004375	-0.001053	0.00449993711067166	100
942_Tornio_5_25	Finland	M0.90	0.0568	-0.0172	-0.00234	0.001115	0.00259206963641026	100
943_Tornio_8_27	Finland	M0.90	0.0587	-0.0176	-0.003056	0.001406	0.00336392211562634	100
944_Tornio_8_29	Finland	M0.90	0.0624	-0.014	-0.002281	0.000428	0.00232080697172341	100
945_Tornio_5_30	Finland	M0.90	0.0622	-0.0159	-0.002814	0.001782	0.00333078369156569	100
946_Tornio_8_30	Finland	M0.90	0.0588	-0.0095	-0.003464	0.00025	0.00347300964582594	100
947_Tornio_7_31	Finland	M0.90	0.0626	-0.0097	-0.002721	0.000883	0.0028606869804297	100
948_Tornio_5_32	Finland	M0.90	0.0562	-0.0076	-0.001989	-0.000198	0.00199883090830615	100
949_Tornio_8_35_2	Finland	M0.90	0.0582	-0.0184	-0.002007	0.000318	0.00203203666305507	100
950_Tornio_5_36	Finland	M0.90	0.0612	-0.0177	-0.003107	-0.000519999999999999	0.00315021411970678	100
951_Tornio_8_36_1	Finland	M0.90	0.0538	-0.0085	-0.001993	-0.001399	0.00243500513346482	100
952_Tornio_8_38	Finland	M0.90	0.0613	-0.0098	-0.00145	0.000265	0.00147401662134455	100
953_Tornio_5_40	Finland	M0.90	0.0513	-0.0075	-0.002698	0.000598	0.00276347751935853	100
954_Tornio_5_43_1	Finland	M0.90	0.063	-0.018	-0.002797	0.000600999999999999	0.00286084078550345	100
955_Tornio_5_43_2	Finland	M0.90	0.0606	-0.0122	-0.004061	0.000619000000000001	0.00410790481876102	100
956_Tornio_5_45	Finland	M0.90	0.0594	-0.0168	-0.00162	-0.000988000000000001	0.00189750994727301	100
957_Tornio_5_49	Finland	M0.90	0.0571	-0.0171	-0.000307999999999998	0.001344	0.00137884009225145	100
958_Tornio_8_49	Finland	M0.90	0.0567	-0.0153	-0.001402	0.000974	0.00170712624020604	100
959_Tornio_5_52	Finland	M0.90	0.062	-0.0095	-0.002917	0.000604	0.00297887646605226	100
960_Tornio_8_54	Finland	M0.90	0.0621	-0.0165	-0.002442	-0.000605999999999999	0.00251606836155141	100
961_Tornio_8_56	Finland	M0.90	0.0623	-0.0168	-0.003156	0.000774999999999999	0.00324976322214404	100
962_Tornio_5_60	Finland	M0.90	0.0516	-0.0126	-0.00303	0.00036	0.00305131119356909	100
963_Tornio_7_60	Finland	M0.90	0.0585	-0.0144	-0.001515	0.000793	0.00170999239764392	100
964_Tornio_7_61	Finland	M0.90	0.0602	-0.0167	-0.002484	0.00103	0.00268908088387092	100
965_Tornio_5_62	Finland	M0.90	0.0592	-0.0122	-0.003143	3.60000000000008e-05	0.00314320616568497	100
966_Tornio_7_62	Finland	M0.90	0.0553	-0.0124	-0.002328	-0.001307	0.00266980017978874	100
967_Tornio_8_62	Finland	M0.90	0.0584	-0.0228	-0.001616	0.000347000000000001	0.00165283544250479	100
968_Tornio_5_64	Finland	M0.90	0.0625	-0.0158	-0.002337	0.000670000000000002	0.0024311456147257	100
969_Tornio_8_64	Finland	M0.90	0.0574	-0.0143	-0.002411	-0.001203	0.00269446284071612	100
970_Tornio_7_65	Finland	M0.90	0.0489	-0.0165	-0.000376999999999999	0.000556000000000001	0.000671762606878352	100
971_Tornio_5_66	Finland	M0.90	0.0631	-0.0148	-0.003687	-0.001628	0.00403042838914178	100
972_Tornio_8_67_1	Finland	M0.90	0.0607	-0.0144	-0.002456	-0.001738	0.00300875057125046	100
973_Tornio_8_67_2	Finland	M0.90	0.0545	-0.0086	-0.001993	-0.00019	0.00200203621345869	100
974_Tornio_5_69	Finland	M0.90	0.059	-0.0147	-0.001901	0.000944	0.00212248368662753	100
975_Tornio_5_70	Finland	M0.90	0.0574	-0.0126	-0.001634	0.000111	0.00163776585628105	100
976_Tornio_8_72	Finland	M0.90	0.0593	-0.013	-0.002428	0.000531999999999999	0.00248560012874155	100
977_Tornio_5_76	Finland	M0.90	0.0575	-0.0118	-0.000833000000000003	0.001709	0.00190120225120843	100
978_Tornio_8_79	Finland	M0.90	0.0591	-0.0138	-0.001483	-0.000561	0.00158556299149545	100
979_Tornio_7_87	Finland	M0.90	0.0633	-0.0113	-0.00215499999999999	0.000688999999999999	0.00226246458535818	100
980_Tornio_7_93	Finland	M0.90	0.0566	-0.015	-0.002567	0.002094	0.00331275187721628	100
981_Tornio_7_94	Finland	M0.90	0.0605	-0.011	-0.002515	-0.000141000000000001	0.00251894938416793	100
982_Tornio_7_95	Finland	M0.90	0.0608	-0.0122	-0.003061	8.90000000000008e-05	0.00306229358488046	100
983_Tornio_7_103	Finland	M0.90	0.0634	-0.0131	-0.002409	0.000629000000000001	0.00248976344257843	100
984_Tornio_8_106	Finland	M0.90	0.0632	-0.014	-0.00215300000000001	0.000182	0.00216067882851664	100
985_Tornio_8_107	Finland	M0.90	0.0619	-0.0127	-0.00328	0.001716	0.00370176390387069	100
986_Tornio_8_108_1	Finland	M0.90	0.052	-0.0111	-0.002144	-2.69999999999996e-05	0.00214417000258841	100
987_Tornio_7_109	Finland	M0.90	0.0581	-0.013	-0.001645	-0.000760000000000001	0.00181207753697241	100
988_Tornio_8_109	Finland	M0.90	0.0596	-0.0167	-0.001216	-0.000119	0.00122180890486197	100
989_Tornio_7_110	Finland	M0.90	0.0584	-0.0184	-0.002789	-0.000242	0.00279947941589146	100
990_Tornio_5_113	Finland	M0.90	0.0576	-0.0138	-0.003232	8.39999999999999e-05	0.0032330913998834	100
991_Tornio_7_114	Finland	M0.90	0.0604	-0.0189	-0.001891	-0.00053	0.00196386888564385	100
992_Tornio_7_118	Finland	M0.90	0.057	-0.0124	-0.002451	0.000988	0.00264263977870613	100
993_Tornio_8_118	Finland	M0.90	0.059	-0.0087	-0.001624	0.000370999999999999	0.00166583822743986	100
994_Tornio_7_121	Finland	M0.90	0.0578	-0.0138	-0.002417	0.002696	0.00362081551587484	100
995_Tornio_7_125	Finland	M0.90	0.0599	-0.0119	-0.00216	0.000890000000000001	0.00233617208270281	100
996_Tornio_7_126	Finland	M0.90	0.054	-0.0087	-0.002952	-0.000641000000000001	0.00302079211466132	100
997_Tornio_7_130	Finland	M0.90	0.0625	-0.0154	-0.003788	0.000167000000000001	0.00379167944320192	100
998_Tornio_7_132	Finland	M0.90	0.0656	-0.0121	-0.00335500000000001	0.000931	0.00348177914290956	100
999_Tornio_7_133	Finland	M0.90	0.0561	-0.0155	-0.00226	0.00042	0.00229869528211113	100
9_157	Spain-Atl	M0.90	7e-04	0.0331	0.001344	0.001158	0.0017740631330367	100
9_158	Spain-Atl	M0.90	9e-04	0.0409	0.000282	-0.000965999999999999	0.00100632002861913	100
9_159	Spain-Atl	M0.90	0.0015	0.0373	-0.001535	-0.000565	0.0016356802866086	100
9_160	Spain-Atl	M0.90	0.0029	0.0419	-0.001337	-0.002411	0.00275689861982627	100
9_161	Spain-Atl	M0.90	-0.0011	0.0444	-0.001174	-0.000165000000000002	0.0011855382743716	100
9_162	Spain-Atl	M0.90	-2e-04	0.0432	0.000226	-0.00279	0.00279913843887722	100
9_163	Spain-Atl	M0.90	-0.0018	0.0408	-0.001249	-0.001089	0.00165708237574359	100
9_164	Spain-Atl	M0.90	-2e-04	0.0422	0.000767	-5.30000000000016e-05	0.000768828979682738	100
9_165	Spain-Atl	M0.90	0.0024	0.0359	0.000101	-0.001763	0.00176589071009505	100
9_166	Spain-Atl	M0.90	0.0041	0.0439	0.001774	-0.002667	0.0032031180121875	100
9_167	Spain-Atl	M0.90	-0.0043	0.0429	-0.000225	-0.001772	0.00178622758908265	100
9_168	Spain-Atl	M0.90	-0.0026	0.0353	0.000854	-0.001716	0.00191676080928216	100
9_169	Spain-Atl	M0.90	-0.0036	0.0371	0.00038	-0.000956000000000001	0.00102875458686705	100
9_170	Spain-Atl	M0.90	-0.0033	0.0437	0.000819	-0.000617000000000003	0.0010254023600519	100
9_171	Spain-Atl	M0.90	-0.0013	0.0433	-0.000486	-0.001843	0.00190600236096391	100
SRR12588279	South-Norway	M0.90	0.0029	0.0014	-0.001475	-0.000502999999999999	0.00155840752051573	100
SRR12588280	South-Norway	M0.90	0.0153	-0.005	0.001066	0.001347	0.00171777908940585	100
SRR12588286	South-Norway	M0.90	-0.0052	0.0053	0.000245	-0.001356	0.00137795536937885	100
SRR12588290	South-Norway	M0.90	-0.0047	-0.0013	-0.001701	-0.000603	0.00180471881466338	100
SRR12588291	South-Norway	M0.90	-3e-04	-0.0013	0.000324	-0.000691	0.000763188705367159	100
SRR2170984	South-Norway	M0.90	-0.0052	-0.0027	-0.000325	-0.000912	0.000968178186079401	100
SRR2174328	South-Norway	M0.90	0.0044	-0.0013	-0.001904	0.000368	0.00193923696334409	100
SRR2174330	South-Norway	M0.90	0.0072	0.0024	0.000308	0.002899	0.00291531559183564	100
SRR2174331	South-Norway	M0.90	7e-04	-0.0041	-2.39999999999998e-05	-0.001203	0.0012032393776801	100
SRR2174333	South-Norway	M0.90	-0.0027	-0.001	0.000635	-0.000544	0.000836158477801906	100
SRR2174334	South-Norway	M0.90	0.0021	0.0083	8.90000000000001e-05	-0.000522	0.000529532812958744	100
SRR2174358	South-Norway	M0.90	-0.0039	-0.0018	-0.000995	-0.000852	0.00130993473119847	100
SRR2174359	South-Norway	M0.90	0.0033	-0.0054	0.001357	0.00013	0.00136321274935353	100
SRR2174361	South-Norway	M0.90	1e-04	6e-04	-0.000666	0.002418	0.00250804306183128	100
SRR2174362	South-Norway	M0.90	0.005	-0.0046	0.000678	0.000496	0.000840059521700694	100
SRR2174364	South-Norway	M0.90	-0.008	0.0053	-0.000179	-0.001485	0.00149574931054639	100
SRR2174366	South-Norway	M0.90	-0.0046	8e-04	-0.000455	0.000551	0.000714580996108909	100
SRR2174368	South-Norway	M0.90	0.0017	0.0018	0.000313	-0.001203	0.00124305188950422	100
SRR2174369	South-Norway	M0.90	0.0069	-0.0072	0.001163	0.001932	0.00225503725024666	100
SRR2174450	South-Norway	M0.90	9e-04	-9e-04	0.001934	0.00014	0.00193906059729963	100
SRR2174451	South-Norway	M0.90	0.002	1e-04	-0.000696	0.000857	0.00110402219180594	100
SRR3669078	South-Norway	M0.90	-0.003	-0.0121	0.000375	-0.001348	0.00139918869349348	100
SRR3669756	South-Norway	M0.90	-0.0066	-0.0057	-0.001813	0.003485	0.00392838312795481	100
SRR5585853	UK-Scotland	M0.90	-0.0024	0.0055	-0.002433	-0.000775	0.00255345138978599	100
SRR5585854	UK-Scotland	M0.90	0.0041	0.0063	4.49999999999998e-05	0.000306	0.000309291124993912	100
SRR5585855	UK-Scotland	M0.90	-0.0065	0.0055	-0.000504	-0.000306	0.000589620216749731	100
SRR5585857	UK-Scotland	M0.90	-0.0019	-0.0018	-0.000921	0.001563	0.00181416923135633	100
SRR5585858	UK-Scotland	M0.90	0.0016	-8e-04	0.001116	0.00085	0.00140283855093877	100
SRR5585860	UK-Scotland	M0.90	3e-04	-0.0016	0.001582	0.00114	0.00194995487127267	100
SRR5585861	UK-Scotland	M0.90	0.0041	0.0028	0.000805	-0.000545	0.000972136821646007	100
